-1,-1,-1,-1,-1,-1,-1,-1,-1,-1,-1,-1,-1,-1,-1,87,54,55,0,67,1,103,150,161,185,224,213,276,326,329,359,451,460,481,553,708,608,667,725,789,913,927,890,1043,1116,1135,1216,1249,;-1,-1,-1,-1,-1,-1,-1,-1,-1,-1,-1,-1,-1,-1,-1,56,28,29,2,44,3,113,136,171,198,258,248,299,343,386,416,432,490,537,557,867,617,658,718,780,857,930,874,1005,1088,1159,1223,;-1,-1,-1,-1,-1,-1,-1,-1,-1,-1,-1,-1,-1,-1,-1,57,30,31,68,84,97,101,157,175,154,229,243,288,303,331,375,439,463,521,534,697,630,670,741,807,859,945,896,1033,1069,1174,1208,;-1,-1,-1,-1,-1,-1,-1,-1,-1,-1,-1,-1,-1,-1,-1,88,32,92,4,85,45,118,142,176,191,222,247,308,344,385,358,444,465,509,504,569,612,642,730,801,855,970,992,1007,1090,1145,1258,1247,;-1,-1,-1,-1,-1,-1,-1,-1,-1,-1,-1,-1,-1,-1,-1,76,33,34,69,5,6,115,151,126,200,259,268,317,333,366,411,435,584,540,556,610,620,645,745,783,814,923,887,1040,1118,1157,1255,;-1,-1,-1,-1,-1,-1,-1,-1,-1,-1,-1,-1,-1,-1,-1,58,35,77,70,98,7,121,131,158,179,238,204,272,318,327,376,445,636,497,531,582,618,648,734,767,845,958,961,1015,1084,1137,1205,1266,;-1,-1,-1,-1,-1,-1,-1,-1,-1,-1,-1,-1,-1,-1,-1,59,78,60,8,46,86,122,134,163,184,199,211,290,283,390,364,428,698,493,573,716,953,650,689,768,837,947,868,1016,1080,1151,1215,1260,;-1,-1,-1,-1,-1,-1,-1,-1,-1,-1,-1,-1,-1,-1,-1,61,79,62,9,10,11,112,149,178,221,197,270,321,324,380,383,455,479,474,578,640,594,651,696,795,828,959,877,1011,1082,1173,1234,1213,;-1,-1,-1,-1,-1,-1,-1,-1,-1,-1,-1,-1,-1,-1,-1,80,36,93,12,47,13,107,139,169,215,236,241,296,334,367,413,426,476,498,529,589,611,663,692,779,830,939,893,1035,1107,1132,1242,;-1,-1,-1,-1,-1,-1,-1,-1,-1,-1,-1,-1,-1,-1,-1,37,89,94,14,15,16,105,140,123,192,260,250,313,336,398,356,459,477,517,559,720,631,675,683,770,854,861,898,1003,1097,1150,1167,;-1,-1,-1,-1,-1,-1,-1,-1,-1,-1,-1,-1,-1,-1,-1,95,96,63,48,17,71,99,130,193,188,218,232,295,338,404,408,369,491,486,515,587,758,666,711,806,843,942,888,1038,1092,1139,1251,;-1,-1,-1,-1,-1,-1,-1,-1,-1,-1,-1,-1,-1,-1,-1,64,38,39,90,18,19,109,152,174,207,230,234,291,306,368,381,372,458,510,543,564,639,657,685,774,822,879,980,1030,1111,1178,1203,1252,;-1,-1,-1,-1,-1,-1,-1,-1,-1,-1,-1,-1,-1,-1,-1,81,65,40,49,20,72,116,143,128,183,194,252,310,311,377,409,419,467,501,524,644,714,703,728,785,840,952,884,1022,1104,1172,1219,1211,;-1,-1,-1,-1,-1,-1,-1,-1,-1,-1,-1,-1,-1,-1,-1,82,83,41,21,50,22,111,119,159,189,240,202,278,279,394,414,447,456,488,581,709,634,681,746,760,824,865,910,1077,1099,-1,1277,;-1,-1,-1,-1,-1,-1,-1,-1,-1,-1,-1,-1,-1,-1,-1,42,43,66,73,23,74,114,144,147,220,226,253,301,281,393,354,442,500,506,539,616,621,665,690,796,826,871,994,1054,1086,1165,1227,1265,;-1,;-1,;-1,;-1,-1,-1,-1,-1,-1,-1,-1,-1,-1,-1,-1,-1,-1,-1,51,24,25,-1,166,146,125,156,172,186,231,264,274,340,397,425,433,472,533,-1,-1,623,668,756,786,915,982,1025,1052,1110,1147,1233,1225,;-1,-1,-1,-1,-1,-1,-1,-1,-1,-1,-1,-1,-1,-1,-1,91,26,52,956,-1,164,165,167,168,227,256,269,298,342,349,-1,-1,-1,495,-1,588,-1,674,737,811,1059,986,967,1042,1075,1176,1221,;-1,-1,-1,-1,-1,-1,-1,-1,-1,-1,-1,-1,-1,-1,-1,27,75,53,755,320,-1,117,145,1286,1287,548,-1,977,-1,-1,-1,-1,-1,585,-1,-1,-1,-1,-1,-1,937,979,991,1053,1128,1189,1229,;-1,-1,-1,-1,-1,-1,-1,-1,-1,-1,-1,-1,-1,-1,-1,110,100,102,106,104,108,-1,162,206,209,254,249,309,345,351,412,462,-1,526,513,-1,-1,715,-1,793,-1,929,901,1057,1127,1191,1155,;-1,-1,-1,-1,-1,-1,-1,-1,-1,-1,-1,-1,-1,-1,-1,120,135,133,138,132,141,137,-1,196,182,245,263,293,339,402,391,449,-1,483,560,591,622,672,724,732,849,932,891,1024,1063,1190,1276,;-1,-1,-1,-1,-1,-1,-1,-1,-1,-1,-1,-1,-1,-1,-1,124,127,153,160,148,129,170,173,-1,208,255,251,300,346,406,420,-1,470,519,566,607,614,659,788,-1,-1,-1,-1,-1,-1,1218,1262,;-1,-1,-1,-1,-1,-1,-1,-1,-1,-1,-1,-1,-1,-1,-1,180,190,187,155,181,177,216,217,201,-1,246,210,323,347,396,422,-1,-1,532,527,601,602,677,751,805,851,863,880,1027,1073,1143,1237,;-1,-1,-1,-1,-1,-1,-1,-1,-1,-1,-1,-1,-1,-1,-1,228,239,219,195,225,223,237,262,257,261,-1,265,302,284,403,423,440,-1,550,-1,-1,647,699,766,791,853,974,985,1062,1114,1184,;-1,-1,-1,-1,-1,-1,-1,-1,-1,-1,-1,-1,-1,-1,-1,233,203,205,212,235,214,242,266,271,244,267,-1,286,350,407,362,469,-1,511,633,-1,-1,705,765,-1,860,926,1002,1051,1130,-1,1280,;-1,-1,-1,-1,-1,-1,-1,-1,-1,-1,-1,-1,-1,-1,-1,289,273,292,287,294,277,297,316,315,314,275,312,-1,319,405,438,-1,-1,508,554,-1,628,687,735,798,916,943,997,1066,-1,1187,;-1,-1,-1,-1,-1,-1,-1,-1,-1,-1,-1,-1,-1,-1,-1,304,280,285,282,322,307,337,392,325,335,341,348,305,-1,361,430,-1,480,552,545,-1,-1,717,753,813,842,989,995,1060,1098,1185,1283,;-1,-1,-1,-1,-1,-1,-1,-1,-1,-1,-1,-1,-1,-1,-1,328,371,374,387,353,352,400,382,389,399,395,401,332,330,-1,415,454,-1,551,562,-1,596,673,743,816,924,935,1026,1056,-1,1161,;-1,-1,-1,-1,-1,-1,-1,-1,-1,-1,-1,-1,-1,-1,-1,355,378,363,388,365,379,417,410,384,357,418,424,421,437,360,-1,453,-1,542,576,598,625,701,-1,799,834,966,999,1036,1122,1200,1271,;-1,-1,-1,-1,-1,-1,-1,-1,-1,-1,-1,-1,-1,-1,-1,370,436,441,431,446,373,605,-1,427,448,434,452,450,-1,429,443,-1,536,523,575,-1,-1,662,763,809,919,948,903,-1,-1,1183,1263,;-1,-1,-1,-1,-1,-1,-1,-1,-1,-1,-1,-1,-1,-1,-1,464,466,492,549,471,457,721,-1,713,461,473,-1,-1,478,-1,1103,468,-1,496,580,586,-1,653,710,744,866,946,969,1031,1217,1181,1281,;-1,-1,-1,-1,-1,-1,-1,-1,-1,-1,-1,-1,-1,-1,-1,484,489,487,507,482,503,512,538,499,518,475,522,485,547,494,541,502,520,-1,555,-1,-1,637,739,-1,-1,-1,-1,-1,1134,1182,1241,;-1,-1,-1,-1,-1,-1,-1,-1,-1,-1,-1,-1,-1,-1,-1,516,561,546,574,544,514,571,567,530,505,558,568,528,563,577,579,525,572,535,-1,-1,-1,707,722,787,934,950,900,1095,1124,1141,1275,;-1,-1,-1,-1,-1,-1,-1,-1,-1,-1,-1,-1,-1,-1,-1,570,583,593,565,606,600,590,-1,599,748,678,-1,592,-1,-1,1171,-1,-1,712,-1,-1,641,660,769,782,836,936,897,1020,1105,1197,1268,;-1,-1,-1,-1,-1,-1,-1,-1,-1,-1,-1,-1,-1,-1,-1,627,619,597,624,615,609,649,-1,626,613,604,-1,603,632,-1,595,-1,-1,629,635,-1,-1,727,764,772,957,938,981,1032,1121,1140,1194,;-1,-1,-1,-1,-1,-1,-1,-1,-1,-1,-1,-1,-1,-1,-1,656,695,654,643,638,671,661,706,702,664,669,655,646,676,694,652,704,680,688,682,679,700,-1,-1,776,833,975,882,1045,1106,1198,1285,;-1,-1,-1,-1,-1,-1,-1,-1,-1,-1,-1,-1,-1,-1,-1,686,742,691,719,740,723,972,729,693,684,757,738,752,750,784,759,749,762,736,747,754,731,726,-1,817,847,962,905,-1,1108,1179,1236,;-1,-1,-1,-1,-1,-1,-1,-1,-1,-1,-1,-1,-1,-1,-1,733,761,792,804,775,773,821,810,800,771,781,818,777,797,-1,819,802,808,794,812,778,820,790,803,-1,912,964,1000,1018,1094,1180,1228,;-1,-1,-1,-1,-1,-1,-1,-1,-1,-1,-1,-1,-1,-1,-1,838,815,827,832,823,839,925,848,835,831,844,858,850,920,-1,829,841,922,917,825,846,856,914,921,852,-1,983,906,1058,-1,1177,1272,;-1,-1,-1,-1,-1,-1,-1,-1,-1,-1,-1,-1,-1,-1,-1,941,864,872,918,928,933,944,955,949,965,960,954,973,862,951,987,931,971,886,876,940,988,963,978,984,990,-1,873,1046,-1,1199,1274,;-1,-1,-1,-1,-1,-1,-1,-1,-1,-1,-1,-1,-1,-1,-1,889,869,907,875,870,892,904,909,894,883,968,976,881,899,895,878,885,1001,902,911,1014,1010,908,1009,993,996,998,-1,1047,1101,1239,1201,;-1,-1,-1,-1,-1,-1,-1,-1,-1,-1,-1,-1,-1,-1,-1,1008,1055,1039,1017,1029,1023,1021,1050,1037,1012,1019,1044,1028,1004,1079,1013,1034,1041,1049,1078,1006,-1,1068,-1,1065,1048,1067,1061,-1,1071,1163,1253,;-1,-1,-1,-1,-1,-1,-1,-1,-1,-1,-1,-1,-1,-1,-1,1076,1087,1112,1074,1070,1064,1093,1096,1129,1081,1120,1117,1083,1131,1109,1119,1089,1125,1123,1100,1115,1091,-1,1126,1085,1102,1170,1072,1113,-1,-1,1264,;-1,-1,-1,-1,-1,-1,-1,-1,-1,-1,-1,-1,-1,-1,-1,1138,1153,1162,1154,1175,1142,1207,1192,1133,1146,1148,1196,1144,1166,1152,1164,1169,-1,1188,-1,1149,-1,1136,1160,-1,1240,1158,1186,-1,1193,-1,1231,;-1,-1,-1,-1,-1,-1,-1,-1,-1,-1,-1,-1,-1,-1,-1,1204,1238,1273,1210,1222,1220,1232,1224,1195,1246,1244,1256,1243,1168,1257,1254,1279,1209,1230,1278,1282,1259,-1,-1,1206,1202,-1,1284,1235,1156,1269,;-1,-1,-1,-1,-1,-1,-1,-1,-1,-1,-1,-1,-1,-1,-1,1226,1270,-1,1261,1250,1245,-1,1212,-1,-1,-1,1267,-1,-1,-1,-1,-1,-1,-1,-1,-1,1248,-1,-1,-1,-1,-1,-1,1214,;
1287
200
3
15
14
3
3
0.4
0
20
1391
344.319
8.56137
196
2244.6
4359
0,0,1,0,1,0,0,0,2,0,0,0,3,0,0,0,4,0,0,0,5,0,0,0,6,0,2,2,7,0,2,2,8,0,0,0,9,0,0,0,10,0,0,0,11,0,0,0,12,0,0,0,13,0,2,2,14,0,2,2,15,3,-31.047,0,16,3,-22.7671,3.62684e-41,17,3,-0.52541,0.104431,18,1,4.30807,1,19,1,-0.250082,0.264475,20,2,32.3699,1,21,1,0,0.5,22,1,0,0.5,23,1,0,0.5,24,1,0,0.5,
1,0,20,-3.79713e-05,1,0,3,1,20,-10.5415,1,0,68,2,18,-0.30758,1,0,45,3,20,-0.0226177,1,0,69,4,18,-0.0022633,1,0,7,5,20,-9.34729,1,0,12,8,18,0.0651064,1,0,47,8,19,0.17056,1,0,13,8,20,-16.995,0,0,48,10,18,-3.12513e-05,1,0,21,13,18,2.15403,1,0,50,13,19,-0.125041,1,0,26,19,16,-14.1399,1,0,75,20,16,-0.0263785,1,0,28,1,16,-0.00912587,1,0,88,3,15,-13.9884,1,0,92,3,17,0.00045114,1,0,76,4,15,9.60987,1,0,34,4,17,0.00320884,1,0,77,5,17,-9.8168,1,0,59,6,15,-0.0929267,1,0,60,6,17,7.41415,1,0,61,7,15,-18.3297,1,0,36,8,16,1.31653,0,0,93,8,17,-1.05128,0,0,37,9,15,0.0367569,0,0,64,11,15,6.4471e-06,1,0,39,11,17,0.331535,1,0,81,12,15,-0.00184791,1,0,40,12,17,0.0700508,1,0,83,13,16,-14.4802,1,0,41,13,17,-5.99089,1,0,42,14,15,-0.00309338,1,0,107,8,21,-2.32444,1,0,102,21,17,-6.74386,1,0,139,8,22,10.2218,1,0,141,22,20,-0.00243145,1,0,4,3,18,0.137811,1,0,85,3,19,-6.0567,1,0,169,8,23,-1.12091,1,0,127,23,16,19.9185,1,0,30,2,16,9.69031,1,0,33,4,16,-2.81101,1,0,74,14,20,16.1856,1,0,192,9,24,0.0367569,1,0,180,24,15,11.6091,1,0,
0.4
4331
0,0,1,0,1,0,5,5,2,0,5,5,3,0,0,0,4,0,0,0,5,0,0,0,6,0,2,2,7,0,2,2,8,0,5,5,9,0,5,5,10,0,0,0,11,0,0,0,12,0,0,0,13,0,2,2,14,0,2,2,15,3,13.9164,1,16,3,-46.005,0,17,3,4.53859,1,18,1,0.741353,0.954005,19,1,0.879275,0.973305,20,2,9.89877,1,21,1,12.8762,1,22,1,-12.2192,1.97453e-22,23,1,-1.42555,0.00292799,24,1,0.10697,0.607665,
1,0,20,-1.24744e-05,1,0,3,1,20,3.1836,1,0,68,2,18,-0.231402,1,0,45,3,20,0.690901,1,0,69,4,18,-0.00036386,1,0,7,5,20,10.7304,1,0,12,8,18,0.037109,1,0,47,8,19,0.163414,1,0,13,8,20,12.2721,0,0,48,10,18,1.71501e-05,1,0,21,13,18,0.856409,1,0,50,13,19,0.0311031,1,0,26,19,16,14.9811,1,0,75,20,16,0.0117211,1,0,28,1,16,-0.00619312,1,0,88,3,15,-8.22401,1,0,92,3,17,-0.000394298,1,0,76,4,15,8.7432,1,0,34,4,17,-0.00286418,1,0,77,5,17,-4.32498,1,0,59,6,15,0.0902532,1,0,60,6,17,-5.38134,1,0,61,7,15,0.447497,1,0,36,8,16,8.81228,0,0,93,8,17,-1.12161,0,0,37,9,15,-0.0267906,0,0,64,11,15,-4.73388e-06,1,0,39,11,17,-0.326956,1,0,81,12,15,-0.00158735,1,0,40,12,17,0.0358312,1,0,83,13,16,-15.7513,1,0,41,13,17,6.32166,1,0,42,14,15,3.08888,1,0,107,8,21,2.57523,1,0,102,21,17,2.65796,1,0,139,8,22,-2.44384,1,0,141,22,20,0.00042482,1,0,4,3,18,-0.0780861,1,0,85,3,19,-2.8308,1,0,169,8,23,-0.28511,1,0,127,23,16,22.7484,1,0,30,2,16,-5.82619,1,0,33,4,16,0.708663,1,0,74,14,20,-3.00961,1,0,192,9,24,0.0213941,1,0,180,24,15,10.9651,1,0,
2232.6
4359
0,0,1,0,1,0,0,0,2,0,0,0,3,0,0,0,4,0,0,0,5,0,0,0,6,0,1,1,7,0,1,1,8,0,0,0,9,0,0,0,10,0,0,0,11,0,0,0,12,0,0,0,13,0,1,1,14,0,1,1,15,3,-18.4258,1.86624e-33,16,3,-17.3353,1.61413e-31,17,3,-1.94867,0.000345538,18,1,2.15403,0.999851,19,1,-0.125041,0.374861,20,2,16.1843,1,21,1,0,0.5,22,1,0,0.5,23,1,0,0.5,24,1,0,0.5,
1,0,20,-3.79713e-05,1,0,3,1,20,-10.5415,1,0,68,2,18,-0.30758,1,0,45,3,20,-0.0226177,1,0,69,4,18,-0.0022633,1,0,7,5,20,-9.34729,1,0,12,8,18,0.0651064,1,0,47,8,19,0.17056,1,0,13,8,20,-16.995,0,0,48,10,18,-3.12513e-05,1,0,21,13,18,2.15403,1,0,50,13,19,-0.125041,1,0,26,19,16,-14.1399,1,0,75,20,16,-0.0263785,1,0,28,1,16,-0.00912587,1,0,88,3,15,-13.9884,1,0,92,3,17,0.00045114,1,0,76,4,15,9.60987,1,0,34,4,17,0.00320884,1,0,77,5,17,-9.8168,1,0,59,6,15,-0.0929267,1,0,60,6,17,7.41415,1,0,61,7,15,-18.3297,1,0,36,8,16,1.31653,0,0,93,8,17,-1.05128,0,0,37,9,15,0.0367569,1,0,64,11,15,6.4471e-06,1,0,39,11,17,0.331535,1,0,81,12,15,-0.00184791,1,0,40,12,17,0.0700508,1,0,83,13,16,-14.4802,1,0,41,13,17,-5.99089,1,0,42,14,15,-0.00309338,1,0,107,8,21,-2.32444,1,0,102,21,17,-6.74386,1,0,139,8,22,10.2218,1,0,141,22,20,-0.00243145,1,0,4,3,18,0.137811,1,0,85,3,19,-6.0567,1,0,169,8,23,-1.12091,1,0,127,23,16,19.9185,1,0,30,2,16,9.69031,1,0,33,4,16,-2.81101,0,0,74,14,20,16.1856,1,0,200,4,24,-2.81101,1,0,190,24,16,-14.9749,1,0,
1521.8
4359
0,0,1,0,1,0,0,0,2,0,0,0,3,0,0,0,4,0,0,0,5,0,0,0,6,0,2,2,7,0,2,2,8,0,0,0,9,0,0,0,10,0,0,0,11,0,0,0,12,0,0,0,13,0,2,2,14,0,2,2,15,3,-36.8515,0,16,3,-30.2546,0,17,3,-0.52541,0.104431,18,1,4.30807,1,19,1,-0.250082,0.264475,20,2,32.3699,1,21,1,0,0.5,22,1,0,0.5,23,1,0,0.5,24,1,0,0.5,
1,0,20,-3.79713e-05,1,0,3,1,20,-10.5415,1,0,68,2,18,-0.30758,1,0,45,3,20,-0.0226177,1,0,69,4,18,-0.0022633,1,0,7,5,20,-9.34729,1,0,12,8,18,0.0651064,1,0,47,8,19,0.17056,1,0,13,8,20,-16.995,0,0,48,10,18,-3.12513e-05,1,0,21,13,18,2.15403,1,0,50,13,19,-0.125041,1,0,26,19,16,-14.1399,1,0,75,20,16,-0.0263785,1,0,28,1,16,-0.00912587,1,0,88,3,15,-13.9884,1,0,92,3,17,0.00045114,1,0,76,4,15,9.60987,1,0,34,4,17,0.00320884,1,0,77,5,17,-9.8168,1,0,59,6,15,-0.0929267,1,0,60,6,17,7.41415,1,0,61,7,15,-18.3297,1,0,36,8,16,1.31653,0,0,93,8,17,-1.05128,0,0,37,9,15,0.0367569,1,0,64,11,15,6.4471e-06,1,0,39,11,17,0.331535,1,0,81,12,15,-0.00184791,1,0,40,12,17,0.0700508,1,0,83,13,16,-14.4802,1,0,41,13,17,-5.99089,1,0,42,14,15,-0.00309338,1,0,107,8,21,-2.32444,1,0,102,21,17,-6.74386,1,0,139,8,22,10.2218,1,0,141,22,20,-0.00243145,1,0,4,3,18,0.137811,1,0,85,3,19,-6.0567,1,0,169,8,23,-1.12091,1,0,127,23,16,19.9185,1,0,30,2,16,9.69031,1,0,33,4,16,-2.81101,0,0,74,14,20,16.1856,1,0,200,4,24,-2.81101,1,0,190,24,16,-14.9749,1,0,
0.7
4331
0,0,1,0,1,0,6,6,2,0,6,6,3,0,0,0,4,0,0,0,5,0,0,0,6,0,1,1,7,0,1,1,8,0,6,6,9,0,6,6,10,0,0,0,11,0,0,0,12,0,0,0,13,0,1,1,14,0,1,1,15,3,6.80263,1,16,3,48.4939,1,17,3,-12.4619,7.31621e-23,18,1,-0.164841,0.337557,19,1,46.3175,1,20,2,-57.7433,0,21,1,-16.39,7.71066e-30,22,1,46.8613,1,23,1,-5.78617,5.27502e-11,24,1,0,0.5,
1,0,20,2.03535e-05,1,0,3,1,20,-11.9506,1,0,68,2,18,-0.313058,1,0,45,3,20,-0.0037649,1,0,69,4,18,2.51295e-05,1,0,7,5,20,-8.61828,1,0,12,8,18,-0.00654324,1,0,47,8,19,7.70487,1,0,13,8,20,0.953819,0,0,48,10,18,-2.9412e-06,1,0,21,13,18,1.75277,1,0,50,13,19,0.088227,1,0,26,19,16,16.2956,1,0,75,20,16,-0.0117898,1,0,28,1,16,0.00540448,1,0,88,3,15,3.75375,1,0,92,3,17,8.17282e-05,1,0,76,4,15,-2.20224,1,0,34,4,17,-0.00192573,1,0,77,5,17,2.17048,1,0,59,6,15,0.0708073,1,0,60,6,17,-8.13215,1,0,61,7,15,6.76861,1,0,36,8,16,-0.198003,0,0,93,8,17,-0.456926,0,0,37,9,15,-0.0057325,1,0,64,11,15,-4.4636e-06,1,0,39,11,17,-0.148732,1,0,81,12,15,0.00213768,1,0,40,12,17,-0.0715594,1,0,83,13,16,-14.4087,1,0,41,13,17,-4.3298,1,0,42,14,15,-0.00239873,1,0,107,8,21,-2.73166,1,0,102,21,17,-12.819,1,0,139,8,22,7.81021,1,0,141,22,20,-0.00110631,1,0,4,3,18,-0.164489,1,0,85,3,19,3.87798,1,0,169,8,23,-0.964362,1,0,127,23,16,-3.98885,1,0,30,2,16,6.93506,1,0,33,4,16,-2.93143,0,0,74,14,20,13.9617,1,0,200,4,24,2.62722,1,0,190,24,16,9.92842,1,0,188,10,24,16.099,1,0,
0
4331
0,0,1,0,1,0,2,2,2,0,2,2,3,0,0,0,4,0,0,0,5,0,0,0,6,0,5,5,7,0,5,5,8,0,2,2,9,0,2,2,10,0,0,0,11,0,0,0,12,0,0,0,13,0,5,5,14,0,5,5,15,3,32.9073,1,16,3,4.52153,1,17,3,-48.426,0,18,1,11.2391,1,19,1,-0.116107,0.383463,20,2,78.4606,1,21,1,-4.89366,2.0303e-09,22,1,-23.4823,1.9464e-42,23,1,-1.63214,0.0012599,24,1,0.0181382,0.518538,
1,0,20,-4.30301e-05,1,0,3,1,20,-3.23283,1,0,68,2,18,0.210541,1,0,45,3,20,-0.0188456,1,0,69,4,18,-0.00151957,1,0,7,5,20,5.39683,1,0,12,8,18,0.0401019,1,0,47,8,19,0.0682693,1,0,13,8,20,18.2476,0,0,48,10,18,-2.94315e-05,1,0,21,13,18,2.14756,1,0,50,13,19,-0.0505291,1,0,26,19,16,-14.0025,1,0,75,20,16,-0.00354645,1,0,28,1,16,0.00938114,1,0,88,3,15,3.11708,1,0,92,3,17,-15.884,1,0,76,4,15,4.51936,1,0,34,4,17,0.000163196,1,0,77,5,17,-10.5794,1,0,59,6,15,0.0879758,1,0,60,6,17,-8.6264,1,0,61,7,15,7.59681,1,0,36,8,16,0.724815,0,0,93,8,17,-0.18295,0,0,37,9,15,0.0290131,0,0,64,11,15,-7.28044e-06,1,0,39,11,17,0.106525,1,0,81,12,15,0.000185805,1,0,40,12,17,0.0432384,1,0,83,13,16,-0.626184,1,0,41,13,17,-1.05879,1,0,42,14,15,0.00223264,1,0,107,8,21,-2.44683,1,0,102,21,17,-2.37574,1,0,139,8,22,-11.7411,1,0,141,22,20,0.00235692,1,0,4,3,18,4.57971,1,0,85,3,19,-3.17749,1,0,169,8,23,-0.816071,1,0,127,23,16,22.2618,1,0,30,2,16,6.4893,1,0,33,4,16,2.49958,1,0,74,14,20,16.9852,1,0,192,9,24,0.00906908,1,0,180,24,15,-10.6604,1,0,
0
4331
0,0,1,0,1,0,2,2,2,0,7,7,3,0,5,5,4,0,5,5,5,0,0,0,6,0,0,0,7,0,0,0,8,0,2,2,9,0,4,4,10,0,5,5,11,0,5,5,12,0,0,0,13,0,0,0,14,0,0,0,15,3,3.26891,0.999998,16,3,98.0514,1,17,3,1.23956,0.993756,18,1,4.05078,1,19,1,9.04848,1,20,2,-9.20688,4.42738e-17,21,1,-1.0408,0.0139685,22,1,-0.876934,0.0269446,23,1,-1.87093,0.000474814,24,1,-11.6477,2.04429e-21,
1,0,20,4.02756e-05,1,0,3,1,20,-4.56271,1,0,68,2,18,-0.0180336,1,0,45,3,20,-0.0162801,1,0,69,4,18,-0.000891334,1,0,7,5,20,-8.77685,1,0,12,8,18,2.20465,1,0,47,8,19,0.159996,1,0,13,8,20,12.2033,0,0,48,10,18,-9.39407e-06,1,0,21,13,18,0.78885,1,0,50,13,19,-14.671,1,0,26,19,16,-4.78362,1,0,75,20,16,0.00901673,1,0,28,1,16,-0.00408338,1,0,88,3,15,0.141006,1,0,92,3,17,0.000461508,1,0,76,4,15,0.530384,1,0,34,4,17,0.00193962,1,0,77,5,17,-5.35803,1,0,59,6,15,0.0759546,1,0,60,6,17,0.0615565,1,0,61,7,15,-15.5634,1,0,36,8,16,0.192013,0,0,93,8,17,16.6966,0,0,37,9,15,-0.0220043,1,0,64,11,15,-4.26785e-06,1,0,39,11,17,0.24682,1,0,81,12,15,0.0012797,1,0,40,12,17,0.0213381,1,0,83,13,16,9.85682,1,0,41,13,17,-2.04711,1,0,42,14,15,0.00137853,1,0,107,8,21,-0.520401,1,0,102,21,17,-0.468679,1,0,139,8,22,-0.438467,1,0,141,22,20,-0.00256387,1,0,4,3,18,-0.0455552,1,0,85,3,19,1.7457,1,0,169,8,23,-0.935466,1,0,127,23,16,-18.6889,1,0,30,2,16,14.6932,1,0,33,4,16,0.120843,0,0,74,14,20,-11.7171,1,0,200,4,24,-2.32955,1,0,190,24,16,-3.286,1,0,
0.4
4331
0,0,1,0,1,0,6,6,2,0,6,6,3,0,0,0,4,0,0,0,5,0,0,0,6,0,1,1,7,0,1,1,8,0,5,5,9,0,6,6,10,0,0,0,11,0,0,0,12,0,0,0,13,0,1,1,14,0,1,1,15,3,7.17562,1,16,3,-13.959,1.60366e-25,17,3,14.1894,1,18,1,-3.10622,3.03765e-06,19,1,-1.14853,0.0090358,20,2,-45.6813,0,21,1,4.16149,1,22,1,6.20153,1,23,1,4.58931,1,
1,0,20,2.09556e-05,1,0,3,1,20,-7.52837,1,0,68,2,18,-0.286022,1,0,45,3,20,-0.017281,1,0,69,4,18,0.00240293,1,0,7,5,20,-8.91607,1,0,12,8,18,-0.0494009,1,0,47,8,19,0.0812554,1,0,13,8,20,-17.5199,0,0,48,10,18,1.13633e-05,1,0,21,13,18,-1.14308,1,0,50,13,19,-1.55481,1,0,26,19,16,-12.6012,1,0,75,20,16,-0.00404277,1,0,28,1,16,0.00564749,1,0,88,3,15,12.1773,1,0,92,3,17,-0.000328238,1,0,76,4,15,8.03592,1,0,34,4,17,-17.8753,1,0,77,5,17,-2.81512,1,0,59,6,15,0.00653133,1,0,60,6,17,8.21218,1,0,61,7,15,7.15253,1,0,36,8,16,-1.15099,0,0,93,8,17,0.108955,0,0,37,9,15,0.00262086,1,0,64,11,15,1.58524e-07,1,0,39,11,17,0.165607,1,0,81,12,15,0.000987867,1,0,40,12,17,-0.0311756,1,0,83,13,16,14.9555,1,0,41,13,17,6.7347,1,0,42,14,15,0.000841201,1,0,107,8,21,0.832298,1,0,102,21,17,-0.757466,1,0,139,8,22,1.24031,1,0,141,22,20,-0.511068,1,0,4,3,18,0.0569131,1,0,85,3,19,4.76654,1,0,169,8,23,1.09873,1,0,127,23,16,-9.94223,1,0,30,2,16,-3.14872,1,0,178,7,23,-0.904316,1,0,161,0,23,-12.6465,1,0,143,12,22,3.29752,1,0,
0.5
4331
0,0,1,0,1,0,7,7,2,0,7,7,3,0,0,0,4,0,0,0,5,0,0,0,6,0,0,0,7,0,0,0,8,0,7,7,9,0,7,7,10,0,0,0,11,0,0,0,12,0,0,0,13,0,0,0,14,0,0,0,15,3,80.2544,1,16,3,-32.3634,0,17,3,-0.500663,0.114284,18,1,2.48202,0.999961,19,1,-1.39983,0.00325179,20,2,28.8801,1,21,1,2.62266,0.999978,22,1,4.75219,1,23,1,6.79247,1,
1,0,20,5.43252e-06,1,0,3,1,20,4.12533,1,0,68,2,18,0.345699,1,0,45,3,20,-0.0199332,1,0,69,4,18,-6.90758,1,0,7,5,20,0.242019,1,0,12,8,18,0.00887533,1,0,47,8,19,-0.199975,1,0,13,8,20,3.85752,0,0,48,10,18,-1.17472e-05,1,0,21,13,18,-19.8004,1,0,50,13,19,-0.0416661,1,0,26,19,16,5.7091,1,0,75,20,16,0.00490859,1,0,28,1,16,-0.00957146,1,0,88,3,15,13.7183,1,0,92,3,17,1.92108e-05,1,0,76,4,15,4.56226,1,0,34,4,17,-0.0022713,1,0,77,5,17,-1.21163,1,0,59,6,15,0.0112072,1,0,60,6,17,-5.12936,1,0,61,7,15,-5.82063,1,0,36,8,16,-0.407126,0,0,93,8,17,1.20195,0,0,37,9,15,11.4649,1,0,64,11,15,-0.533484,1,0,39,11,17,-0.31323,1,0,81,12,15,-0.0020121,1,0,40,12,17,-0.0385805,1,0,83,13,16,4.6687,1,0,41,13,17,3.33429,1,0,42,14,15,-0.00215461,1,0,107,8,21,0.374665,1,0,102,21,17,-0.500674,1,0,139,8,22,0.678885,1,0,141,22,20,0.00277241,1,0,4,3,18,0.161151,1,0,85,3,19,3.15902,1,0,169,8,23,0.970353,1,0,127,23,16,-5.44234,1,0,30,2,16,-3.83965,1,0,33,4,16,1.00261,1,0,74,14,20,-19.3369,1,0,
0
4331
0,0,1,0,1,0,2,2,2,0,2,2,3,0,0,0,4,0,0,0,5,0,0,0,6,0,5,5,7,0,5,5,8,0,2,2,9,0,2,2,10,0,0,0,11,0,0,0,12,0,0,0,13,0,5,5,14,0,5,5,15,3,111.833,1,16,3,-14.1801,6.49129e-26,17,3,34.1185,1,18,1,4.6375,1,19,1,-0.0558972,0.443093,20,2,-37.048,0,21,1,31.4898,1,22,1,-11.0115,2.75829e-20,23,1,-1.41818,0.0030174,24,1,0,0.5,
1,0,20,1.49726e-05,1,0,3,1,20,0.913928,1,0,68,2,18,0.055479,1,0,45,3,20,-0.00824787,1,0,69,4,18,-0.0025026,1,0,7,5,20,-10.0459,1,0,12,8,18,0.0251751,1,0,47,8,19,0.175459,1,0,13,8,20,-14.803,0,0,48,10,18,2.40158e-05,1,0,21,13,18,0.895238,1,0,50,13,19,-0.081363,1,0,26,19,16,1.45551,1,0,75,20,16,-0.00305116,1,0,28,1,16,0.00695597,1,0,88,3,15,-15.3747,1,0,92,3,17,-4.81279e-05,1,0,76,4,15,5.471,1,0,34,4,17,0.00270793,1,0,77,5,17,4.69958,1,0,59,6,15,0.105855,1,0,60,6,17,4.51519,1,0,61,7,15,17.7908,1,0,36,8,16,0.717198,0,0,93,8,17,-1.18433,0,0,37,9,15,0.0142672,1,0,64,11,15,-7.54294e-06,1,0,39,11,17,-0.247808,1,0,81,12,15,-0.000644009,1,0,40,12,17,-0.0450893,1,0,83,13,16,-2.00444,1,0,41,13,17,2.21817,1,0,42,14,15,4.46415,1,0,107,8,21,15.7449,1,0,102,21,17,0.451661,1,0,139,8,22,-5.50576,1,0,141,22,20,0.000335601,1,0,4,3,18,-12.6424,1,0,85,3,19,-3.07736,1,0,169,8,23,-0.709088,1,0,127,23,16,15.188,1,0,30,2,16,-4.10069,1,0,33,4,16,-2.41631,0,0,74,14,20,-7.77516,1,0,200,4,24,1.69341,1,0,190,24,16,6.67758,1,0,
0.2
4331
0,0,1,0,1,0,7,7,2,0,7,7,3,0,0,0,4,0,0,0,5,0,0,0,6,0,0,0,7,0,0,0,8,0,7,7,9,0,7,7,10,0,0,0,11,0,0,0,12,0,0,0,13,0,0,0,14,0,0,0,15,3,2.50111,0.999964,16,3,-54.5356,0,17,3,-10.9602,3.40197e-20,18,1,1.72833,0.99915,19,1,0.435022,0.855603,20,2,-37.8125,0,21,1,18.4412,1,22,1,64.1523,1,23,1,-4.23899,2.95419e-08,24,1,-0.133306,0.366974,
1,0,20,1.52171e-05,1,0,3,1,20,-5.40197,1,0,68,2,18,0.198021,1,0,45,3,20,0.0232427,1,0,69,4,18,0.000813913,1,0,7,5,20,-9.2684,1,0,12,8,18,0.0488837,1,0,47,8,19,0.062146,1,0,13,8,20,-5.78319,0,0,48,10,18,12.7051,1,0,21,13,18,2.25033,1,0,50,13,19,-0.0815825,1,0,26,19,16,-2.67607,1,0,75,20,16,-0.0170716,1,0,28,1,16,0.0104053,1,0,88,3,15,9.88955,1,0,92,3,17,-0.000318292,1,0,76,4,15,-7.97582,1,0,34,4,17,0.00251533,1,0,77,5,17,7.84585,1,0,59,6,15,0.0385515,1,0,60,6,17,-17.3996,1,0,61,7,15,-17.7819,1,0,36,8,16,0.423199,0,0,93,8,17,-0.741684,1,0,37,9,15,-0.0425196,0,0,64,11,15,4.35458e-06,1,0,39,11,17,-0.26423,1,0,81,12,15,0.00180343,1,0,40,12,17,0.0413267,1,0,83,13,16,4.0329,1,0,41,13,17,0.341971,1,0,42,14,15,-0.00274826,1,0,107,8,21,2.63445,1,0,102,21,17,-5.76844,1,0,139,8,22,9.16461,1,0,141,22,20,0.00131363,1,0,4,3,18,-0.0583671,1,0,85,3,19,-2.25907,1,0,169,8,23,-0.60557,1,0,127,23,16,-4.34867,1,0,30,2,16,-7.47411,1,0,33,4,16,-0.22246,1,0,74,14,20,1.97139,1,0,192,9,24,-0.0190437,1,0,180,24,15,6.8155,1,0,
0.3
4331
0,0,1,0,1,0,1,1,2,0,1,1,3,0,0,0,4,0,0,0,5,0,0,0,6,0,6,6,7,0,6,6,8,0,1,1,9,0,1,1,10,0,0,0,11,0,0,0,12,0,0,0,13,0,6,6,14,0,6,6,15,3,44.9938,1,16,3,45.165,1,17,3,44.3303,1,18,1,13.3292,1,19,1,0.385118,0.828514,20,2,31.2946,1,21,1,-1.58074,0.00155421,22,1,-0.271648,0.247677,23,1,0.636593,0.931097,
1,0,20,3.48136e-05,1,0,3,1,20,5.41856,1,0,68,2,18,-0.153273,1,0,45,3,20,-0.0102241,1,0,69,4,18,-0.00138767,1,0,7,5,20,6.40017,1,0,12,8,18,-0.0340101,1,0,47,8,19,0.0653607,1,0,13,8,20,-3.31213,0,0,48,10,18,-3.07769e-05,1,0,21,13,18,2.25274,1,0,50,13,19,0.0532928,1,0,26,19,16,-1.39184,1,0,75,20,16,0.0122366,1,0,28,1,16,-0.00803326,1,0,88,3,15,1.10267,1,0,92,3,17,-0.000131251,1,0,76,4,15,6.90854,1,0,34,4,17,-10.6578,1,0,77,5,17,-11.2521,1,0,59,6,15,0.085904,1,0,60,6,17,7.53733,1,0,61,7,15,5.96244,1,0,36,8,16,-1.17262,0,0,93,8,17,-1.22633,0,0,37,9,15,8.69332,1,0,64,11,15,-3.15481e-06,1,0,39,11,17,-0.643864,1,0,81,12,15,-0.000703954,1,0,40,12,17,-0.076291,1,0,83,13,16,6.31921,1,0,41,13,17,-0.147693,1,0,42,14,15,0.00173464,1,0,107,8,21,-1.58074,1,0,102,21,17,-4.81843,1,0,139,8,22,-0.271648,1,0,141,22,20,-0.00264484,1,0,4,3,18,-0.062944,1,0,85,3,19,-7.20667,1,0,169,8,23,0.636593,1,0,127,23,16,-1.06162,1,0,30,2,16,9.38714,1,0,33,4,16,3.23527,1,0,74,14,20,4.31278,1,0,
0
4359
0,0,1,0,1,0,2,2,2,0,6,6,3,0,5,5,4,0,5,5,5,0,1,1,6,0,1,1,7,0,1,1,8,0,2,2,9,0,6,6,10,0,5,5,11,0,2,2,12,0,1,1,13,0,1,1,14,0,1,1,15,3,-27.6492,0,16,3,46.1072,1,17,3,-14.0482,1.11347e-25,18,1,2.46588,0.999958,19,1,-17.5124,7.82137e-32,20,2,85.9903,1,21,1,-3.4794,6.60194e-07,22,1,13.8423,1,23,1,-1.56353,0.00166735,24,1,4.65499,1,
1,0,20,3.35669e-07,1,0,3,1,20,-5.43828,1,0,68,2,18,0.0465342,1,0,45,3,20,19.0646,1,0,69,4,18,-0.00175165,1,0,7,5,20,1.66467,1,0,12,8,18,0.0298122,1,0,47,8,19,-0.186377,1,0,13,8,20,13.3636,0,0,48,10,18,1.71117e-05,1,0,21,13,18,2.38351,1,0,50,13,19,-0.0658851,1,0,26,19,16,7.70352,1,0,75,20,16,0.00975068,1,0,28,1,16,0.00470388,1,0,88,3,15,-13.7258,1,0,92,3,17,-0.000353153,1,0,76,4,15,10.9508,1,0,34,4,17,0.00305413,1,0,77,5,17,-1.12296,1,0,59,6,15,-0.0421473,1,0,60,6,17,-0.817622,1,0,61,7,15,-13.7152,1,0,36,8,16,-0.35306,0,0,93,8,17,-1.21614,0,0,37,9,15,-0.00337218,1,0,64,11,15,6.38518e-06,1,0,39,11,17,0.141646,1,0,81,12,15,0.000938449,1,0,40,12,17,-14.4867,1,0,83,13,16,16.4302,1,0,41,13,17,2.08228,1,0,42,14,15,0.00247598,1,0,107,8,21,-1.7397,1,0,102,21,17,-8.74365,1,0,139,8,22,6.92117,1,0,141,22,20,0.0009747,1,0,4,3,18,-0.0495586,1,0,85,3,19,-3.41476,1,0,169,8,23,-0.781766,1,0,127,23,16,-4.8504,1,0,30,2,16,3.72068,1,0,33,4,16,0.447337,0,0,74,14,20,-0.121871,1,0,200,4,24,0.930997,1,0,190,24,16,7.34179,1,0,
0.4
4331
0,0,1,0,1,0,6,6,2,0,7,7,3,0,1,1,4,0,1,1,5,0,0,0,6,0,0,0,7,0,0,0,8,0,6,6,9,0,2,2,10,0,1,1,11,0,1,1,12,0,0,0,13,0,0,0,14,0,0,0,15,3,-19.2622,6.09889e-35,16,3,-44.9097,0,17,3,23.4497,1,18,1,1.76997,0.999283,19,1,-7.70855,2.03037e-14,20,2,14.8341,1,21,1,15.2391,1,22,1,71.8843,1,23,1,-1.58009,0.00155836,
1,0,20,3.68282e-05,1,0,3,1,20,2.47619,1,0,68,2,18,0.175475,1,0,45,3,20,-0.0239425,1,0,69,4,18,0.00220206,1,0,7,5,20,-1.85845,1,0,12,8,18,0.0644026,1,0,47,8,19,-0.192413,1,0,13,8,20,-8.96528,0,0,48,10,18,1.58207e-05,1,0,21,13,18,8.64055,1,0,50,13,19,-0.00836244,1,0,26,19,16,-16.5969,1,0,75,20,16,-0.0148031,1,0,28,1,16,0.00893731,1,0,88,3,15,-15.7308,1,0,92,3,17,-0.000145515,1,0,76,4,15,-3.53409,1,0,34,4,17,-0.00283149,1,0,77,5,17,-8.49532,1,0,59,6,15,0.00778646,1,0,60,6,17,-0.599894,1,0,61,7,15,-11.6439,1,0,36,8,16,-1.55983,0,0,93,8,17,-0.702815,0,0,37,9,15,0.00136651,1,0,64,11,15,6.53685e-06,1,0,39,11,17,17.3069,1,0,81,12,15,0.00130425,1,0,40,12,17,-0.0353344,1,0,83,13,16,15.5962,1,0,41,13,17,0.205917,1,0,42,14,15,-0.000958391,1,0,107,8,21,2.53984,1,0,102,21,17,6.14575,1,0,139,8,22,11.9807,1,0,141,22,20,0.000882797,1,0,4,3,18,0.153012,1,0,85,3,19,-6.55407,1,0,169,8,23,-0.263348,1,0,127,23,16,-11.2648,1,0,30,2,16,-6.4187,1,0,178,7,23,2.76842,1,0,161,0,23,13.7815,1,0,143,12,22,-6.86358,1,0,
2036.19
4359
0,0,1,0,1,0,0,0,2,0,0,0,3,0,0,0,4,0,0,0,5,0,0,0,6,0,2,2,7,0,2,2,8,0,0,0,9,0,0,0,10,0,0,0,11,0,0,0,12,0,0,0,13,0,2,2,14,0,2,2,15,3,-36.8515,0,16,3,-30.2546,0,17,3,-0.52541,0.104431,18,1,4.30807,1,19,1,-0.250082,0.264475,20,2,32.3699,1,21,1,0,0.5,22,1,0,0.5,23,1,0,0.5,24,1,0,0.5,
1,0,20,-3.79713e-05,1,0,3,1,20,-10.5415,1,0,68,2,18,-0.30758,1,0,45,3,20,-0.0226177,1,0,69,4,18,-0.0022633,1,0,7,5,20,-9.34729,1,0,12,8,18,0.0651064,1,0,47,8,19,0.17056,1,0,13,8,20,-16.995,0,0,48,10,18,-3.12513e-05,1,0,21,13,18,2.15403,1,0,50,13,19,-0.125041,1,0,26,19,16,-14.1399,1,0,75,20,16,-0.0263785,1,0,28,1,16,-0.00912587,1,0,88,3,15,-13.9884,1,0,92,3,17,0.00045114,1,0,76,4,15,9.60987,1,0,34,4,17,0.00320884,1,0,77,5,17,-9.8168,1,0,59,6,15,-0.0929267,1,0,60,6,17,7.41415,1,0,61,7,15,-18.3297,1,0,36,8,16,1.31653,0,0,93,8,17,-1.05128,0,0,37,9,15,0.0367569,1,0,64,11,15,6.4471e-06,1,0,39,11,17,0.331535,1,0,81,12,15,-0.00184791,1,0,40,12,17,0.0700508,1,0,83,13,16,-14.4802,1,0,41,13,17,-5.99089,1,0,42,14,15,-0.00309338,1,0,107,8,21,-2.32444,1,0,102,21,17,-6.74386,1,0,139,8,22,10.2218,1,0,141,22,20,-0.00243145,1,0,4,3,18,0.137811,1,0,85,3,19,-6.0567,1,0,169,8,23,-1.12091,1,0,127,23,16,19.9185,1,0,30,2,16,9.69031,1,0,33,4,16,-2.81101,0,0,74,14,20,16.1856,1,0,200,4,24,-2.81101,1,0,190,24,16,-14.9749,1,0,
0
4331
0,0,1,0,1,0,1,1,2,0,7,7,3,0,6,6,4,0,6,6,5,0,0,0,6,0,0,0,7,0,0,0,8,0,1,1,9,0,7,7,10,0,6,6,11,0,6,6,12,0,0,0,13,0,0,0,14,0,0,0,15,3,49.0249,1,16,3,54.4245,1,17,3,1.6058,0.998597,18,1,-71.6147,0,19,1,22.7726,1,20,2,55.9438,1,21,1,-0.78898,0.0381648,22,1,-7.9049,9.09508e-15,23,1,-0.153254,0.348235,24,1,73.3538,1,
1,0,20,-4.3619e-05,1,0,3,1,20,11.7112,1,0,68,2,18,-10.3503,1,0,45,3,20,7.3721,1,0,69,4,18,0.000108026,1,0,7,5,20,-4.56223,1,0,12,8,18,0.0181072,1,0,47,8,19,-0.138999,1,0,13,8,20,3.48159,0,0,48,10,18,3.24718e-05,1,0,21,13,18,0.212582,1,0,50,13,19,-0.130254,1,0,26,19,16,-1.81925,1,0,75,20,16,0.0165427,1,0,28,1,16,-0.00527281,1,0,88,3,15,0.81002,1,0,92,3,17,0.000396135,1,0,76,4,15,7.34147,1,0,34,4,17,0.000296011,1,0,77,5,17,-4.64302,1,0,59,6,15,-14.0184,1,0,60,6,17,-0.897786,1,0,61,7,15,-8.87288,1,0,36,8,16,0.460242,0,0,93,8,17,-1.24746,0,0,37,9,15,0.0165599,1,0,64,11,15,5.85101e-06,1,0,39,11,17,0.318146,1,0,81,12,15,0.00125818,1,0,40,12,17,0.0221829,1,0,83,13,16,-5.85428,1,0,41,13,17,-2.5368,1,0,42,14,15,-0.000896765,1,0,107,8,21,-0.78898,1,0,102,21,17,-8.04994,1,0,139,8,22,-7.9049,1,0,141,22,20,-0.0013943,1,0,4,3,18,0.136376,1,0,85,3,19,3.81859,1,0,169,8,23,-0.153254,1,0,127,23,16,-10.9611,1,0,30,2,16,6.21569,1,0,33,4,16,-2.47216,0,0,74,14,20,3.13102,1,0,200,4,24,12.2256,1,0,190,24,16,16.5397,1,0,
0
4331
0,0,1,0,1,0,0,0,2,0,0,0,3,0,0,0,4,0,6,6,5,0,6,6,6,0,7,7,7,0,1,1,8,0,0,0,9,0,0,0,10,0,0,0,11,0,6,6,12,0,6,6,13,0,7,7,14,0,1,1,15,3,-15.8209,7.90617e-29,16,3,-41.8757,0,17,3,148.585,1,18,1,12.1518,1,19,1,-0.68424,0.0574031,20,2,52.3447,1,21,1,0,0.5,22,1,0,0.5,23,1,0,0.5,24,1,4.62497,1,
1,0,20,17.6462,1,0,3,1,20,-3.79108,1,0,68,2,18,0.2153,1,0,45,3,20,0.0120419,1,0,69,4,18,-0.00123456,1,0,7,5,20,5.21418,1,0,12,8,18,-0.0558165,1,0,47,8,19,0.0920519,1,0,13,8,20,16.4674,0,0,48,10,18,2.68681e-05,1,0,21,13,18,1.73703,1,0,50,13,19,-0.0977485,1,0,26,19,16,-3.88626,1,0,75,20,16,18.3419,1,0,28,1,16,-5.65464,1,0,88,3,15,13.5284,1,0,92,3,17,0.000417674,1,0,76,4,15,-2.30235,1,0,34,4,17,9.40906,1,0,77,5,17,1.19346,1,0,59,6,15,-0.018694,1,0,60,6,17,2.3206,1,0,61,7,15,-1.86853,1,0,36,8,16,-1.26034,0,0,93,8,17,0.441901,0,0,37,9,15,0.0338631,1,0,64,11,15,-6.93552e-06,1,0,39,11,17,-0.334497,1,0,81,12,15,-0.00109922,1,0,40,12,17,10.1961,1,0,83,13,16,-7.40005,1,0,41,13,17,1.34756,1,0,42,14,15,-0.000733637,1,0,107,8,21,-1.07553,1,0,102,21,17,0.246219,1,0,139,8,22,7.27511,1,0,141,22,20,14.3621,1,0,4,3,18,0.0976417,1,0,85,3,19,-4.10293,1,0,169,8,23,1.23675,1,0,127,23,16,-17.2467,1,0,30,2,16,-5.39616,1,0,33,4,16,-0.902119,0,0,74,14,20,13.8785,1,0,200,4,24,0.770829,1,0,190,24,16,0.429188,1,0,
2231.7
4359
0,0,1,0,1,0,0,0,2,0,0,0,3,0,0,0,4,0,0,0,5,0,0,0,6,0,2,2,7,0,2,2,8,0,0,0,9,0,0,0,10,0,0,0,11,0,0,0,12,0,0,0,13,0,2,2,14,0,2,2,15,3,-36.8515,0,16,3,-40.9445,0,17,3,-0.52541,0.104431,18,1,4.30807,1,19,1,-0.250082,0.264475,20,2,0,0.5,21,1,0,0.5,22,1,-37.8731,0,23,1,-6.72087,1.15334e-12,24,2,2.29727e-11,0.5,
1,0,20,-3.79713e-05,1,0,3,1,20,-10.5415,1,0,68,2,18,-0.30758,1,0,45,3,20,-0.0226177,1,0,69,4,18,-0.0022633,1,0,7,5,20,-9.34729,1,0,12,8,18,0.0651064,1,0,47,8,19,0.17056,1,0,13,8,20,-16.995,0,0,48,10,18,-3.12513e-05,1,0,21,13,18,2.15403,1,0,50,13,19,-0.125041,1,0,26,19,16,-14.1399,1,0,75,20,16,-0.0263785,1,0,28,1,16,-0.00912587,1,0,88,3,15,-13.9884,1,0,92,3,17,0.00045114,1,0,76,4,15,9.60987,1,0,34,4,17,0.00320884,1,0,77,5,17,-9.8168,1,0,59,6,15,-0.0929267,1,0,60,6,17,7.41415,1,0,61,7,15,-18.3297,1,0,36,8,16,1.31653,0,0,93,8,17,-1.05128,0,0,37,9,15,0.0367569,1,0,64,11,15,6.4471e-06,1,0,39,11,17,0.331535,1,0,81,12,15,-0.00184791,1,0,40,12,17,0.0700508,1,0,83,13,16,-14.4802,1,0,41,13,17,-5.99089,1,0,42,14,15,-0.00309338,1,0,107,8,21,-2.32444,1,0,102,21,17,-6.74386,1,0,139,8,22,10.2218,1,0,141,22,20,-0.00243145,1,0,4,3,18,0.137811,1,0,85,3,19,-6.0567,1,0,169,8,23,-1.12091,1,0,127,23,16,19.9185,0,0,30,2,16,9.69031,1,0,178,7,23,-3.36044,1,0,134,6,22,-18.9366,1,0,208,23,24,19.9185,1,0,190,24,16,-16.4626,1,0,
0.5
4331
0,0,1,0,1,0,2,2,2,0,2,2,3,0,0,0,4,0,0,0,5,0,0,0,6,0,5,5,7,0,5,5,8,0,2,2,9,0,2,2,10,0,0,0,11,0,0,0,12,0,0,0,13,0,5,5,14,0,5,5,15,3,26.9771,1,16,3,-4.99393,1.34726e-09,17,3,-35.5515,0,18,1,7.41178,1,19,1,20.2151,1,20,2,-95.976,0,21,1,-3.08165,3.35873e-06,22,1,9.30406,1,23,1,0.32876,0.79325,24,1,0,0.5,
1,0,20,9.38855e-06,1,0,3,1,20,-0.817266,1,0,68,2,18,0.181461,1,0,45,3,20,-0.00654072,1,0,69,4,18,11.7154,1,0,7,5,20,-9.99927,1,0,12,8,18,0.00154183,1,0,47,8,19,10.2917,1,0,13,8,20,9.13887,0,0,48,10,18,2.80942e-05,1,0,21,13,18,1.40916,1,0,50,13,19,-0.073643,1,0,26,19,16,-3.72779,1,0,75,20,16,0.021843,1,0,28,1,16,0.00498396,1,0,88,3,15,-6.62669,1,0,92,3,17,-0.000496613,1,0,76,4,15,8.37094,1,0,34,4,17,0.00093221,1,0,77,5,17,3.65384,1,0,59,6,15,-0.086131,1,0,60,6,17,-4.50027,1,0,61,7,15,5.47266,1,0,36,8,16,-13.0438,0,0,93,8,17,0.263936,0,0,37,9,15,0.0251204,1,0,64,11,15,4.80441e-06,1,0,39,11,17,-0.0568034,1,0,81,12,15,-0.00106291,1,0,40,12,17,0.0382596,1,0,83,13,16,-2.42615,1,0,41,13,17,-2.61004,1,0,42,14,15,-0.00114812,1,0,107,8,21,-1.54082,1,0,102,21,17,7.64073,1,0,139,8,22,4.65203,1,0,141,22,20,0.000514922,1,0,4,3,18,-0.0627825,1,0,85,3,19,-6.41185,1,0,169,8,23,0.16438,1,0,127,23,16,13.5486,1,0,30,2,16,0.103765,1,0,33,4,16,-1.71229,0,0,74,14,20,-18.8684,1,0,200,4,24,-0.112376,1,0,190,24,16,-0.200553,1,0,
0.4
4331
0,0,1,0,1,0,7,7,2,0,7,7,3,0,0,0,4,0,0,0,5,0,0,0,6,0,0,0,7,0,0,0,8,0,7,7,9,0,7,7,10,0,0,0,11,0,0,0,12,0,0,0,13,0,0,0,14,0,0,0,15,3,0.215253,0.706902,16,3,-87.2961,0,17,3,-5.29776,3.88853e-10,18,1,72.8421,1,19,1,1.35251,0.996057,20,2,50.8474,1,21,1,7.34381,1,22,1,-65.6776,0,23,1,-2.85965,8.32724e-06,24,1,0,0.5,
1,0,20,-2.92937e-05,1,0,3,1,20,7.26391,1,0,68,2,18,10.3803,1,0,45,3,20,-0.0155665,1,0,69,4,18,-0.00133495,1,0,7,5,20,-10.8534,1,0,12,8,18,0.0257173,1,0,47,8,19,0.193216,1,0,13,8,20,-9.94776,0,0,48,10,18,-4.15268e-07,1,0,21,13,18,2.32365,1,0,50,13,19,-0.107884,1,0,26,19,16,-15.4498,1,0,75,20,16,-0.0283956,1,0,28,1,16,-0.00587264,1,0,88,3,15,5.10448,1,0,92,3,17,0.000397607,1,0,76,4,15,4.3064,1,0,34,4,17,0.00304074,1,0,77,5,17,4.7037,1,0,59,6,15,0.0675826,1,0,60,6,17,-5.80586,1,0,61,7,15,-11.0879,1,0,36,8,16,1.1458,0,0,93,8,17,-6.34407,0,0,37,9,15,0.0307505,1,0,64,11,15,4.74678e-06,1,0,39,11,17,0.186048,1,0,81,12,15,0.000845276,1,0,40,12,17,0.0291377,1,0,83,13,16,12.7195,1,0,41,13,17,6.68463,1,0,42,14,15,-0.000609573,1,0,107,8,21,1.04912,1,0,102,21,17,-5.29776,1,0,139,8,22,-9.38251,1,0,141,22,20,15.8582,1,0,4,3,18,0.127618,1,0,85,3,19,0.915857,1,0,169,8,23,-0.408521,1,0,127,23,16,-18.3259,1,0,30,2,16,-10.0175,1,0,33,4,16,1.96653,0,0,74,14,20,7.20463,1,0,200,4,24,0.0982448,1,0,190,24,16,-3.43058,1,0,
0.1
4331
0,0,1,0,1,0,2,2,2,0,2,2,3,0,0,0,4,0,0,0,5,0,0,0,6,0,5,5,7,0,5,5,8,0,2,2,9,0,2,2,10,0,0,0,11,0,0,0,12,0,0,0,13,0,5,5,14,0,5,5,15,3,103.068,1,16,3,57.018,1,17,3,-66.2895,0,18,1,8.25193,1,19,1,-0.811536,0.034919,20,2,57.9105,1,21,1,2.66704,0.999982,22,1,-8.63586,4.57544e-16,23,1,-0.737353,0.0467184,24,1,0,0.5,
1,0,20,-4.21169e-05,1,0,3,1,20,5.04537,1,0,68,2,18,0.0415437,1,0,45,3,20,-0.00307514,1,0,69,4,18,-0.00168024,1,0,7,5,20,3.27838,1,0,12,8,18,-0.0336092,1,0,47,8,19,-0.159772,1,0,13,8,20,-11.2404,0,0,48,10,18,2.75586e-05,1,0,21,13,18,1.64721,1,0,50,13,19,-0.0983982,1,0,26,19,16,2.67777,1,0,75,20,16,-0.0273491,1,0,28,1,16,-0.00146129,1,0,88,3,15,-7.15595,1,0,92,3,17,0.000336698,1,0,76,4,15,18.7192,1,0,34,4,17,0.00328533,1,0,77,5,17,-5.24701,1,0,59,6,15,0.0284255,1,0,60,6,17,-12.2498,1,0,61,7,15,14.1252,1,0,36,8,16,0.697515,0,0,93,8,17,-1.04345,0,0,37,9,15,0.00355672,1,0,64,11,15,4.47137e-06,1,0,39,11,17,-0.34315,1,0,81,12,15,-0.000243363,1,0,40,12,17,17.3835,1,0,83,13,16,10.5891,1,0,41,13,17,-2.16347,1,0,42,14,15,6.45865,1,0,107,8,21,1.33352,1,0,102,21,17,5.77683,1,0,139,8,22,-4.31793,1,0,141,22,20,0.00256625,1,0,4,3,18,-0.108128,1,0,85,3,19,-4.66882,1,0,169,8,23,-0.368676,1,0,127,23,16,11.8152,1,0,30,2,16,-0.768798,1,0,33,4,16,-0.307419,0,0,74,14,20,9.56395,1,0,200,4,24,-0.245654,1,0,190,24,16,9.99007,1,0,
1624.7
4359
0,0,1,0,1,0,0,0,2,0,0,0,3,0,0,0,4,0,0,0,5,0,0,0,6,0,1,1,7,0,1,1,8,0,0,0,9,0,0,0,10,0,0,0,11,0,0,0,12,0,0,0,13,0,1,1,14,0,1,1,15,3,-18.4258,1.86624e-33,16,3,-17.3353,1.61413e-31,17,3,-1.94867,0.000345538,18,1,2.15403,0.999851,19,1,-0.125041,0.374861,20,2,16.1843,1,21,1,0,0.5,22,1,0,0.5,23,1,0,0.5,24,1,0,0.5,
1,0,20,-3.79713e-05,1,0,3,1,20,-10.5415,1,0,68,2,18,-0.30758,1,0,45,3,20,-0.0226177,1,0,69,4,18,-0.0022633,1,0,7,5,20,-9.34729,1,0,12,8,18,0.0651064,1,0,47,8,19,0.17056,1,0,13,8,20,-16.995,0,0,48,10,18,-3.12513e-05,1,0,21,13,18,2.15403,1,0,50,13,19,-0.125041,1,0,26,19,16,-14.1399,1,0,75,20,16,-0.0263785,1,0,28,1,16,-0.00912587,1,0,88,3,15,-13.9884,1,0,92,3,17,0.00045114,1,0,76,4,15,9.60987,1,0,34,4,17,0.00320884,1,0,77,5,17,-9.8168,1,0,59,6,15,-0.0929267,1,0,60,6,17,7.41415,1,0,61,7,15,-18.3297,1,0,36,8,16,1.31653,0,0,93,8,17,-1.05128,0,0,37,9,15,0.0367569,1,0,64,11,15,6.4471e-06,1,0,39,11,17,0.331535,1,0,81,12,15,-0.00184791,1,0,40,12,17,0.0700508,1,0,83,13,16,-14.4802,1,0,41,13,17,-5.99089,1,0,42,14,15,-0.00309338,1,0,107,8,21,-2.32444,1,0,102,21,17,-6.74386,1,0,139,8,22,10.2218,1,0,141,22,20,-0.00243145,1,0,4,3,18,0.137811,1,0,85,3,19,-6.0567,1,0,169,8,23,-1.12091,1,0,127,23,16,19.9185,1,0,30,2,16,9.69031,1,0,33,4,16,-2.81101,0,0,74,14,20,16.1856,1,0,200,4,24,-2.81101,1,0,190,24,16,-14.9749,1,0,
0.3
4331
0,0,1,0,1,0,0,0,2,0,0,0,3,0,0,0,4,0,1,1,5,0,1,1,6,0,7,7,7,0,6,6,8,0,0,0,9,0,0,0,10,0,0,0,11,0,1,1,12,0,1,1,13,0,0,0,14,0,6,6,15,3,-24.8776,7.00649e-45,16,3,4.51482,1,17,3,-34.3231,0,18,1,0.00118423,0.501211,19,1,0,0.5,20,2,43.8669,1,21,1,0,0.5,22,1,0,0.5,23,1,0,0.5,24,1,2.83256,0.999991,
1,0,20,-7.11406e-06,1,0,3,1,20,-12.2098,1,0,68,2,18,0.258619,1,0,45,3,20,-3.20794,1,0,69,4,18,0.00118423,1,0,7,5,20,6.35823,1,0,12,8,18,0.074337,1,0,47,8,19,-0.165213,1,0,13,8,20,0.00544781,0,0,48,10,18,-3.58787e-05,1,0,21,13,18,1.25315,1,0,50,13,19,-0.128102,1,0,26,19,16,8.60314,1,0,75,20,16,-0.0213312,1,0,28,1,16,0.00557633,1,0,88,3,15,-16.2292,1,0,92,3,17,0.000500146,1,0,76,4,15,5.20124,1,0,34,4,17,-0.00378234,1,0,77,5,17,1.54728,1,0,59,6,15,0.0253561,1,0,60,6,17,-5.16232,1,0,61,7,15,-5.04285,1,0,36,8,16,0.962855,0,0,93,8,17,-1.13095,0,0,37,9,15,-0.0122999,1,0,64,11,15,-3.12757e-06,1,0,39,11,17,0.123399,1,0,81,12,15,-0.000189973,1,0,40,12,17,0.00484639,1,0,83,13,16,-11.118,1,0,41,13,17,-1.60595,1,0,42,14,15,0.000161402,1,0,107,8,21,-2.19485,1,0,102,21,17,0.282782,1,0,139,8,22,6.81941,1,0,141,22,20,-0.00279324,1,0,4,3,18,-0.0890093,1,0,85,3,19,2.99242,1,0,169,8,23,8.31185,1,0,127,23,16,15.2358,1,0,30,2,16,17.3211,1,0,33,4,16,0.972803,0,0,74,14,20,6.25167,1,0,200,4,24,2.83256,1,0,190,24,16,-7.38336,1,0,
0.5
4331
0,0,1,0,1,0,1,1,2,0,1,1,3,0,0,0,4,0,0,0,5,0,0,0,6,0,6,6,7,0,6,6,8,0,1,1,9,0,1,1,10,0,0,0,11,0,0,0,12,0,0,0,13,0,6,6,14,0,6,6,15,3,-35.1917,0,16,3,30.1412,1,17,3,51.1962,1,18,1,3.63739,1,19,1,-0.75979,0.0427973,20,2,50.8406,1,21,1,-0.506823,0.111758,22,1,3.10779,0.999997,23,1,-0.683088,0.0576585,24,1,0,0.5,
1,0,20,2.9138e-05,1,0,3,1,20,-1.9062,1,0,68,2,18,0.281764,1,0,45,3,20,0.00296591,1,0,69,4,18,-0.00207375,1,0,7,5,20,6.32567,1,0,12,8,18,0.035526,1,0,47,8,19,-0.129817,1,0,13,8,20,17.4429,0,0,48,10,18,-3.02088e-05,1,0,21,13,18,0.55335,1,0,50,13,19,-0.104996,1,0,26,19,16,-2.41006,1,0,75,20,16,-12.298,1,0,28,1,16,-0.00529236,1,0,88,3,15,11.65,1,0,92,3,17,-0.000403977,1,0,76,4,15,2.05927,1,0,34,4,17,0.00101225,1,0,77,5,17,-10.7064,1,0,59,6,15,0.00716613,1,0,60,6,17,8.68846,1,0,61,7,15,-8.97452,1,0,36,8,16,-1.0586,0,0,93,8,17,0.195842,0,0,37,9,15,18.6117,1,0,64,11,15,2.3445,1,0,39,11,17,0.0279242,1,0,81,12,15,-0.00157351,1,0,40,12,17,0.0169314,1,0,83,13,16,9.77376,1,0,41,13,17,-0.263599,1,0,42,14,15,0.000133421,1,0,107,8,21,-0.506823,1,0,102,21,17,5.79,1,0,139,8,22,3.10779,1,0,141,22,20,0.00132142,1,0,4,3,18,0.100998,1,0,85,3,19,-4.15891,1,0,169,8,23,-0.683088,1,0,127,23,16,-22.0826,1,0,30,2,16,-6.09545,1,0,33,4,16,-0.231891,0,0,74,14,20,8.79091,1,0,200,4,24,-0.00435092,1,0,190,24,16,-17.4525,1,0,
0.7
4331
0,0,1,0,1,0,3,3,2,0,3,3,3,0,0,0,4,0,0,0,5,0,0,0,6,0,4,4,7,0,4,4,8,0,3,3,9,0,3,3,10,0,0,0,11,0,0,0,12,0,0,0,13,0,4,4,14,0,4,4,15,3,3.67578,1,16,3,29.8514,1,17,3,50.3751,1,18,1,4.44909,1,19,1,-0.0203204,0.479234,20,2,-87.588,0,21,1,3.06155,0.999996,22,1,-26.6374,0,23,1,-1.33214,0.00428454,24,1,0,0.5,
1,0,20,2.5096,1,0,3,1,20,-3.94442,1,0,68,2,18,-0.18737,1,0,45,3,20,0.0106996,1,0,69,4,18,-0.00137238,1,0,7,5,20,7.41829,1,0,12,8,18,0.03187,1,0,47,8,19,-0.00649649,1,0,13,8,20,13.1455,0,0,48,10,18,2.62244e-05,1,0,21,13,18,1.2289,1,0,50,13,19,-0.000207731,1,0,26,19,16,2.57907,1,0,75,20,16,0.0245331,1,0,28,1,16,-0.00894521,1,0,88,3,15,9.78747,1,0,92,3,17,-0.000294532,1,0,76,4,15,-8.13302,1,0,34,4,17,-0.00120548,1,0,77,5,17,3.63406,1,0,59,6,15,-5.27567,1,0,60,6,17,5.80672,1,0,61,7,15,6.18902,1,0,36,8,16,1.53093,0,0,93,8,17,-0.0348188,0,0,37,9,15,0.00942369,1,0,64,11,15,-6.8355e-06,1,0,39,11,17,-0.0967602,1,0,81,12,15,-0.00193021,1,0,40,12,17,0.0211228,1,0,83,13,16,13.6474,1,0,41,13,17,2.66283,1,0,42,14,15,-0.00147351,1,0,107,8,21,1.02052,1,0,102,21,17,16.4969,1,0,139,8,22,-8.87912,1,0,141,22,20,0.00187962,1,0,4,3,18,-0.0487519,1,0,85,3,19,3.2727,1,0,169,8,23,-0.444046,1,0,127,23,16,-1.33877,1,0,30,2,16,-10.6942,1,0,33,4,16,0.8136,0,0,74,14,20,-18.9387,1,0,200,4,24,-2.76226,1,0,190,24,16,12.2818,1,0,161,0,23,-4.85593,1,0,
100.7
4331
0,0,1,0,1,0,1,1,2,0,1,1,3,0,0,0,4,0,0,0,5,0,0,0,6,0,6,6,7,0,6,6,8,0,1,1,9,0,1,1,10,0,0,0,11,0,0,0,12,0,0,0,13,0,6,6,14,0,6,6,15,3,89.0661,1,16,3,-15.245,8.33362e-28,17,3,-4.63553,5.83537e-09,18,1,3.50742,0.999999,19,1,-0.777692,0.0398962,20,2,-35.8361,0,21,1,0.712155,0.948471,22,1,-9.615,8.34096e-18,23,1,-0.62332,0.0724682,24,1,0,0.5,
1,0,20,-2.91739e-05,1,0,3,1,20,-8.53444,1,0,68,2,18,-0.349459,1,0,45,3,20,0.00159099,1,0,69,4,18,-0.00143137,1,0,7,5,20,-2.34955,1,0,12,8,18,-0.0603812,1,0,47,8,19,0.116497,1,0,13,8,20,4.58344,0,0,48,10,18,-1.32674e-05,1,0,21,13,18,0.652877,1,0,50,13,19,-0.149031,1,0,26,19,16,-2.78013,1,0,75,20,16,-0.0301471,1,0,28,1,16,0.00866394,1,0,88,3,15,4.05228,1,0,92,3,17,0.000448614,1,0,76,4,15,5.93075,1,0,34,4,17,0.00356878,1,0,77,5,17,11.3231,1,0,59,6,15,0.0734349,1,0,60,6,17,6.09328,1,0,61,7,15,14.7767,1,0,36,8,16,0.349158,0,0,93,8,17,-0.614425,0,0,37,9,15,-0.0381496,1,0,64,11,15,-3.41376e-06,1,0,39,11,17,-6.45909,1,0,81,12,15,-0.00167941,1,0,40,12,17,0.0541053,1,0,83,13,16,-2.44233,1,0,41,13,17,-5.86129,1,0,42,14,15,0.000610643,1,0,107,8,21,0.712155,1,0,102,21,17,-6.35493,1,0,139,8,22,-9.615,1,0,141,22,20,-19.3651,1,0,4,3,18,-0.0503817,1,0,85,3,19,-1.12705,1,0,169,8,23,-0.62332,1,0,127,23,16,-12.1627,1,0,30,2,16,4.439,1,0,33,4,16,-2.45167,0,0,74,14,20,-4.55028,1,0,200,4,24,1.05171,1,0,190,24,16,-8.09271,1,0,
0
4331
0,0,1,0,1,0,1,1,2,0,1,1,3,0,1,1,4,0,3,3,5,0,3,3,6,0,6,6,7,0,4,4,8,0,1,1,9,0,1,1,10,0,1,1,11,0,3,3,12,0,3,3,13,0,6,6,14,0,4,4,15,3,-56.1122,0,16,3,57.1861,1,17,3,-18.3098,2.99906e-33,18,1,21.1514,1,19,1,3.97171,1,20,2,-54.4939,0,21,1,-1.73253,0.000836,22,1,-10.6175,1.38192e-19,23,1,-1.12448,0.00996037,24,1,-2.89014,7.35082e-06,
1,0,20,-2.97936e-05,1,0,3,1,20,-6.86484,1,0,68,2,18,0.228646,1,0,45,3,20,0.00997956,1,0,69,4,18,0.00174389,1,0,7,5,20,-2.2726,1,0,12,8,18,0.0537823,1,0,47,8,19,-0.167573,1,0,13,8,20,-12.4425,0,0,48,10,18,-2.67103e-05,1,0,21,13,18,1.30938,1,0,50,13,19,-0.064894,1,0,26,19,16,9.17547,1,0,75,20,16,0.0176928,1,0,28,1,16,0.0036469,1,0,88,3,15,-1.44383,1,0,92,3,17,-0.000377895,1,0,76,4,15,-3.0327,1,0,34,4,17,-0.000173819,1,0,77,5,17,-2.2353,1,0,59,6,15,-0.100656,1,0,60,6,17,-8.62454,1,0,61,7,15,-11.2469,1,0,36,8,16,1.45589,0,0,93,8,17,-1.25098,0,0,37,9,15,0.0344675,1,0,64,11,15,3.13183e-06,1,0,39,11,17,-0.203336,1,0,81,12,15,-0.000138655,1,0,40,12,17,-0.0712774,1,0,83,13,16,6.31323,1,0,41,13,17,6.82707,1,0,42,14,15,-0.00321755,1,0,107,8,21,-1.73253,1,0,102,21,17,6.82456,1,0,139,8,22,-10.6175,1,0,141,22,20,4.06477,1,0,4,3,18,13.0075,1,0,85,3,19,4.52865,1,0,169,8,23,-1.12448,1,0,127,23,16,4.91666,1,0,30,2,16,10.0787,1,0,33,4,16,0.568958,0,0,74,14,20,-10.2053,1,0,200,4,24,-0.963382,1,0,190,24,16,-11.2019,1,0,
2141.49
4359
0,0,1,0,1,0,0,0,2,0,0,0,3,0,0,0,4,0,0,0,5,0,0,0,6,0,0,0,7,0,0,0,8,0,0,0,9,0,0,0,10,0,0,0,11,0,0,0,12,0,0,0,13,0,0,0,14,0,0,0,15,3,0,0.5,16,3,-4.61134,6.44217e-09,17,3,-3.37193,1.02461e-06,18,1,0,0.5,19,1,0,0.5,20,2,-0.00121573,0.498757,21,1,0,0.5,22,1,0,0.5,23,1,0,0.5,24,1,0,0.5,
1,0,20,-3.79713e-05,1,0,3,1,20,-10.5415,1,0,68,2,18,-0.30758,1,0,45,3,20,-0.0226177,1,0,69,4,18,-0.0022633,1,0,7,5,20,-9.34729,1,0,12,8,18,0.0651064,1,0,47,8,19,0.17056,1,0,13,8,20,-16.995,0,0,48,10,18,-3.12513e-05,1,0,21,13,18,2.15403,1,0,50,13,19,-0.125041,1,0,26,19,16,-14.1399,1,0,75,20,16,-0.0263785,1,0,28,1,16,-0.00912587,1,0,88,3,15,-13.9884,1,0,92,3,17,0.00045114,1,0,76,4,15,9.60987,1,0,34,4,17,0.00320884,1,0,77,5,17,-9.8168,1,0,59,6,15,-0.0929267,1,0,60,6,17,7.41415,1,0,61,7,15,-18.3297,1,0,36,8,16,1.31653,0,0,93,8,17,-1.05128,0,0,37,9,15,0.0367569,1,0,64,11,15,6.4471e-06,1,0,39,11,17,0.331535,1,0,81,12,15,-0.00184791,1,0,40,12,17,0.0700508,1,0,83,13,16,-14.4802,1,0,41,13,17,-5.99089,1,0,42,14,15,-0.00309338,1,0,107,8,21,-2.32444,1,0,102,21,17,-6.74386,1,0,139,8,22,10.2218,1,0,141,22,20,-0.00243145,1,0,4,3,18,0.137811,1,0,85,3,19,-6.0567,1,0,169,8,23,-1.12091,1,0,127,23,16,19.9185,1,0,30,2,16,9.69031,1,0,33,4,16,-2.81101,0,0,74,14,20,16.1856,1,0,200,4,24,-2.81101,1,0,190,24,16,-14.9749,1,0,
0.1
4331
0,0,1,0,1,0,6,6,2,0,6,6,3,0,0,0,4,0,0,0,5,0,0,0,6,0,1,1,7,0,1,1,8,0,6,6,9,0,6,6,10,0,0,0,11,0,0,0,12,0,0,0,13,0,1,1,14,0,1,1,15,3,-16.9349,8.30116e-31,16,3,-45.9864,0,17,3,-1.56072,0.00168664,18,1,8.78158,1,19,1,-0.384985,0.171563,20,2,-8.9387,1.32588e-16,21,1,-0.348614,0.193749,22,1,-58.192,0,23,1,-5.84725,4.10898e-11,24,1,0,0.5,
1,0,20,2.03607e-05,1,0,3,1,20,-3.70534,1,0,68,2,18,0.119172,1,0,45,3,20,0.00400074,1,0,69,4,18,-0.000572291,1,0,7,5,20,-10.0885,1,0,12,8,18,0.0467239,1,0,47,8,19,-0.0687448,1,0,13,8,20,-14.5945,0,0,48,10,18,-3.07669e-05,1,0,21,13,18,7.7862,1,0,50,13,19,0.0274838,1,0,26,19,16,-0.479919,1,0,75,20,16,0.00992684,1,0,28,1,16,0.00642742,1,0,88,3,15,10.5546,1,0,92,3,17,0.000414294,1,0,76,4,15,7.53949,1,0,34,4,17,-0.00323335,1,0,77,5,17,2.71067,1,0,59,6,15,-0.0820614,1,0,60,6,17,-5.18054,1,0,61,7,15,-17.0341,1,0,36,8,16,-0.317988,0,0,93,8,17,0.533262,0,0,37,9,15,0.0300046,1,0,64,11,15,5.61012e-06,1,0,39,11,17,-0.00824366,1,0,81,12,15,-0.000396145,1,0,40,12,17,-0.0300412,1,0,83,13,16,3.2465,1,0,41,13,17,3.17789,1,0,42,14,15,0.00119527,1,0,107,8,21,-0.0581024,1,0,102,21,17,2.28095,1,0,139,8,22,-9.69867,1,0,141,22,20,0.00157547,1,0,4,3,18,0.130312,1,0,85,3,19,-5.15215,1,0,169,8,23,-0.974542,1,0,127,23,16,4.92009,1,0,30,2,16,-8.68905,1,0,33,4,16,-3.04212,0,0,74,14,20,13.2933,1,0,200,4,24,0.344986,1,0,190,24,16,5.89026,1,0,
0.5
4331
0,0,1,0,1,0,7,7,2,0,7,7,3,0,0,0,4,0,0,0,5,0,0,0,6,0,0,0,7,0,0,0,8,0,7,7,9,0,7,7,10,0,0,0,11,0,0,0,12,0,0,0,13,0,0,0,14,0,0,0,15,3,-0.0813088,0.41762,16,3,-5.87576,3.6568e-11,17,3,8.67072,1,18,1,2.39021,0.999943,19,1,0.744863,0.954631,20,2,-27.464,0,21,1,18.1952,1,22,1,-118.716,0,23,1,-5.16542,6.68119e-10,
1,0,20,4.4704e-05,1,0,3,1,20,-3.92344,1,0,68,2,18,0.310016,1,0,45,3,20,-0.00180569,1,0,69,4,18,-0.00152343,1,0,7,5,20,6.70657,1,0,12,8,18,0.0314421,1,0,47,8,19,0.106409,1,0,13,8,20,16.4245,0,0,48,10,18,-3.53035e-05,1,0,21,13,18,-0.448437,1,0,50,13,19,0.0285008,1,0,26,19,16,15.7604,1,0,75,20,16,0.0133194,1,0,28,1,16,0.00571633,1,0,88,3,15,15.5878,1,0,92,3,17,0.000136053,1,0,76,4,15,4.08376,1,0,34,4,17,-0.00199298,1,0,77,5,17,11.4799,1,0,59,6,15,-17.7155,1,0,60,6,17,7.46214,1,0,61,7,15,-9.15862,1,0,36,8,16,0.324318,0,0,93,8,17,0.904149,0,0,37,9,15,-0.0116155,1,0,64,11,15,-5.25998e-06,1,0,39,11,17,0.00668942,1,0,81,12,15,0.000701122,1,0,40,12,17,-0.0694904,1,0,83,13,16,-7.04479,1,0,41,13,17,-4.7358,1,0,42,14,15,-0.00232471,1,0,107,8,21,2.59932,1,0,102,21,17,8.67072,1,0,139,8,22,-16.9595,1,0,141,22,20,0.00139704,1,0,4,3,18,0.0106552,1,0,85,3,19,-2.53934,1,0,169,8,23,-0.737917,1,0,127,23,16,9.95258,1,0,30,2,16,-2.99444,1,0,33,4,16,-2.80642,1,0,74,14,20,-16.941,1,0,
0
4331
0,0,1,0,1,0,4,4,2,0,4,4,3,0,0,0,4,0,0,0,5,0,0,0,6,0,3,3,7,0,3,3,8,0,4,4,9,0,4,4,10,0,0,0,11,0,0,0,12,0,0,0,13,0,3,3,14,0,3,3,15,3,59.5034,1,16,3,-27.9982,0,17,3,0.134584,0.63424,18,1,-6.18453,1.03428e-11,19,1,-0.111839,0.387598,20,2,-23.6446,1.00193e-42,21,1,48.2469,1,22,1,-43.8766,0,23,1,2.67907,0.999983,24,1,0,0.5,
1,0,20,1.09008e-05,1,0,3,1,20,-4.25511,1,0,68,2,18,0.305581,1,0,45,3,20,-0.0131806,1,0,69,4,18,-0.00212603,1,0,7,5,20,6.36221,1,0,12,8,18,-0.0702812,1,0,47,8,19,-0.12383,1,0,13,8,20,15.4587,0,0,48,10,18,-2.19987e-05,1,0,21,13,18,-2.37524,1,0,50,13,19,0.127827,1,0,26,19,16,-11.9426,1,0,75,20,16,-0.0299246,1,0,28,1,16,-0.00287731,1,0,88,3,15,-15.0615,1,0,92,3,17,-4.15417,1,0,76,4,15,5.08573,1,0,34,4,17,0.0022445,1,0,77,5,17,-2.88781,1,0,59,6,15,0.0551,1,0,60,6,17,-2.70257,1,0,61,7,15,19.7635,1,0,36,8,16,-0.561916,0,0,93,8,17,-0.95362,0,0,37,9,15,0.0123517,1,0,64,11,15,-6.94128e-06,1,0,39,11,17,0.260424,1,0,81,12,15,-0.000744053,1,0,40,12,17,-0.0818532,1,0,83,13,16,-14.7076,1,0,41,13,17,2.71897,1,0,42,14,15,-0.000583402,1,0,107,8,21,12.0617,1,0,102,21,17,0.0853767,1,0,139,8,22,-10.9691,1,0,141,22,20,0.00138253,1,0,4,3,18,-0.148564,1,0,85,3,19,-6.49182,1,0,169,8,23,0.669767,1,0,127,23,16,-0.552258,1,0,30,2,16,5.65287,1,0,33,4,16,-0.709154,0,0,74,14,20,-2.20805,1,0,200,4,24,0.874769,1,0,190,24,16,-2.5886,1,0,
1725.8
4359
0,0,1,0,1,0,0,0,2,0,0,0,3,0,0,0,4,0,0,0,5,0,0,0,6,0,2,2,7,0,3,3,8,0,0,0,9,0,0,0,10,0,0,0,11,0,0,0,12,0,0,0,13,0,2,2,14,0,3,3,15,3,-55.1844,0,16,3,-30.2546,0,17,3,-0.52541,0.104431,18,1,4.30807,1,19,1,-0.250082,0.264475,20,2,48.5555,1,21,1,0,0.5,22,1,0,0.5,23,1,0,0.5,24,1,0,0.5,
1,0,20,-3.79713e-05,1,0,3,1,20,-10.5415,1,0,68,2,18,-0.30758,1,0,45,3,20,-0.0226177,1,0,69,4,18,-0.0022633,1,0,7,5,20,-9.34729,1,0,12,8,18,0.0651064,1,0,47,8,19,0.17056,1,0,13,8,20,-16.995,0,0,48,10,18,-3.12513e-05,1,0,21,13,18,2.15403,1,0,50,13,19,-0.125041,1,0,26,19,16,-14.1399,1,0,75,20,16,-0.0263785,1,0,28,1,16,-0.00912587,1,0,88,3,15,-13.9884,1,0,92,3,17,0.00045114,1,0,76,4,15,9.60987,1,0,34,4,17,0.00320884,1,0,77,5,17,-9.8168,1,0,59,6,15,-0.0929267,1,0,60,6,17,7.41415,1,0,61,7,15,-18.3297,1,0,36,8,16,1.31653,0,0,93,8,17,-1.05128,0,0,37,9,15,0.0367569,1,0,64,11,15,6.4471e-06,1,0,39,11,17,0.331535,1,0,81,12,15,-0.00184791,1,0,40,12,17,0.0700508,1,0,83,13,16,-14.4802,1,0,41,13,17,-5.99089,1,0,42,14,15,-0.00309338,1,0,107,8,21,-2.32444,1,0,102,21,17,-6.74386,1,0,139,8,22,10.2218,1,0,141,22,20,-0.00243145,1,0,4,3,18,0.137811,1,0,85,3,19,-6.0567,1,0,169,8,23,-1.12091,1,0,127,23,16,19.9185,1,0,30,2,16,9.69031,1,0,33,4,16,-2.81101,0,0,74,14,20,16.1856,1,0,200,4,24,-2.81101,1,0,190,24,16,-14.9749,1,0,
2244.2
4359
0,0,1,0,1,0,0,0,2,0,0,0,3,0,0,0,4,0,0,0,5,0,0,0,6,0,2,2,7,0,2,2,8,0,0,0,9,0,0,0,10,0,0,0,11,0,0,0,12,0,0,0,13,0,2,2,14,0,2,2,15,3,-36.8515,0,16,3,-30.2546,0,17,3,-0.52541,0.104431,18,1,4.30807,1,19,1,-0.250082,0.264475,20,2,32.3699,1,21,1,0,0.5,22,1,0,0.5,23,1,0,0.5,24,1,0,0.5,
1,0,20,-3.79713e-05,1,0,3,1,20,-10.5415,1,0,68,2,18,-0.30758,1,0,45,3,20,-0.0226177,1,0,69,4,18,-0.0022633,1,0,7,5,20,-9.34729,1,0,12,8,18,0.0651064,1,0,47,8,19,0.17056,1,0,13,8,20,-16.995,0,0,48,10,18,-3.12513e-05,1,0,21,13,18,2.15403,1,0,50,13,19,-0.125041,1,0,26,19,16,-14.1399,1,0,75,20,16,-0.0263785,1,0,28,1,16,-0.00912587,1,0,88,3,15,-13.9884,1,0,92,3,17,0.00045114,1,0,76,4,15,9.60987,1,0,34,4,17,0.00320884,1,0,77,5,17,-9.8168,1,0,59,6,15,-0.0929267,1,0,60,6,17,7.41415,1,0,61,7,15,-18.3297,1,0,36,8,16,1.31653,0,0,93,8,17,-1.05128,0,0,37,9,15,0.0367569,1,0,64,11,15,6.4471e-06,1,0,39,11,17,0.331535,1,0,81,12,15,-0.00184791,1,0,40,12,17,0.0700508,1,0,83,13,16,-14.4802,1,0,41,13,17,-5.99089,1,0,42,14,15,-0.00309338,1,0,107,8,21,-2.32444,1,0,102,21,17,-6.74386,1,0,139,8,22,10.2218,1,0,141,22,20,-0.00243145,1,0,4,3,18,0.137811,1,0,85,3,19,-6.0567,1,0,169,8,23,-1.12091,1,0,127,23,16,19.9185,1,0,30,2,16,9.69031,1,0,33,4,16,-2.81101,0,0,74,14,20,16.1856,1,0,200,4,24,-2.81101,1,0,190,24,16,-14.9749,1,0,
0
4331
0,0,1,0,1,0,2,2,2,0,2,2,3,0,0,0,4,0,0,0,5,0,0,0,6,0,5,5,7,0,5,5,8,0,2,2,9,0,2,2,10,0,0,0,11,0,0,0,12,0,0,0,13,0,5,5,14,0,5,5,15,3,-29.9647,0,16,3,-34.7865,0,17,3,-10.4572,2.66237e-19,18,1,-12.3484,1.16413e-22,19,1,-0.915858,0.0230705,20,2,88.6554,1,21,1,-1.55841,0.00170258,22,1,-10.1606,8.95368e-19,23,1,-1.34921,0.00399667,24,1,0,0.5,
1,0,20,7.3328e-06,1,0,3,1,20,10.0784,1,0,68,2,18,0.215892,1,0,45,3,20,-0.0145003,1,0,69,4,18,-0.000904386,1,0,7,5,20,9.66948,1,0,12,8,18,-0.0258212,1,0,47,8,19,-0.138088,1,0,13,8,20,18.2742,0,0,48,10,18,1.68423e-05,1,0,21,13,18,-2.54571,1,0,50,13,19,-0.127936,1,0,26,19,16,10.7953,1,0,75,20,16,-0.0192974,1,0,28,1,16,0.00460791,1,0,88,3,15,2.18581,1,0,92,3,17,-0.000140128,1,0,76,4,15,0.68441,1,0,34,4,17,0.00348089,1,0,77,5,17,8.04246,1,0,59,6,15,-0.0866422,1,0,60,6,17,-5.76469,1,0,61,7,15,-14.8,1,0,36,8,16,-1.1743,0,0,93,8,17,-0.691914,0,0,37,9,15,-0.00911598,1,0,64,11,15,7.31541e-06,1,0,39,11,17,0.137093,1,0,81,12,15,0.0011268,1,0,40,12,17,0.0422005,1,0,83,13,16,-6.63688,1,0,41,13,17,3.67089,1,0,42,14,15,8.89735,1,0,107,8,21,-0.779207,1,0,102,21,17,6.9408,1,0,139,8,22,-5.08032,1,0,141,22,20,0.0027664,1,0,4,3,18,-0.104883,1,0,85,3,19,-4.47181,1,0,169,8,23,-0.674607,1,0,127,23,16,10.2795,1,0,30,2,16,-3.17048,1,0,33,4,16,0.199637,0,0,74,14,20,13.6997,1,0,200,4,24,-0.0882602,1,0,190,24,16,8.91751,1,0,
0.3
4331
0,0,1,0,1,0,1,1,2,0,1,1,3,0,0,0,4,0,0,0,5,0,0,0,6,0,6,6,7,0,6,6,8,0,1,1,9,0,1,1,10,0,0,0,11,0,0,0,12,0,0,0,13,0,6,6,14,0,6,6,15,3,-35.1905,0,16,3,28.4817,1,17,3,21.257,1,18,1,14.4393,1,19,1,0.761671,0.957517,20,2,60.6537,1,21,1,1.6785,0.998957,22,1,-3.21161,1.97395e-06,23,1,1.033,0.985585,24,1,-0.0397641,0.459431,
1,0,20,-1.67785e-07,1,0,3,1,20,-10.2537,1,0,68,2,18,0.116563,1,0,45,3,20,0.00167291,1,0,69,4,18,-0.00124688,1,0,7,5,20,0.34455,1,0,12,8,18,0.0384016,1,0,47,8,19,-0.064399,1,0,13,8,20,-0.445116,0,0,48,10,18,-1.43486e-05,1,0,21,13,18,2.38072,1,0,50,13,19,0.137678,1,0,26,19,16,8.81106,1,0,75,20,16,-0.0271422,1,0,28,1,16,0.00188063,1,0,88,3,15,-7.05128,1,0,92,3,17,0.000212462,1,0,76,4,15,-9.40438,1,0,34,4,17,-7.24255,1,0,77,5,17,3.76792,1,0,59,6,15,-0.0179577,1,0,60,6,17,2.49815,1,0,61,7,15,-5.30514,1,0,36,8,16,0.230483,0,0,93,8,17,0.0676736,1,0,37,9,15,-0.0149759,0,0,64,11,15,7.60546e-06,1,0,39,11,17,-0.309882,1,0,81,12,15,0.00219004,1,0,40,12,17,7.05238,1,0,83,13,16,1.23123,1,0,41,13,17,2.35372,1,0,42,14,15,0.00369967,1,0,107,8,21,1.6785,1,0,102,21,17,-7.93023,1,0,139,8,22,-3.21161,1,0,141,22,20,0.000794153,1,0,4,3,18,9.39321,1,0,85,3,19,-7.15977,1,0,169,8,23,1.033,1,0,127,23,16,3.44321,1,0,30,2,16,9.28929,1,0,33,4,16,-2.14341,1,0,74,14,20,11.8179,1,0,192,9,24,-0.0397641,1,0,180,24,15,-7.12649,1,0,
200.8
4331
0,0,1,0,1,0,0,0,2,0,0,0,3,0,0,0,4,0,0,0,5,0,0,0,6,0,7,7,7,0,7,7,8,0,0,0,9,0,0,0,10,0,0,0,11,0,0,0,12,0,0,0,13,0,7,7,14,0,7,7,15,3,6.34047,1,16,3,39.8799,1,17,3,42.7775,1,18,1,-12.9799,8.79617e-24,19,1,0.0794449,0.580525,20,2,112.5,1,21,1,0,0.5,22,1,0,0.5,23,1,0,0.5,24,1,0,0.5,
1,0,20,-3.27862e-05,1,0,3,1,20,14.9494,1,0,68,2,18,-0.368378,1,0,45,3,20,-0.00268489,1,0,69,4,18,-0.00150377,1,0,7,5,20,6.20568,1,0,12,8,18,0.00804612,1,0,47,8,19,0.154469,1,0,13,8,20,-15.8729,0,0,48,10,18,-3.12498e-05,1,0,21,13,18,-1.85427,1,0,50,13,19,0.0113493,1,0,26,19,16,-16.1487,1,0,75,20,16,0.018395,1,0,28,1,16,-0.00639627,1,0,88,3,15,11.2704,1,0,92,3,17,0.000323759,1,0,76,4,15,13.2873,1,0,34,4,17,-0.000377668,1,0,77,5,17,5.02799,1,0,59,6,15,-0.0982614,1,0,60,6,17,8.70384,1,0,61,7,15,20.187,1,0,36,8,16,0.0293935,0,0,93,8,17,0.781872,0,0,37,9,15,0.0274376,1,0,64,11,15,-2.28127e-06,1,0,39,11,17,-0.161805,1,0,81,12,15,0.0012988,1,0,40,12,17,0.0534803,1,0,83,13,16,7.08797,1,0,41,13,17,-2.17101,1,0,42,14,15,-19.183,1,0,107,8,21,-2.19303,1,0,102,21,17,-5.90473,1,0,139,8,22,4.88653,1,0,141,22,20,-0.00110679,1,0,4,3,18,-0.0669805,1,0,85,3,19,-0.797097,1,0,169,8,23,-1.00901,1,0,127,23,16,-12.7762,1,0,30,2,16,-9.8521,1,0,33,4,16,-3.09865,0,0,74,14,20,16.0715,1,0,200,4,24,-2.55763,1,0,190,24,16,12.0171,1,0,
503.8
4359
0,0,1,0,1,0,2,2,2,0,2,2,3,0,0,0,4,0,0,0,5,0,0,0,6,0,5,5,7,0,5,5,8,0,2,2,9,0,2,2,10,0,0,0,11,0,0,0,12,0,0,0,13,0,0,0,14,0,5,5,15,3,-85.4581,0,16,3,8.0061,1,17,3,37.0707,1,18,1,-0.484948,0.120953,19,1,0.341119,0.801418,20,2,59.8423,1,21,1,-4.64888,5.52527e-09,22,1,20.4437,1,23,1,-2.24182,0.000104206,24,1,0.0735139,0.574607,
1,0,20,-3.79713e-05,1,0,3,1,20,-10.5415,1,0,68,2,18,-0.30758,1,0,45,3,20,-0.0226177,1,0,69,4,18,-0.0022633,1,0,7,5,20,-9.34729,1,0,12,8,18,0.0651064,1,0,47,8,19,0.17056,1,0,13,8,20,-16.995,0,0,48,10,18,-3.12513e-05,1,0,21,13,18,2.15403,1,0,50,13,19,-0.125041,1,0,26,19,16,-14.1399,1,0,75,20,16,-0.0263785,1,0,28,1,16,-0.00912587,1,0,88,3,15,-13.9884,1,0,92,3,17,0.00045114,1,0,76,4,15,9.60987,1,0,34,4,17,0.00320884,1,0,77,5,17,-9.8168,1,0,59,6,15,-0.0929267,1,0,60,6,17,7.41415,1,0,61,7,15,-18.3297,1,0,36,8,16,1.31653,0,0,93,8,17,-1.05128,0,0,37,9,15,0.0367569,0,0,64,11,15,6.4471e-06,1,0,39,11,17,0.331535,1,0,81,12,15,-0.00184791,1,0,40,12,17,0.0700508,1,0,83,13,16,-14.4802,1,0,41,13,17,-5.99089,1,0,42,14,15,-0.00309338,1,0,107,8,21,-2.32444,1,0,102,21,17,-6.74386,1,0,139,8,22,10.2218,1,0,141,22,20,-0.00243145,1,0,4,3,18,0.137811,1,0,85,3,19,-6.0567,1,0,169,8,23,-1.12091,1,0,127,23,16,19.9185,1,0,30,2,16,9.69031,1,0,33,4,16,-2.81101,1,0,74,14,20,16.1856,1,0,192,9,24,0.0367569,1,0,180,24,15,11.6091,1,0,
0.9
4331
0,0,1,0,1,0,2,2,2,0,2,2,3,0,0,0,4,0,0,0,5,0,0,0,6,0,5,5,7,0,5,5,8,0,2,2,9,0,2,2,10,0,0,0,11,0,0,0,12,0,0,0,13,0,5,5,14,0,5,5,15,3,-4.80713,2.89243e-09,16,3,24.464,1,17,3,24.6698,1,18,1,-1.85332,0.000510262,19,1,-0.200463,0.305786,20,2,-44.7404,0,21,1,3.20677,0.999998,22,1,0.593684,0.91895,23,1,0.104966,0.605709,24,1,0.0770451,0.578133,
1,0,20,2.67885e-05,1,0,3,1,20,3.97136,1,0,68,2,18,-0.346974,1,0,45,3,20,3.74252,1,0,69,4,18,-0.00143116,1,0,7,5,20,9.54972,1,0,12,8,18,0.0614624,1,0,47,8,19,-0.0717823,1,0,13,8,20,-16.0033,0,0,48,10,18,1.17945e-05,1,0,21,13,18,-0.256459,1,0,50,13,19,-0.0113796,1,0,26,19,16,3.49507,1,0,75,20,16,0.00426372,1,0,28,1,16,-0.0106622,1,0,88,3,15,-11.0973,1,0,92,3,17,0.000429933,1,0,76,4,15,-9.26964,1,0,34,4,17,-0.00226206,1,0,77,5,17,8.60821,1,0,59,6,15,-0.0758387,1,0,60,6,17,1.92688,1,0,61,7,15,-0.703417,1,0,36,8,16,0.641778,0,0,93,8,17,0.714353,0,0,37,9,15,-11.4229,0,0,64,11,15,-3.59413e-06,1,0,39,11,17,-0.172434,1,0,81,12,15,0.00219753,1,0,40,12,17,-0.0282525,1,0,83,13,16,1.7934,1,0,41,13,17,4.54112,1,0,42,14,15,0.00121693,1,0,107,8,21,1.60339,1,0,102,21,17,-7.67016,1,0,139,8,22,0.296842,1,0,141,22,20,-0.000327707,1,0,4,3,18,0.0156567,1,0,85,3,19,-17.8673,1,0,169,8,23,0.052483,1,0,127,23,16,-9.73711,1,0,30,2,16,10.1737,1,0,33,4,16,0.355766,1,0,74,14,20,-10.5366,1,0,192,9,24,0.0385225,1,0,180,24,15,-1.58603,1,0,
0.7
4331
0,0,1,0,1,0,1,1,2,0,1,1,3,0,0,0,4,0,0,0,5,0,0,0,6,0,6,6,7,0,6,6,8,0,1,1,9,0,1,1,10,0,0,0,11,0,0,0,12,0,0,0,13,0,6,6,14,0,3,3,15,3,54.0267,1,16,3,-26.7547,0,17,3,-5.75942,5.88507e-11,18,1,0.965869,0.981116,19,1,-0.192931,0.312365,20,2,3.67222,1,21,1,2.10181,0.999815,22,1,11.0973,1,23,1,-0.950779,0.0200615,24,1,0,0.5,
1,0,20,4.01618e-05,1,0,3,1,20,-11.2112,1,0,68,2,18,-0.283014,1,0,45,3,20,0.0209665,1,0,69,4,18,-0.00188222,1,0,7,5,20,5.72795,1,0,12,8,18,-0.033211,1,0,47,8,19,-0.0412825,1,0,13,8,20,-11.8871,0,0,48,10,18,-0.196064,1,0,21,13,18,0.213682,1,0,50,13,19,-0.0252747,1,0,26,19,16,-5.1759,1,0,75,20,16,0.00404069,1,0,28,1,16,14.7257,1,0,88,3,15,10.7259,1,0,92,3,17,0.000512031,1,0,76,4,15,0.670936,1,0,34,4,17,-0.00383801,1,0,77,5,17,-1.26341,1,0,59,6,15,-0.0840763,1,0,60,6,17,4.74752,1,0,61,7,15,9.08793,1,0,36,8,16,0.701721,0,0,93,8,17,-9.5991,0,0,37,9,15,-0.00526514,1,0,64,11,15,6.70019e-06,1,0,39,11,17,11.7782,1,0,81,12,15,0.00146591,1,0,40,12,17,0.0207026,1,0,83,13,16,-8.23822,1,0,41,13,17,-6.68651,1,0,42,14,15,0.00295056,1,0,107,8,21,2.10181,1,0,102,21,17,5.87557,1,0,139,8,22,11.0973,1,0,141,22,20,-0.993631,1,0,4,3,18,-0.106367,1,0,85,3,19,-5.59805,1,0,169,8,23,-0.950779,1,0,127,23,16,-18.2769,1,0,30,2,16,10.384,1,0,33,4,16,-7.26886,0,0,74,14,20,5.29235,1,0,200,4,24,-3.18146,1,0,190,24,16,-0.911206,1,0,
0.6
4331
0,0,1,0,1,0,6,6,2,0,6,6,3,0,0,0,4,0,0,0,5,0,0,0,6,0,1,1,7,0,1,1,8,0,6,6,9,0,6,6,10,0,0,0,11,0,0,0,12,0,0,0,13,0,1,1,14,0,1,1,15,3,7.7947,1,16,3,-50.5052,0,17,3,-8.27874,1.9714e-15,18,1,-0.772658,0.0406923,19,1,-0.027972,0.47143,20,2,-18.423,1.88757e-33,21,1,-13.2435,2.99211e-24,22,1,46.0044,1,23,1,-3.96579,9.03054e-08,24,1,0,0.5,
1,0,20,-2.3078e-05,1,0,3,1,20,-3.942,1,0,68,2,18,0.279392,1,0,45,3,20,-0.0168168,1,0,69,4,18,-0.00167214,1,0,7,5,20,4.17521,1,0,12,8,18,-0.0134263,1,0,47,8,19,-0.0287206,1,0,13,8,20,6.85043,0,0,48,10,18,-4.27816e-07,1,0,21,13,18,-2.36845,1,0,50,13,19,0.144351,1,0,26,19,16,9.56206,1,0,75,20,16,0.0281751,1,0,28,1,16,-0.00939682,1,0,88,3,15,16.2346,1,0,92,3,17,3.23684e-05,1,0,76,4,15,0.91621,1,0,34,4,17,-0.00381275,1,0,77,5,17,-6.75935,1,0,59,6,15,-0.0844117,1,0,60,6,17,-1.97221,1,0,61,7,15,8.13158,1,0,36,8,16,1.11149,0,0,93,8,17,-0.107433,0,0,37,9,15,-0.0414664,1,0,64,11,15,1.61118e-06,1,0,39,11,17,-15.4384,1,0,81,12,15,0.000765906,1,0,40,12,17,-0.03258,1,0,83,13,16,-7.44925,1,0,41,13,17,-6.30653,1,0,42,14,15,-0.003674,1,0,107,8,21,-2.20726,1,0,102,21,17,-5.30668,1,0,139,8,22,7.6674,1,0,141,22,20,-0.00165341,1,0,4,3,18,0.165016,1,0,85,3,19,-19.1717,1,0,169,8,23,-0.660964,1,0,127,23,16,-13.9509,1,0,30,2,16,-8.19278,1,0,33,4,16,-2.18974,0,0,74,14,20,5.23068,1,0,200,4,24,0.467124,1,0,190,24,16,3.29847,1,0,
0.1
4331
0,0,1,0,1,0,5,5,2,0,5,5,3,0,0,0,4,0,0,0,5,0,0,0,6,0,2,2,7,0,2,2,8,0,2,2,9,0,5,5,10,0,0,0,11,0,0,0,12,0,0,0,13,0,2,2,14,0,2,2,15,3,-70.0421,0,16,3,-8.33721,1.55206e-15,17,3,-6.70824,1.21446e-12,18,1,-3.77977,1.93251e-07,19,1,-0.140699,0.359978,20,2,0.0285053,0.529114,21,1,-5.11066,8.35835e-10,22,1,-7.27233,1.20898e-13,23,1,-0.688632,0.0564388,24,1,0,0.5,
1,0,20,2.20194e-05,1,0,3,1,20,5.43894,1,0,68,2,18,-0.112986,1,0,45,3,20,0.0233031,1,0,69,4,18,-0.00136293,1,0,7,5,20,3.17808,1,0,12,8,18,-0.0323261,1,0,47,8,19,0.0389282,1,0,13,8,20,3.37764,0,0,48,10,18,3.71917e-05,1,0,21,13,18,-1.5751,1,0,50,13,19,-0.109278,1,0,26,19,16,-6.67369,1,0,75,20,16,-0.0161705,1,0,28,1,16,0.00945056,1,0,88,3,15,9.02665,1,0,92,3,17,0.000462819,1,0,76,4,15,1.96161,1,0,34,4,17,-0.000125368,1,0,77,5,17,-10.3648,1,0,59,6,15,-0.0954928,1,0,60,6,17,-7.40162,1,0,61,7,15,-0.320317,1,0,36,8,16,-1.33433,0,0,93,8,17,1.13569,0,0,37,9,15,-13.8417,1,0,64,11,15,-2.35608e-06,1,0,39,11,17,3.69606,1,0,81,12,15,12.9241,1,0,40,12,17,0.064921,1,0,83,13,16,1.73443,1,0,41,13,17,4.04749,1,0,42,14,15,-0.000990576,1,0,107,8,21,-2.55533,1,0,102,21,17,0.658619,1,0,139,8,22,-3.63616,1,0,141,22,20,0.00177261,1,0,4,3,18,0.0359764,1,0,85,3,19,5.59703,1,0,169,8,23,-0.344316,1,0,127,23,16,12.8262,1,0,30,2,16,-2.09229,1,0,33,4,16,-2.02422,0,0,74,14,20,-13.5831,1,0,200,4,24,1.01019,1,0,190,24,16,0.590303,1,0,
0.6
4331
0,0,1,0,1,0,3,3,2,0,3,3,3,0,0,0,4,0,0,0,5,0,0,0,6,0,4,4,7,0,4,4,8,0,3,3,9,0,3,3,10,0,0,0,11,0,0,0,12,0,0,0,13,0,4,4,14,0,4,4,15,3,-18.1001,7.07023e-33,16,3,-32.7465,0,17,3,-44.449,0,18,1,-8.31859,1.67491e-15,19,1,-0.192669,0.312595,20,2,64.0965,1,21,1,3.88119,1,22,1,-30.5003,0,23,1,-2.22186,0.000113069,
1,0,20,-2.70919e-05,1,0,3,1,20,9.21027,1,0,68,2,18,-0.366224,1,0,45,3,20,-9.35143,1,0,69,4,18,0.0014657,1,0,7,5,20,-11.0454,1,0,12,8,18,0.0495312,1,0,47,8,19,0.0252467,1,0,13,8,20,2.15595,0,0,48,10,18,8.11088e-06,1,0,21,13,18,-1.84213,1,0,50,13,19,-0.0671024,1,0,26,19,16,-8.29929,1,0,75,20,16,0.0138284,1,0,28,1,16,-0.00950629,1,0,88,3,15,8.91246,1,0,92,3,17,5.58991e-05,1,0,76,4,15,3.36162,1,0,34,4,17,0.00302424,1,0,77,5,17,-10.1622,1,0,59,6,15,-0.025425,1,0,60,6,17,-7.89072,1,0,61,7,15,-4.51026,1,0,36,8,16,-0.275478,0,0,93,8,17,18.474,0,0,37,9,15,0.00995502,1,0,64,11,15,-4.65784e-06,1,0,39,11,17,0.296258,1,0,81,12,15,0.0017446,1,0,40,12,17,-0.00194308,1,0,83,13,16,-13.2509,1,0,41,13,17,-3.91061,1,0,42,14,15,0.00319223,1,0,107,8,21,1.29373,1,0,102,21,17,2.75627,1,0,139,8,22,-10.1668,1,0,141,22,20,0.00219934,1,0,4,3,18,-0.0414439,1,0,85,3,19,-3.78456,1,0,169,8,23,-0.740619,1,0,127,23,16,4.40684,1,0,30,2,16,7.62181,1,0,33,4,16,-1.51525,1,0,74,14,20,9.11642,1,0,
0.6
4331
0,0,1,0,1,0,3,3,2,0,3,3,3,0,0,0,4,0,0,0,5,0,0,0,6,0,4,4,7,0,4,4,8,0,3,3,9,0,3,3,10,0,0,0,11,0,0,0,12,0,0,0,13,0,4,4,14,0,4,4,15,3,1.29868,0.99509,16,3,-57.3635,0,17,3,-57.0824,0,18,1,-8.57815,5.79336e-16,19,1,0.851599,0.970201,20,2,-10.9215,3.98602e-20,21,1,-4.39761,1.54409e-08,22,1,32.5061,1,23,1,-30.758,0,
1,0,20,4.3498e-05,1,0,3,1,20,-3.63991,1,0,68,2,18,-0.00324784,1,0,45,3,20,-19.5545,1,0,69,4,18,0.000590376,1,0,7,5,20,-1.18209,1,0,12,8,18,-0.0259904,1,0,47,8,19,0.0858458,1,0,13,8,20,-1.79283,0,0,48,10,18,-2.50967e-05,1,0,21,13,18,-2.12261,1,0,50,13,19,0.148515,1,0,26,19,16,-15.1815,1,0,75,20,16,-0.00729644,1,0,28,1,16,-0.00129498,1,0,88,3,15,-5.05178,1,0,92,3,17,-0.00024604,1,0,76,4,15,-4.03943,1,0,34,4,17,-0.00110932,1,0,77,5,17,6.02497,1,0,59,6,15,-0.0103823,1,0,60,6,17,-7.43274,1,0,61,7,15,0.361149,1,0,36,8,16,1.38875,0,0,93,8,17,0.531784,0,0,37,9,15,-0.0331381,1,0,64,11,15,7.68841e-06,1,0,39,11,17,-0.191592,1,0,81,12,15,-0.00148409,1,0,40,12,17,0.0374638,1,0,83,13,16,-7.3968,1,0,41,13,17,-6.83786,1,0,42,14,15,-0.00124472,1,0,107,8,21,-1.46587,1,0,102,21,17,5.45705,1,0,139,8,22,10.8354,1,0,141,22,20,-0.00177403,1,0,4,3,18,-0.144471,1,0,85,3,19,-2.11032,1,0,169,8,23,-10.2893,1,0,127,23,16,13.2347,1,0,30,2,16,-4.34778,1,0,178,7,23,0.0275029,1,0,161,0,23,-7.47999,1,0,143,12,22,1.1314,1,0,
0.3
4331
0,0,1,0,1,0,7,7,2,0,7,7,3,0,0,0,4,0,0,0,5,0,0,0,6,0,0,0,7,0,0,0,8,0,7,7,9,0,3,3,10,0,0,0,11,0,0,0,12,0,0,0,13,0,0,0,14,0,0,0,15,3,0.0753565,0.576448,16,3,-19.0038,1.75499e-34,17,3,-5.48911e-17,0.5,18,1,114.642,1,19,1,76.9031,1,20,2,3.22266,0.999998,21,1,-9.54822,1.09608e-17,22,1,-29.282,0,23,1,-6.84726,6.87799e-13,24,1,0,0.5,
1,0,20,-1.8277e-05,1,0,3,1,20,0.46038,1,0,68,2,18,16.3175,1,0,45,3,20,-0.00745923,1,0,69,4,18,0.0012151,1,0,7,5,20,-4.91254,1,0,12,8,18,0.0599383,1,0,47,8,19,10.9862,1,0,13,8,20,9.8892,0,0,48,10,18,-1.22379e-05,1,0,21,13,18,-2.47051,1,0,50,13,19,0.11366,1,0,26,19,16,11.7112,1,0,75,20,16,0.0290518,1,0,28,1,16,0.00706415,1,0,88,3,15,3.02566,1,0,92,3,17,-0.000166905,1,0,76,4,15,8.74143,1,0,34,4,17,-0.000792479,1,0,77,5,17,7.80406,1,0,59,6,15,0.0363929,1,0,60,6,17,5.38936,1,0,61,7,15,-17.7076,1,0,36,8,16,-1.24262,0,0,93,8,17,0.53844,0,0,37,9,15,0.0251188,1,0,64,11,15,-4.5367e-06,1,0,39,11,17,0.320732,1,0,81,12,15,0.000627628,1,0,40,12,17,0.0769046,1,0,83,13,16,12.3415,1,0,41,13,17,1.23691,1,0,42,14,15,0.0017893,1,0,107,8,21,-1.36403,1,0,102,21,17,-5.00792,1,0,139,8,22,-4.18314,1,0,141,22,20,-0.00175657,1,0,4,3,18,-0.0441064,1,0,85,3,19,-3.05099,1,0,169,8,23,-0.97818,1,0,127,23,16,-12.2731,1,0,30,2,16,-4.53055,1,0,33,4,16,-0.36667,0,0,74,14,20,12.1106,1,0,200,4,24,2.34451,1,0,190,24,16,1.84079,1,0,
2440.5
4359
0,0,1,0,1,0,0,0,2,0,0,0,3,0,0,0,4,0,0,0,5,0,0,0,6,0,2,2,7,0,2,2,8,0,0,0,9,0,0,0,10,0,0,0,11,0,0,0,12,0,0,0,13,0,2,2,14,0,2,2,15,3,-36.8515,0,16,3,-30.9984,0,17,3,-0.52541,0.104431,18,1,4.30807,1,19,1,-0.250082,0.264475,20,2,32.3699,1,21,1,0,0.5,22,1,0,0.5,23,1,0,0.5,24,1,0,0.5,
1,0,20,-3.79713e-05,1,0,3,1,20,-10.5415,1,0,68,2,18,-0.30758,1,0,45,3,20,-0.0226177,1,0,69,4,18,-0.0022633,1,0,7,5,20,-9.34729,1,0,12,8,18,0.0651064,1,0,47,8,19,0.17056,1,0,13,8,20,-16.995,0,0,48,10,18,-3.12513e-05,1,0,21,13,18,2.15403,1,0,50,13,19,-0.125041,1,0,26,19,16,-14.1399,1,0,75,20,16,-0.0263785,1,0,28,1,16,-0.00912587,1,0,88,3,15,-13.9884,1,0,92,3,17,0.00045114,1,0,76,4,15,9.60987,1,0,34,4,17,0.00320884,1,0,77,5,17,-9.8168,1,0,59,6,15,-0.0929267,1,0,60,6,17,7.41415,1,0,61,7,15,-18.3297,1,0,36,8,16,1.31653,0,0,93,8,17,-1.05128,0,0,37,9,15,0.0367569,1,0,64,11,15,6.4471e-06,1,0,39,11,17,0.331535,1,0,81,12,15,-0.00184791,1,0,40,12,17,0.0700508,1,0,83,13,16,-14.4802,1,0,41,13,17,-5.99089,1,0,42,14,15,-0.00309338,1,0,107,8,21,-2.32444,1,0,102,21,17,-6.74386,1,0,139,8,22,10.2218,1,0,141,22,20,-0.00243145,1,0,4,3,18,0.137811,1,0,85,3,19,-6.0567,1,0,169,8,23,-1.12091,1,0,127,23,16,19.9185,1,0,30,2,16,9.69031,1,0,33,4,16,-2.81101,0,0,74,14,20,16.1856,1,0,200,4,24,-2.81101,1,0,190,24,16,-16.4626,1,0,
0.2
4331
0,0,1,0,1,0,2,2,2,0,2,2,3,0,0,0,4,0,0,0,5,0,0,0,6,0,5,5,7,0,5,5,8,0,2,2,9,0,2,2,10,0,0,0,11,0,0,0,12,0,0,0,13,0,5,5,14,0,5,5,15,3,92.5856,1,16,3,25.7268,1,17,3,41.4443,1,18,1,11.5895,1,19,1,0.380789,0.825984,20,2,-62.5586,0,21,1,3.11067,0.999997,22,1,-12.6545,3.32826e-23,23,1,-2.23322,0.000107937,24,1,-0.0577094,0.441265,
1,0,20,4.08648e-05,1,0,3,1,20,1.36984,1,0,68,2,18,0.286873,1,0,45,3,20,-0.000728939,1,0,69,4,18,-0.0024466,1,0,7,5,20,-10.1266,1,0,12,8,18,-0.0437821,1,0,47,8,19,-0.0154022,1,0,13,8,20,-5.90328,0,0,48,10,18,9.3313,1,0,21,13,18,2.22067,1,0,50,13,19,0.0823186,1,0,26,19,16,10.7537,1,0,75,20,16,0.0163911,1,0,28,1,16,-0.00564417,1,0,88,3,15,-0.126805,1,0,92,3,17,-0.000149437,1,0,76,4,15,-7.14167,1,0,34,4,17,-0.00233729,1,0,77,5,17,-10.6351,1,0,59,6,15,-0.0952533,1,0,60,6,17,8.20191,1,0,61,7,15,17.7079,1,0,36,8,16,0.543153,0,0,93,8,17,0.151296,0,0,37,9,15,-0.0265801,0,0,64,11,15,-3.23468e-06,1,0,39,11,17,0.197273,1,0,81,12,15,-0.00127104,1,0,40,12,17,-0.0092036,1,0,83,13,16,3.96697,1,0,41,13,17,2.10529,1,0,42,14,15,-0.00295974,1,0,107,8,21,1.55534,1,0,102,21,17,-10.0917,1,0,139,8,22,-6.32726,1,0,141,22,20,0.00247775,1,0,4,3,18,-0.0589697,1,0,85,3,19,-1.83642,1,0,169,8,23,-1.11661,1,0,127,23,16,-4.04828,1,0,30,2,16,-1.48932,1,0,33,4,16,-0.257404,1,0,74,14,20,-13.0597,1,0,192,9,24,-0.0288547,1,0,180,24,15,10.2822,1,0,
0
4331
0,0,1,0,1,0,5,5,2,0,6,6,3,0,2,2,4,0,2,2,5,0,1,1,6,0,1,1,7,0,1,1,8,0,5,5,9,0,6,6,10,0,2,2,11,0,2,2,12,0,1,1,13,0,1,1,14,0,1,1,15,3,11.7272,1,16,3,87.4717,1,17,3,-17.8277,2.15397e-32,18,1,2.37195,0.999939,19,1,-2.58652,2.54472e-05,20,2,-15.6151,1.83404e-28,21,1,-1.41343,0.00307632,22,1,-43.2731,0,23,1,-1.37904,0.00353935,24,1,5.18277,1,
1,0,20,3.94054e-06,1,0,3,1,20,-0.703148,1,0,68,2,18,0.358575,1,0,45,3,20,-0.0159599,1,0,69,4,18,-0.00149806,1,0,7,5,20,-0.241509,1,0,12,8,18,0.019278,1,0,47,8,19,0.148888,1,0,13,8,20,-16.4444,0,0,48,10,18,2.80732e-05,1,0,21,13,18,0.0808665,1,0,50,13,19,-0.0770387,1,0,26,19,16,0.593577,1,0,75,20,16,-0.0132589,1,0,28,1,16,16.9546,1,0,88,3,15,5.10753,1,0,92,3,17,0.00021503,1,0,76,4,15,9.97631,1,0,34,4,17,0.000585652,1,0,77,5,17,-9.46911,1,0,59,6,15,-0.0498704,1,0,60,6,17,-3.55003,1,0,61,7,15,-18.3466,1,0,36,8,16,-1.46379,0,0,93,8,17,0.904004,0,0,37,9,15,-0.00766383,1,0,64,11,15,-4.32706e-07,1,0,39,11,17,-0.00179979,1,0,81,12,15,-0.000157921,1,0,40,12,17,0.0833571,1,0,83,13,16,12.5379,1,0,41,13,17,-4.88998,1,0,42,14,15,0.00208369,1,0,107,8,21,-0.282687,1,0,102,21,17,0.0125679,1,0,139,8,22,-8.65463,1,0,141,22,20,-0.00213145,1,0,4,3,18,0.0230921,1,0,85,3,19,-1.62696,1,0,169,8,23,-0.275808,1,0,127,23,16,12.8586,1,0,30,2,16,-3.56086,1,0,33,4,16,2.12185,0,0,74,14,20,-11.826,1,0,200,4,24,2.59139,1,0,190,24,16,11.4804,1,0,
0.1
4331
0,0,1,0,1,0,0,0,2,0,0,0,3,0,0,0,4,0,2,2,5,0,2,2,6,0,7,7,7,0,5,5,8,0,0,0,9,0,0,0,10,0,0,0,11,0,2,2,12,0,2,2,13,0,7,7,14,0,4,4,15,3,-57.2005,0,16,3,87.7541,1,17,3,-0.828507,0.0326538,18,1,1.71056,0.999085,19,1,-0.83462,0.0318732,20,2,-2.81349,1.00577e-05,21,1,0,0.5,22,1,0,0.5,23,1,0,0.5,
1,0,20,10.1756,1,0,3,1,20,-3.63314,1,0,68,2,18,0.153144,1,0,45,3,20,7.87953,1,0,69,4,18,-0.00250652,1,0,7,5,20,9.30558,1,0,12,8,18,0.0400988,1,0,47,8,19,-0.0629268,1,0,13,8,20,1.60194,0,0,48,10,18,-3.15938e-05,1,0,21,13,18,0.245081,1,0,50,13,19,-0.119231,1,0,26,19,16,-15.1298,1,0,75,20,16,-2.03731,1,0,28,1,16,-0.00271016,1,0,88,3,15,6.91996,1,0,92,3,17,-0.000256554,1,0,76,4,15,9.86899,1,0,34,4,17,-0.00359132,1,0,77,5,17,10.1081,1,0,59,6,15,-0.0601244,1,0,60,6,17,4.25029,1,0,61,7,15,-15.3046,1,0,36,8,16,-18.5414,0,0,93,8,17,0.133577,0,0,37,9,15,-0.0431935,1,0,64,11,15,4.45076e-06,1,0,39,11,17,-0.188604,1,0,81,12,15,-0.00220136,1,0,40,12,17,0.0730369,1,0,83,13,16,11.0594,1,0,41,13,17,-7.16366,1,0,42,14,15,0.00248122,1,0,107,8,21,2.78706,1,0,102,21,17,-0.825838,1,0,139,8,22,-12.2173,1,0,141,22,20,0.00158997,1,0,4,3,18,0.11471,1,0,85,3,19,-19.2574,1,0,169,8,23,0.311898,1,0,127,23,16,16.3004,1,0,30,2,16,-0.928228,1,0,33,4,16,1.33506,1,0,74,14,20,-5.35636,1,0,55,0,17,2.34036,1,0,
0
4331
0,0,1,0,1,0,2,2,2,0,2,2,3,0,2,2,4,0,4,4,5,0,4,4,6,0,5,5,7,0,3,3,8,0,2,2,9,0,2,2,10,0,2,2,11,0,4,4,12,0,4,4,13,0,5,5,14,0,3,3,15,3,-66.5747,0,16,3,-94.9219,0,17,3,1.86536,0.999514,18,1,17.6463,1,19,1,-2.87162,7.92946e-06,20,2,-20.2413,1.11197e-36,21,1,-1.12374,0.00999044,22,1,23.8293,1,23,1,1.3967,0.996707,24,1,6.90681,1,
1,0,20,-3.79842e-05,1,0,3,1,20,7.62535,1,0,68,2,18,0.323273,1,0,45,3,20,0.00575575,1,0,69,4,18,0.0022561,1,0,7,5,20,3.11861,1,0,12,8,18,2.45597,1,0,47,8,19,-0.189668,1,0,13,8,20,-13.0718,0,0,48,10,18,1.60756e-05,1,0,21,13,18,2.39028,1,0,50,13,19,-0.0051078,1,0,26,19,16,7.58782,1,0,75,20,16,0.0240253,1,0,28,1,16,-0.00512657,1,0,88,3,15,13.503,1,0,92,3,17,0.000323762,1,0,76,4,15,-0.142562,1,0,34,4,17,0.00137479,1,0,77,5,17,-11.6517,1,0,59,6,15,-0.0228295,1,0,60,6,17,5.00478,1,0,61,7,15,-12.8433,1,0,36,8,16,0.342659,0,0,93,8,17,0.453665,0,0,37,9,15,0.0288769,1,0,64,11,15,4.77204e-06,1,0,39,11,17,0.372361,1,0,81,12,15,-13.6058,1,0,40,12,17,6.31049,1,0,83,13,16,-11.3236,1,0,41,13,17,-0.644107,1,0,42,14,15,-0.000326503,1,0,107,8,21,-0.561869,1,0,102,21,17,-6.90143,1,0,139,8,22,11.9146,1,0,141,22,20,-0.00196089,1,0,4,3,18,0.0636781,1,0,85,3,19,-1.23337,1,0,169,8,23,0.698351,1,0,127,23,16,-14.576,1,0,30,2,16,-12.496,1,0,33,4,16,-3.51561,0,0,74,14,20,-15.992,1,0,200,4,24,1.7267,1,0,190,24,16,1.22608,1,0,
0.3
4331
0,0,1,0,1,0,0,0,2,0,0,0,3,0,0,0,4,0,0,0,5,0,0,0,6,0,7,7,7,0,7,7,8,0,0,0,9,0,0,0,10,0,0,0,11,0,0,0,12,0,0,0,13,0,7,7,14,0,7,7,15,3,117.312,1,16,3,91.873,1,17,3,-68.4031,0,18,1,12.5019,1,19,1,-0.598433,0.0796148,20,2,20.6302,1,21,1,0,0.5,22,1,0,0.5,23,1,0,0.5,
1,0,20,4.1409e-05,1,0,3,1,20,-12.7719,1,0,68,2,18,-0.351159,1,0,45,3,20,0.0133658,1,0,69,4,18,1.5049e-05,1,0,7,5,20,-12.1202,1,0,12,8,18,0.0164936,1,0,47,8,19,-0.0550096,1,0,13,8,20,-7.87449,0,0,48,10,18,-1.48655e-05,1,0,21,13,18,1.78599,1,0,50,13,19,-0.0854905,1,0,26,19,16,13.6479,1,0,75,20,16,-0.0242675,1,0,28,1,16,0.0102374,1,0,88,3,15,-12.1689,1,0,92,3,17,17.7322,1,0,76,4,15,-6.14798,1,0,34,4,17,0.00157393,1,0,77,5,17,1.803,1,0,59,6,15,-0.026937,1,0,60,6,17,-3.08171,1,0,61,7,15,16.7855,1,0,36,8,16,0.748634,0,0,93,8,17,0.94416,0,0,37,9,15,0.000710535,1,0,64,11,15,-3.26625e-06,1,0,39,11,17,-0.0885597,1,0,81,12,15,-0.00143641,1,0,40,12,17,0.0091561,1,0,83,13,16,11.6064,1,0,41,13,17,-6.24964,1,0,42,14,15,0.000296176,1,0,107,8,21,2.63124,1,0,102,21,17,-6.1672,1,0,139,8,22,-3.28528,1,0,141,22,20,0.00249597,1,0,4,3,18,0.0754616,1,0,85,3,19,1.66697,1,0,169,8,23,1.33914,1,0,127,23,16,19.1323,1,0,30,2,16,-0.409915,1,0,33,4,16,-2.04547,1,0,74,14,20,2.947,1,0,
0.6
4331
0,0,1,0,1,0,2,2,2,0,2,2,3,0,0,0,4,0,0,0,5,0,0,0,6,0,5,5,7,0,5,5,8,0,2,2,9,0,2,2,10,0,0,0,11,0,0,0,12,0,0,0,13,0,5,5,14,0,2,2,15,3,-14.7819,5.53954e-27,16,3,-115.483,0,17,3,-38.2306,0,18,1,30.0097,1,19,1,0.0894399,0.590446,20,2,-26.6033,0,21,1,2.81341,0.99999,22,1,26.6748,1,23,1,1.99865,0.999718,24,1,0,0.5,
1,0,20,1.73948e-05,1,0,3,1,20,2.06934,1,0,68,2,18,0.36366,1,0,45,3,20,0.00288826,1,0,69,4,18,-0.000435684,1,0,7,5,20,-0.850884,1,0,12,8,18,18.8352,1,0,47,8,19,0.126971,1,0,13,8,20,-4.73737,0,0,48,10,18,2.52157e-05,1,0,21,13,18,-1.67761,1,0,50,13,19,-0.0329003,1,0,26,19,16,0.771558,1,0,75,20,16,-0.0278862,1,0,28,1,16,-0.00271152,1,0,88,3,15,3.51537,1,0,92,3,17,0.000127835,1,0,76,4,15,-5.94483,1,0,34,4,17,0.00158076,1,0,77,5,17,-7.00392,1,0,59,6,15,-0.0438854,1,0,60,6,17,-2.35777,1,0,61,7,15,-2.90475,1,0,36,8,16,1.04032,0,0,93,8,17,0.118716,0,0,37,9,15,-0.0168111,1,0,64,11,15,2.58593e-06,1,0,39,11,17,0.392315,1,0,81,12,15,0.000444511,1,0,40,12,17,-0.0422441,1,0,83,13,16,-19.8262,1,0,41,13,17,-6.56359,1,0,42,14,15,-0.00254427,1,0,107,8,21,1.40671,1,0,102,21,17,6.3762,1,0,139,8,22,13.3374,1,0,141,22,20,0.000698374,1,0,4,3,18,-0.00976448,1,0,85,3,19,1.76455,1,0,169,8,23,0.999325,1,0,127,23,16,-9.90596,1,0,30,2,16,-0.930384,1,0,33,4,16,0.96455,0,0,74,14,20,-15.3713,1,0,200,4,24,0.765136,1,0,190,24,16,-10.0766,1,0,
0.1
4360
0,0,1,0,1,0,0,0,2,0,0,0,3,0,0,0,4,0,5,5,5,0,5,5,6,0,7,7,7,0,2,2,8,0,0,0,9,0,0,0,10,0,0,0,11,0,5,5,12,0,5,5,13,0,7,7,14,0,2,2,15,3,-26.0052,0,16,3,114.207,1,17,3,-192.719,0,18,1,2.03934,0.999762,19,1,0.880596,0.973445,20,2,-23.7074,7.74918e-43,21,1,0,0.5,22,1,0,0.5,23,1,0,0.5,24,1,0,0.5,
1,0,20,-18.7063,1,0,3,1,20,-9.55271,1,0,68,2,18,0.257779,1,0,45,3,20,0.00468231,1,0,69,4,18,-0.00101372,1,0,7,5,20,1.70274,1,0,12,8,18,0.077078,1,0,47,8,19,0.107045,1,0,13,8,20,19.7167,0,0,48,10,18,1.61381e-05,1,0,21,13,18,0.292058,1,0,50,13,19,0.125799,1,0,26,19,16,12.7439,1,0,75,20,16,0.0257244,1,0,28,1,16,-0.00270419,1,0,88,3,15,-0.964918,1,0,92,3,17,0.000406336,1,0,76,4,15,-6.08614,1,0,34,4,17,-16.1511,1,0,77,5,17,-11.302,1,0,59,6,15,0.0525153,1,0,60,6,17,-1.49787,1,0,61,7,15,16.3812,1,0,36,8,16,-1.31869,0,0,93,8,17,0.310861,0,0,37,9,15,-0.0334566,0,0,64,11,15,-6.10613e-06,1,0,39,11,17,-0.201642,1,0,81,12,15,-0.000600413,1,0,40,12,17,0.0412303,1,0,83,13,16,11.4411,1,0,41,13,17,-5.962,1,0,42,14,15,-17.4438,1,0,107,8,21,2.38682,1,0,102,21,17,-4.8658,1,0,139,8,22,17.719,1,0,141,22,20,-1.77367,1,0,4,3,18,-0.0585506,1,0,85,3,19,-0.525092,1,0,169,8,23,-0.612065,1,0,127,23,16,13.0559,1,0,30,2,16,8.05155,1,0,33,4,16,3.03714,1,0,74,14,20,-15.6671,1,0,192,9,24,-0.00590784,1,0,180,24,15,12.3719,1,0,
1933.09
4359
0,0,1,0,1,0,0,0,2,0,0,0,3,0,0,0,4,0,0,0,5,0,0,0,6,0,2,2,7,0,3,3,8,0,0,0,9,0,0,0,10,0,0,0,11,0,0,0,12,0,0,0,13,0,2,2,14,0,3,3,15,3,-55.1844,0,16,3,-30.2546,0,17,3,-0.52541,0.104431,18,1,4.30807,1,19,1,-0.250082,0.264475,20,2,48.5555,1,21,1,0,0.5,22,1,0,0.5,23,1,0,0.5,24,1,0,0.5,
1,0,20,-3.79713e-05,1,0,3,1,20,-10.5415,1,0,68,2,18,-0.30758,1,0,45,3,20,-0.0226177,1,0,69,4,18,-0.0022633,1,0,7,5,20,-9.34729,1,0,12,8,18,0.0651064,1,0,47,8,19,0.17056,1,0,13,8,20,-16.995,0,0,48,10,18,-3.12513e-05,1,0,21,13,18,2.15403,1,0,50,13,19,-0.125041,1,0,26,19,16,-14.1399,1,0,75,20,16,-0.0263785,1,0,28,1,16,-0.00912587,1,0,88,3,15,-13.9884,1,0,92,3,17,0.00045114,1,0,76,4,15,9.60987,1,0,34,4,17,0.00320884,1,0,77,5,17,-9.8168,1,0,59,6,15,-0.0929267,1,0,60,6,17,7.41415,1,0,61,7,15,-18.3297,1,0,36,8,16,1.31653,0,0,93,8,17,-1.05128,0,0,37,9,15,0.0367569,1,0,64,11,15,6.4471e-06,1,0,39,11,17,0.331535,1,0,81,12,15,-0.00184791,1,0,40,12,17,0.0700508,1,0,83,13,16,-14.4802,1,0,41,13,17,-5.99089,1,0,42,14,15,-0.00309338,1,0,107,8,21,-2.32444,1,0,102,21,17,-6.74386,1,0,139,8,22,10.2218,1,0,141,22,20,-0.00243145,1,0,4,3,18,0.137811,1,0,85,3,19,-6.0567,1,0,169,8,23,-1.12091,1,0,127,23,16,19.9185,1,0,30,2,16,9.69031,1,0,33,4,16,-2.81101,0,0,74,14,20,16.1856,1,0,200,4,24,-2.81101,1,0,190,24,16,-14.9749,1,0,
0.1
4331
0,0,1,0,1,0,2,2,2,0,2,2,3,0,0,0,4,0,0,0,5,0,0,0,6,0,5,5,7,0,5,5,8,0,2,2,9,0,2,2,10,0,0,0,11,0,0,0,12,0,0,0,13,0,5,5,14,0,5,5,15,3,-61.943,0,16,3,11.9912,1,17,3,25.0667,1,18,1,-9.66735,6.73326e-18,19,1,-0.146837,0.354215,20,2,-107.103,0,21,1,-0.883727,0.0262256,22,1,-5.34241,3.23945e-10,23,1,1.86454,0.999513,24,1,0,0.5,
1,0,20,1.35256e-05,1,0,3,1,20,-6.92938,1,0,68,2,18,0.0978442,1,0,45,3,20,-0.00832442,1,0,69,4,18,-0.00169929,1,0,7,5,20,-2.33019,1,0,12,8,18,-0.0672011,1,0,47,8,19,-0.045594,1,0,13,8,20,9.97412,0,0,48,10,18,3.4398e-05,1,0,21,13,18,-1.94573,1,0,50,13,19,-0.0111298,1,0,26,19,16,-16.8711,1,0,75,20,16,-0.0269931,1,0,28,1,16,-0.000795987,1,0,88,3,15,1.40646,1,0,92,3,17,10.2983,1,0,76,4,15,-7.43441,1,0,34,4,17,-0.000403671,1,0,77,5,17,1.32229,1,0,59,6,15,0.105867,1,0,60,6,17,6.39482,1,0,61,7,15,-13.2117,1,0,36,8,16,-1.58708,0,0,93,8,17,5.35292,0,0,37,9,15,1.7916,1,0,64,11,15,1.42487e-06,1,0,39,11,17,-0.130168,1,0,81,12,15,-0.00213684,1,0,40,12,17,-0.0170782,1,0,83,13,16,4.67546,1,0,41,13,17,-1.38633,1,0,42,14,15,0.000576285,1,0,107,8,21,-0.441863,1,0,102,21,17,0.923636,1,0,139,8,22,-2.6712,1,0,141,22,20,-2.00113,1,0,4,3,18,-0.0200579,1,0,85,3,19,11.7908,1,0,169,8,23,0.932272,1,0,127,23,16,12.9733,1,0,30,2,16,-7.3016,1,0,33,4,16,1.95679,0,0,74,14,20,-18.6488,1,0,200,4,24,-1.77203,1,0,190,24,16,-7.54465,1,0,
0
4331
0,0,1,0,1,0,3,3,2,0,3,3,3,0,3,3,4,0,3,3,5,0,3,3,6,0,4,4,7,0,4,4,8,0,3,3,9,0,3,3,10,0,3,3,11,0,3,3,12,0,3,3,13,0,4,4,14,0,4,4,15,3,-6.97089,4.1482e-13,16,3,-52.6886,0,17,3,96.6219,1,18,1,-6.73921,1.07001e-12,19,1,-19.4175,3.23159e-35,20,2,-10.1157,1.07586e-18,21,1,-3.20804,2.00295e-06,22,1,97.239,1,23,1,-9.66582,6.77546e-18,24,2,5.26684e-17,0.5,
1,0,20,1.33637e-05,1,0,3,1,20,-11.0771,1,0,68,2,18,0.273899,1,0,45,3,20,-0.00934441,1,0,69,4,18,0.00212292,1,0,7,5,20,7.71553,1,0,12,8,18,-0.0677689,1,0,47,8,19,-0.0571867,1,0,13,8,20,-3.31036,0,0,48,10,18,-1.35705e-05,1,0,21,13,18,-1.84415,1,0,50,13,19,-0.143571,1,0,26,19,16,1.53528,1,0,75,20,16,0.0288074,1,0,28,1,16,-0.00419141,1,0,88,3,15,-9.67129,1,0,92,3,17,14.6215,1,0,76,4,15,9.78518,1,0,34,4,17,0.000290712,1,0,77,5,17,-1.72374,1,0,59,6,15,-0.0820585,1,0,60,6,17,6.29494,1,0,61,7,15,-1.71615,1,0,36,8,16,-0.223966,0,0,93,8,17,0.889661,0,0,37,9,15,-0.0383918,1,0,64,11,15,4.67513e-06,1,0,39,11,17,5.02836,1,0,81,12,15,0.000204793,1,0,40,12,17,-0.0568804,1,0,83,13,16,-11.5256,1,0,41,13,17,4.45835,1,0,42,14,15,-0.00130411,1,0,107,8,21,-1.06935,1,0,102,21,17,-3.40864,1,0,139,8,22,8.83987,1,0,141,22,20,-0.00288321,1,0,4,3,18,0.0042223,1,0,85,3,19,-6.22388,1,0,169,8,23,-0.412309,1,0,127,23,16,-17.9227,0,0,30,2,16,-3.11119,1,0,178,7,23,-2.10722,1,0,134,6,22,17.6799,1,0,208,23,24,7.7734,1,0,190,24,16,5.51973,1,0,
0.7
4331
0,0,1,0,1,0,2,2,2,0,2,2,3,0,0,0,4,0,0,0,5,0,0,0,6,0,5,5,7,0,5,5,8,0,2,2,9,0,2,2,10,0,0,0,11,0,0,0,12,0,0,0,13,0,5,5,14,0,5,5,15,3,-66.2597,0,16,3,-50.7118,0,17,3,-27.4628,0,18,1,8.17532,1,19,1,-15.1024,1.49356e-27,20,2,-0.824609,0.0331613,21,1,1.8181,0.999411,22,1,4.00832,1,23,1,-1.17207,0.00821304,24,1,0,0.5,
1,0,20,-3.62758e-05,1,0,3,1,20,-9.69302,1,0,68,2,18,0.0922679,1,0,45,3,20,-0.0256107,1,0,69,4,18,0.0019443,1,0,7,5,20,0.755766,1,0,12,8,18,0.0178248,1,0,47,8,19,-0.0702365,1,0,13,8,20,1.62636,0,0,48,10,18,-17.7657,1,0,21,13,18,1.59103,1,0,50,13,19,-2.99238,1,0,26,19,16,8.41593,1,0,75,20,16,0.00739702,1,0,28,1,16,-0.00920436,1,0,88,3,15,3.4882,1,0,92,3,17,0.000105874,1,0,76,4,15,9.9124,1,0,34,4,17,-0.00056062,1,0,77,5,17,-10.0446,1,0,59,6,15,-0.0195136,1,0,60,6,17,-4.54787,1,0,61,7,15,-13.2344,1,0,36,8,16,1.23608,0,0,93,8,17,-0.301037,0,0,37,9,15,0.00663159,1,0,64,11,15,7.65682e-06,1,0,39,11,17,-2.00249,1,0,81,12,15,-0.000879064,1,0,40,12,17,0.0689135,1,0,83,13,16,-9.2606,1,0,41,13,17,0.909053,1,0,42,14,15,-0.000632741,1,0,107,8,21,0.909049,1,0,102,21,17,-9.27413,1,0,139,8,22,2.00416,1,0,141,22,20,-0.000910529,1,0,4,3,18,-0.146451,1,0,85,3,19,1.46901,1,0,169,8,23,-0.586037,1,0,127,23,16,15.819,1,0,30,2,16,-1.27147,1,0,33,4,16,1.39394,0,0,74,14,20,3.71247,1,0,200,4,24,-1.54064,1,0,190,24,16,-3.95538,1,0,
0.1
4331
0,0,1,0,1,0,1,1,2,0,1,1,3,0,0,0,4,0,0,0,5,0,0,0,6,0,6,6,7,0,6,6,8,0,1,1,9,0,1,1,10,0,0,0,11,0,0,0,12,0,0,0,13,0,6,6,14,0,6,6,15,3,-49.8291,0,16,3,-9.3345,2.62705e-17,17,3,-33.5852,0,18,1,11.5054,1,19,1,-0.84961,0.0300348,20,2,-105.586,0,21,1,1.77774,0.999305,22,1,10.0847,1,23,1,1.02916,0.985361,24,1,0,0.5,
1,0,20,9.4137e-06,1,0,3,1,20,7.68747,1,0,68,2,18,-0.134009,1,0,45,3,20,-0.0266433,1,0,69,4,18,0.00208823,1,0,7,5,20,-2.1175,1,0,12,8,18,-0.0443957,1,0,47,8,19,-0.0858476,1,0,13,8,20,2.51746,0,0,48,10,18,-1.34601e-05,1,0,21,13,18,1.94731,1,0,50,13,19,-0.127294,1,0,26,19,16,6.68223,1,0,75,20,16,0.00137211,1,0,28,1,16,0.00567002,1,0,88,3,15,-5.2716,1,0,92,3,17,0.000474831,1,0,76,4,15,-10.4489,1,0,34,4,17,-0.00144248,1,0,77,5,17,-13.7096,1,0,59,6,15,-0.0791107,1,0,60,6,17,-8.88463,1,0,61,7,15,-8.22175,1,0,36,8,16,-0.617,0,0,93,8,17,-0.94431,0,0,37,9,15,-0.0386973,1,0,64,11,15,9.11608e-07,1,0,39,11,17,0.0948606,1,0,81,12,15,0.000376275,1,0,40,12,17,6.39746,1,0,83,13,16,-4.26422,1,0,41,13,17,2.96048,1,0,42,14,15,0.00244902,1,0,107,8,21,1.77774,1,0,102,21,17,1.9611,1,0,139,8,22,10.0847,1,0,141,22,20,0.00239112,1,0,4,3,18,-0.0647775,1,0,85,3,19,4.32092,1,0,169,8,23,1.02916,1,0,127,23,16,3.72253,1,0,30,2,16,7.62736,1,0,33,4,16,2.26486,0,0,74,14,20,-18.8794,1,0,200,4,24,-0.301753,1,0,190,24,16,9.49816,1,0,
0.6
4331
0,0,1,0,1,0,7,7,2,0,7,7,3,0,0,0,4,0,0,0,5,0,0,0,6,0,0,0,7,0,0,0,8,0,5,5,9,0,7,7,10,0,0,0,11,0,0,0,12,0,0,0,13,0,0,0,14,0,0,0,15,3,-0.0325902,0.466726,16,3,65.4763,1,17,3,7.48035,1,18,1,1.42573,0.997074,19,1,0.697906,0.945548,20,2,-72.6123,0,21,1,12.0079,1,22,1,-15.4231,4.02226e-28,23,1,49.021,1,24,1,0,0.5,
1,0,20,3.08926e-05,1,0,3,1,20,-10.3732,1,0,68,2,18,0.184765,1,0,45,3,20,-0.00298058,1,0,69,4,18,0.000875348,1,0,7,5,20,-6.44752,1,0,12,8,18,0.0264737,1,0,47,8,19,0.139581,1,0,13,8,20,-19.9594,0,0,48,10,18,2.97617,1,0,21,13,18,-1.63336,1,0,50,13,19,-13.7876,1,0,26,19,16,-2.25042,1,0,75,20,16,-0.0316045,1,0,28,1,16,-0.00701121,1,0,88,3,15,1.26147,1,0,92,3,17,-0.000108377,1,0,76,4,15,2.88194,1,0,34,4,17,0.000932186,1,0,77,5,17,8.64973,1,0,59,6,15,-0.0326831,1,0,60,6,17,3.26424,1,0,61,7,15,8.06996,1,0,36,8,16,-1.38264,0,0,93,8,17,-0.111517,0,0,37,9,15,-0.00465574,1,0,64,11,15,2.45097e-06,1,0,39,11,17,-0.00657038,1,0,81,12,15,0.00030261,1,0,40,12,17,0.0770774,1,0,83,13,16,16.6815,1,0,41,13,17,3.83883,1,0,42,14,15,-0.00217767,1,0,107,8,21,2.40158,1,0,102,21,17,7.48035,1,0,139,8,22,-3.08462,1,0,141,22,20,0.00220203,1,0,4,3,18,-19.9862,1,0,85,3,19,-1.19407,1,0,169,8,23,9.80419,1,0,127,23,16,9.54045,1,0,30,2,16,8.24668,1,0,33,4,16,-1.98927,0,0,74,14,20,3.2122,1,0,200,4,24,-2.27552,1,0,190,24,16,0.772205,1,0,
0.2
4331
0,0,1,0,1,0,6,6,2,0,6,6,3,0,0,0,4,0,0,0,5,0,0,0,6,0,1,1,7,0,1,1,8,0,6,6,9,0,6,6,10,0,0,0,11,0,0,0,12,0,0,0,13,0,1,1,14,0,1,1,15,3,8.43119,1,16,3,-59.9167,0,17,3,-16.4894,5.13357e-30,18,1,1.00254,0.983704,19,1,0.725835,0.951138,20,2,40.9426,1,21,1,14.9651,1,22,1,-68.5212,0,23,1,-1.71862,0.000884905,24,1,0,0.5,25,1,0,0.5,
1,0,20,-2.32716e-05,1,0,3,1,20,3.87886,1,0,68,2,18,-0.0792215,1,0,45,3,20,-0.00238824,1,0,69,4,18,-0.000932693,1,0,7,5,20,4.66531,1,0,12,8,18,-0.0493998,1,0,47,8,19,0.145732,1,0,13,8,20,18.1764,0,0,48,10,18,-13.4084,1,0,21,13,18,1.77427,1,0,50,13,19,-0.148559,1,0,26,19,16,-6.06334,1,0,75,20,16,-0.00306102,1,0,28,1,16,3.87952e-05,1,0,88,3,15,0.574858,1,0,92,3,17,0.000356613,1,0,76,4,15,-1.76838,1,0,34,4,17,-0.000934791,1,0,77,5,17,-5.38056,1,0,59,6,15,2.76118,1,0,60,6,17,-13.5506,1,0,61,7,15,5.48981,1,0,36,8,16,-17.4769,0,0,93,8,17,1.09604,0,0,37,9,15,0.0301629,1,0,64,11,15,3.69791e-06,1,0,39,11,17,0.380844,0,0,81,12,15,-5.0743,1,0,40,12,17,-0.0347833,1,0,83,13,16,-9.96918,1,0,41,13,17,5.39231,1,0,42,14,15,-0.000783567,1,0,107,8,21,2.49418,1,0,102,21,17,-0.252709,1,0,139,8,22,-11.4202,1,0,141,22,20,12.0677,1,0,4,3,18,0.111635,1,0,85,3,19,4.1723,1,0,169,8,23,-0.286436,1,0,127,23,16,-17.7608,1,0,30,2,16,-7.27088,1,0,33,4,16,1.44814,0,0,74,14,20,17.6695,1,0,200,4,24,-1.302,1,0,190,24,16,-1.07319,1,0,230,11,25,0.380844,1,0,219,25,17,-16.1568,1,0,
0.3
4331
0,0,1,0,1,0,6,6,2,0,6,6,3,0,0,0,4,0,0,0,5,0,0,0,6,0,1,1,7,0,1,1,8,0,6,6,9,0,6,6,10,0,0,0,11,0,0,0,12,0,0,0,13,0,1,1,14,0,1,1,15,3,-17.4758,9.08663e-32,16,3,39.2047,1,17,3,14.7598,1,18,1,-0.681624,0.0579847,19,1,0.452936,0.864421,20,2,-24.863,7.00649e-45,21,1,8.01007,1,22,1,-10.5353,1.93419e-19,23,1,-1.97518,0.00031004,
1,0,20,3.19882e-05,1,0,3,1,20,-5.53378,1,0,68,2,18,-0.109361,1,0,45,3,20,-0.0125913,1,0,69,4,18,-0.000765341,1,0,7,5,20,9.94171,1,0,12,8,18,0.00239595,1,0,47,8,19,0.0695753,1,0,13,8,20,-0.928539,0,0,48,10,18,1.88203e-05,1,0,21,13,18,-0.0398339,1,0,50,13,19,0.0354841,1,0,26,19,16,2.12356,1,0,75,20,16,-0.0167277,1,0,28,1,16,18.3077,1,0,88,3,15,6.87002,1,0,92,3,17,-0.00053337,1,0,76,4,15,-18.5222,1,0,34,4,17,0.00244488,1,0,77,5,17,0.0141238,1,0,59,6,15,-0.0396456,1,0,60,6,17,8.89455,1,0,61,7,15,-17.2287,1,0,36,8,16,-1.08433,0,0,93,8,17,0.738605,0,0,37,9,15,-0.0350071,1,0,64,11,15,-2.88633e-06,1,0,39,11,17,-0.0478822,1,0,81,12,15,0.000680587,1,0,40,12,17,0.0576883,1,0,83,13,16,-3.39783,1,0,41,13,17,1.28092,1,0,42,14,15,0.00257918,1,0,107,8,21,1.33501,1,0,102,21,17,4.58428,1,0,139,8,22,-1.75589,1,0,141,22,20,0.0010718,1,0,4,3,18,-0.136393,1,0,85,3,19,5.84174,1,0,169,8,23,-0.329197,1,0,127,23,16,7.18713,1,0,30,2,16,-11.5136,1,0,33,4,16,1.95331,1,0,74,14,20,8.33973,1,0,
0.2
4331
0,0,1,0,1,0,4,4,2,0,4,4,3,0,0,0,4,0,0,0,5,0,0,0,6,0,3,3,7,0,3,3,8,0,4,4,9,0,4,4,10,0,0,0,11,0,0,0,12,0,0,0,13,0,0,0,14,0,3,3,15,3,-26.8415,0,16,3,-43.0531,0,17,3,-19.5544,1.84618e-35,18,1,-1.22475,0.00663182,19,1,0.685933,0.94297,20,2,43.3896,1,21,1,-4.2644,2.66255e-08,22,1,26.0078,1,23,1,3.06074,0.999996,
1,0,20,2.30946e-05,1,0,3,1,20,5.76443,1,0,68,2,18,-0.257569,1,0,45,3,20,0.0210382,1,0,69,4,18,-0.00237252,1,0,7,5,20,5.66657,1,0,12,8,18,-0.0486182,1,0,47,8,19,0.171483,1,0,13,8,20,-11.1685,0,0,48,10,18,3.60621e-05,1,0,21,13,18,12.5486,1,0,50,13,19,0.124801,1,0,26,19,16,-15.4475,1,0,75,20,16,0.000493102,1,0,28,1,16,0.00705907,1,0,88,3,15,-5.06199,1,0,92,3,17,0.000266743,1,0,76,4,15,-5.16594,1,0,34,4,17,-0.00103492,1,0,77,5,17,2.02009,1,0,59,6,15,0.0533098,1,0,60,6,17,-6.51812,1,0,61,7,15,7.15476,1,0,36,8,16,13.8658,0,0,93,8,17,0.716598,0,0,37,9,15,-0.027314,1,0,64,11,15,4.42272,1,0,39,11,17,0.244448,1,0,81,12,15,-0.00134559,1,0,40,12,17,-0.0709515,1,0,83,13,16,5.23147,1,0,41,13,17,1.36047,1,0,42,14,15,-16.1188,1,0,107,8,21,-1.0661,1,0,102,21,17,6.96229,1,0,139,8,22,6.50194,1,0,141,22,20,-0.00155823,1,0,4,3,18,0.0928173,1,0,85,3,19,-6.56065,1,0,169,8,23,0.765186,1,0,127,23,16,-0.32936,1,0,30,2,16,-7.04647,1,0,33,4,16,-1.2174,1,0,74,14,20,6.77783,1,0,
0.1
4331
0,0,1,0,1,0,5,5,2,0,5,5,3,0,0,0,4,0,0,0,5,0,0,0,6,0,2,2,7,0,2,2,8,0,5,5,9,0,0,0,10,0,0,0,11,0,0,0,12,0,0,0,13,0,2,2,14,0,2,2,15,3,-6.40122,4.26333e-12,16,3,-44.2486,0,17,3,-18.3535,2.50755e-33,18,1,4.26068,1,19,1,19.5126,1,20,2,-41.3519,0,21,1,13.6895,1,22,1,32.0384,1,23,1,2.599,0.999976,24,1,0,0.5,
1,0,20,-1.39544e-05,1,0,3,1,20,-9.36939,1,0,68,2,18,0.150682,1,0,45,3,20,0.00325411,1,0,69,4,18,-0.000660349,1,0,7,5,20,-0.528457,1,0,12,8,18,-0.0293072,1,0,47,8,19,0.0953785,1,0,13,8,20,5.15498,0,0,48,10,18,-9.9297e-06,1,0,21,13,18,1.8269,1,0,50,13,19,9.51786,1,0,26,19,16,-7.4245,1,0,75,20,16,-0.00800926,1,0,28,1,16,0.00994709,1,0,88,3,15,-5.62644,1,0,92,3,17,7.88016e-05,1,0,76,4,15,-1.20136,1,0,34,4,17,-0.00316012,1,0,77,5,17,-2.99637,1,0,59,6,15,0.0148584,1,0,60,6,17,2.91114,1,0,61,7,15,-3.21205,1,0,36,8,16,-1.06593,0,0,93,8,17,-0.648137,0,0,37,9,15,-0.00109713,1,0,64,11,15,5.15818e-06,1,0,39,11,17,0.0535793,1,0,81,12,15,-0.00207418,1,0,40,12,17,0.0428344,1,0,83,13,16,2.71129,1,0,41,13,17,-3.05519,1,0,42,14,15,-0.00341735,1,0,107,8,21,2.7379,1,0,102,21,17,-18.0655,1,0,139,8,22,6.40768,1,0,141,22,20,-0.00167556,1,0,4,3,18,-0.090109,1,0,85,3,19,-4.67192,1,0,169,8,23,0.519799,1,0,127,23,16,-15.0469,1,0,30,2,16,-7.24314,1,0,33,4,16,-19.2059,0,0,74,14,20,2.74837,1,0,200,4,24,-3.03416,1,0,190,24,16,17.9316,1,0,
0.5
4331
0,0,1,0,1,0,2,2,2,0,2,2,3,0,0,0,4,0,0,0,5,0,0,0,6,0,5,5,7,0,5,5,8,0,2,2,9,0,2,2,10,0,0,0,11,0,0,0,12,0,0,0,13,0,5,5,14,0,5,5,15,3,81.5336,1,16,3,95.4665,1,17,3,13.26,1,18,1,1.31958,0.995491,19,1,20.1766,1,20,2,-2.13576,0.000160789,21,1,0.881335,0.973523,22,1,-20.6878,1.79067e-37,23,1,0.191583,0.68645,24,1,0,0.5,
1,0,20,-1.89746e-05,1,0,3,1,20,-4.23283,1,0,68,2,18,-0.311752,1,0,45,3,20,-0.00105135,1,0,69,4,18,0.00222253,1,0,7,5,20,-2.95266,1,0,12,8,18,0.041496,1,0,47,8,19,10.3107,1,0,13,8,20,11.9483,0,0,48,10,18,-2.43075e-06,1,0,21,13,18,0.372019,1,0,50,13,19,-0.088955,1,0,26,19,16,8.88955,1,0,75,20,16,-0.00383449,1,0,28,1,16,-0.00810072,1,0,88,3,15,2.89851,1,0,92,3,17,-0.000381039,1,0,76,4,15,-6.55005,1,0,34,4,17,-4.61292,1,0,77,5,17,0.601848,1,0,59,6,15,-0.0668582,1,0,60,6,17,7.58918,1,0,61,7,15,16.3694,1,0,36,8,16,1.29293,0,0,93,8,17,0.665134,0,0,37,9,15,0.00534827,1,0,64,11,15,3.55739e-06,1,0,39,11,17,-0.105155,1,0,81,12,15,9.31409e-05,1,0,40,12,17,0.0375805,1,0,83,13,16,10.3376,1,0,41,13,17,-6.13848,1,0,42,14,15,0.00209237,1,0,107,8,21,0.440668,1,0,102,21,17,6.16987,1,0,139,8,22,-10.3439,1,0,141,22,20,0.00290877,1,0,4,3,18,-0.643082,1,0,85,3,19,-2.74924,1,0,169,8,23,0.0957914,1,0,127,23,16,16.0013,1,0,30,2,16,9.35409,1,0,33,4,16,0.795641,0,0,74,14,20,1.26598,1,0,200,4,24,3.1701,1,0,190,24,16,10.4254,1,0,
0
4331
0,0,1,0,1,0,2,2,2,0,2,2,3,0,2,2,4,0,4,4,5,0,4,4,6,0,5,5,7,0,3,3,8,0,2,2,9,0,2,2,10,0,2,2,11,0,4,4,12,0,4,4,13,0,5,5,14,0,3,3,15,3,-12.2921,1.46533e-22,16,3,73.2384,1,17,3,-46.0127,0,18,1,49.0043,1,19,1,-9.38369,2.14829e-17,20,2,-57.2331,0,21,1,-63.4173,0,22,1,-0.918947,0.0227875,23,1,1.939,0.999641,24,1,-8.67245,3.93953e-16,
1,0,20,-1.01594e-05,1,0,3,1,20,12.542,1,0,68,2,18,-0.0139019,1,0,45,3,20,0.0112537,1,0,69,4,18,-0.00217962,1,0,7,5,20,-9.45197,1,0,12,8,18,19.467,1,0,47,8,19,-0.00201068,1,0,13,8,20,14.3094,0,0,48,10,18,-1.09534e-05,1,0,21,13,18,2.0791,1,0,50,13,19,0.0761047,1,0,26,19,16,-9.42874,1,0,75,20,16,-0.0299549,1,0,28,1,16,15.8335,1,0,88,3,15,-3.14691,1,0,92,3,17,1.0878e-05,1,0,76,4,15,5.1119,1,0,34,4,17,-0.091053,1,0,77,5,17,-1.34844,1,0,59,6,15,0.0419579,1,0,60,6,17,-1.25124,1,0,61,7,15,-8.88953,1,0,36,8,16,-0.913998,0,0,93,8,17,0.13908,0,0,37,9,15,0.00573957,1,0,64,11,15,1.61699e-06,1,0,39,11,17,-0.310091,1,0,81,12,15,0.00082497,1,0,40,12,17,-4.28693,1,0,83,13,16,10.6533,1,0,41,13,17,-3.1221,1,0,42,14,15,-0.000627789,1,0,107,8,21,-1.29636,1,0,102,21,17,-1.8756,1,0,139,8,22,-0.459473,1,0,141,22,20,-0.00050354,1,0,4,3,18,-0.144364,1,0,85,3,19,-4.88009,1,0,169,8,23,0.969501,1,0,127,23,16,-17.6387,1,0,30,2,16,2.96868,1,0,33,4,16,-0.108891,0,0,74,14,20,-14.8439,1,0,200,4,24,-2.16811,1,0,190,24,16,16.5342,1,0,111,13,21,-12.1649,1,0,
0.1
4331
0,0,1,0,1,0,5,5,2,0,5,5,3,0,0,0,4,0,0,0,5,0,0,0,6,0,2,2,7,0,2,2,8,0,5,5,9,0,5,5,10,0,0,0,11,0,0,0,12,0,0,0,13,0,2,2,14,0,2,2,15,3,-4.216,3.24534e-08,16,3,19.3687,1,17,3,9.06511,1,18,1,-2.92806,6.29491e-06,19,1,0.0173814,0.517765,20,2,-6.22885,8.62812e-12,21,1,-10.3513,4.10578e-19,22,1,-8.37562,1.32646e-15,23,1,72.6337,1,24,1,0.139976,0.63934,
1,0,20,-1.36122e-05,1,0,3,1,20,2.17663,1,0,68,2,18,-0.0415829,1,0,45,3,20,-0.001304,1,0,69,4,18,-0.00136744,1,0,7,5,20,-3.87321,1,0,12,8,18,-0.0205765,1,0,47,8,19,0.0484225,1,0,13,8,20,18.8346,0,0,48,10,18,-1.60943e-05,1,0,21,13,18,-1.30863,1,0,50,13,19,-0.112366,1,0,26,19,16,-0.394432,1,0,75,20,16,-0.0206353,1,0,28,1,16,0.00999929,1,0,88,3,15,4.81801,1,0,92,3,17,0.000146639,1,0,76,4,15,9.8824,1,0,34,4,17,-0.00194115,1,0,77,5,17,-1.97478,1,0,59,6,15,0.0856094,1,0,60,6,17,6.80532,1,0,61,7,15,-2.49749,1,0,36,8,16,-0.414192,0,0,93,8,17,0.663796,0,0,37,9,15,-1.81562,0,0,64,11,15,5.23029e-06,1,0,39,11,17,-0.216506,1,0,81,12,15,-0.00187063,1,0,40,12,17,-17.7141,1,0,83,13,16,15.8504,1,0,41,13,17,-2.27276,1,0,42,14,15,0.00234535,1,0,107,8,21,-2.07026,1,0,102,21,17,7.46045,1,0,139,8,22,-1.67512,1,0,141,22,20,-0.00123357,1,0,4,3,18,0.0461922,1,0,85,3,19,-4.57761,1,0,169,8,23,14.5267,1,0,127,23,16,-16.3173,1,0,30,2,16,0.827867,1,0,33,4,16,-0.990487,1,0,74,14,20,-8.55599,1,0,192,9,24,0.0279951,1,0,180,24,15,0.943254,1,0,
0.1
4331
0,0,1,0,1,0,2,2,2,0,7,7,3,0,5,5,4,0,5,5,5,0,0,0,6,0,0,0,7,0,0,0,8,0,2,2,9,0,7,7,10,0,5,5,11,0,5,5,12,0,0,0,13,0,0,0,14,0,0,0,15,3,-21.5494,5.2791e-39,16,3,-54.0655,0,17,3,70.5982,1,18,1,0.734378,0.952737,19,1,-8.62068,4.86853e-16,20,2,4.38693,1,21,1,-4.56079,7.92199e-09,22,1,0.569048,0.911121,23,1,-1.87915,0.000459134,24,1,-5.06258,1.01748e-09,
1,0,20,-3.96071e-05,1,0,3,1,20,2.23421,1,0,68,2,18,-0.234404,1,0,45,3,20,-0.0161962,1,0,69,4,18,-0.000423701,1,0,7,5,20,-2.52153,1,0,12,8,18,0.0667915,1,0,47,8,19,0.0856896,1,0,13,8,20,-8.68955,0,0,48,10,18,0.594818,1,0,21,13,18,0.899158,1,0,50,13,19,-0.126905,1,0,26,19,16,13.7198,1,0,75,20,16,-0.0174979,1,0,28,1,16,0.0107255,1,0,88,3,15,0.0822667,1,0,92,3,17,0.000267215,1,0,76,4,15,-4.34604,1,0,34,4,17,0.00212438,1,0,77,5,17,-0.873492,1,0,59,6,15,0.061896,1,0,60,6,17,-5.33786,1,0,61,7,15,-11.8974,1,0,36,8,16,-1.17163,0,0,93,8,17,-1.10123,0,0,37,9,15,-0.0329378,1,0,64,11,15,6.5363e-06,1,0,39,11,17,14.1172,1,0,81,12,15,-7.62913,1,0,40,12,17,0.0798757,1,0,83,13,16,-3.39324,1,0,41,13,17,3.38633,1,0,42,14,15,0.000876823,1,0,107,8,21,-2.28039,1,0,102,21,17,-3.01007,1,0,139,8,22,0.284524,1,0,141,22,20,-0.000556243,1,0,4,3,18,-0.146069,1,0,85,3,19,-1.75841,1,0,169,8,23,-0.939573,1,0,127,23,16,15.853,1,0,30,2,16,-7.72525,1,0,33,4,16,3.20192,0,0,74,14,20,10.888,1,0,200,4,24,-1.01252,1,0,190,24,16,-5.54295,1,0,
1514.3
4359
0,0,1,0,1,0,0,0,2,0,0,0,3,0,0,0,4,0,0,0,5,0,0,0,6,0,1,1,7,0,1,1,8,0,0,0,9,0,0,0,10,0,0,0,11,0,0,0,12,0,0,0,13,0,1,1,14,0,1,1,15,3,-12.6212,3.81431e-23,16,3,-9.84782,3.21865e-18,17,3,-1.94867,0.000345538,18,1,2.15403,0.999851,19,1,-0.125041,0.374861,20,2,16.1843,1,21,1,0,0.5,22,1,0,0.5,23,1,0,0.5,24,1,0,0.5,
1,0,20,-3.79713e-05,1,0,3,1,20,-10.5415,1,0,68,2,18,-0.30758,1,0,45,3,20,-0.0226177,1,0,69,4,18,-0.0022633,1,0,7,5,20,-9.34729,1,0,12,8,18,0.0651064,1,0,47,8,19,0.17056,1,0,13,8,20,-16.995,0,0,48,10,18,-3.12513e-05,1,0,21,13,18,2.15403,1,0,50,13,19,-0.125041,1,0,26,19,16,-14.1399,1,0,75,20,16,-0.0263785,1,0,28,1,16,-0.00912587,1,0,88,3,15,-13.9884,1,0,92,3,17,0.00045114,1,0,76,4,15,9.60987,1,0,34,4,17,0.00320884,1,0,77,5,17,-9.8168,1,0,59,6,15,-0.0929267,1,0,60,6,17,7.41415,1,0,61,7,15,-18.3297,1,0,36,8,16,1.31653,0,0,93,8,17,-1.05128,0,0,37,9,15,0.0367569,0,0,64,11,15,6.4471e-06,1,0,39,11,17,0.331535,1,0,81,12,15,-0.00184791,1,0,40,12,17,0.0700508,1,0,83,13,16,-14.4802,1,0,41,13,17,-5.99089,1,0,42,14,15,-0.00309338,1,0,107,8,21,-2.32444,1,0,102,21,17,-6.74386,1,0,139,8,22,10.2218,1,0,141,22,20,-0.00243145,1,0,4,3,18,0.137811,1,0,85,3,19,-6.0567,1,0,169,8,23,-1.12091,1,0,127,23,16,19.9185,1,0,30,2,16,9.69031,1,0,33,4,16,-2.81101,1,0,74,14,20,16.1856,1,0,192,9,24,0.0367569,1,0,180,24,15,11.6091,1,0,
0.1
4331
0,0,1,0,1,0,0,0,2,0,0,0,3,0,0,0,4,0,5,5,5,0,5,5,6,0,7,7,7,0,2,2,8,0,0,0,9,0,0,0,10,0,0,0,11,0,5,5,12,0,5,5,13,0,7,7,14,0,2,2,15,3,-14.1911,6.20754e-26,16,3,35.1282,1,17,3,-43.9321,0,18,1,-14.7349,6.71261e-27,19,1,0.125449,0.625529,20,2,-18.0031,1.05125e-32,21,1,0,0.5,22,1,0,0.5,23,1,0,0.5,
1,0,20,-2.36577e-05,1,0,3,1,20,6.01085,1,0,68,2,18,0.303268,1,0,45,3,20,-0.0249251,1,0,69,4,18,-0.00174494,1,0,7,5,20,-1.56845,1,0,12,8,18,-0.057259,1,0,47,8,19,0.06227,1,0,13,8,20,-17.1627,0,0,48,10,18,-1.07479e-05,1,0,21,13,18,-2.10374,1,0,50,13,19,0.0179212,1,0,26,19,16,8.56513,1,0,75,20,16,-0.00510877,1,0,28,1,16,0.00611743,1,0,88,3,15,5.34818,1,0,92,3,17,-6.34076,1,0,76,4,15,-4.77655,1,0,34,4,17,0.00253807,1,0,77,5,17,0.323652,1,0,59,6,15,-0.0846368,1,0,60,6,17,-0.0968215,1,0,61,7,15,-16.7993,1,0,36,8,16,-0.487856,0,0,93,8,17,19.4388,0,0,37,9,15,-4.31662,1,0,64,11,15,8.77786,1,0,39,11,17,-0.130648,1,0,81,12,15,-0.0015136,1,0,40,12,17,0.0515832,1,0,83,13,16,6.12296,1,0,41,13,17,-6.2277,1,0,42,14,15,0.000482661,1,0,107,8,21,-0.0741836,1,0,102,21,17,-1.7922,1,0,139,8,22,-19.9205,1,0,141,22,20,4.11465,1,0,4,3,18,-0.0173387,1,0,85,3,19,-3.25778,1,0,169,8,23,-1.33841,1,0,127,23,16,-4.23132,1,0,30,2,16,6.72401,1,0,33,4,16,-2.19491,1,0,74,14,20,-6.10911,1,0,
0.3
4331
0,0,1,0,1,0,2,2,2,0,2,2,3,0,0,0,4,0,0,0,5,0,0,0,6,0,5,5,7,0,5,5,8,0,2,2,9,0,2,2,10,0,0,0,11,0,0,0,12,0,0,0,13,0,5,5,14,0,5,5,15,3,-75.676,0,16,3,32.4515,1,17,3,13.3697,1,18,1,-1.55696,0.00171271,19,1,-0.0290389,0.470343,20,2,-96.0012,0,21,1,2.29609,0.999917,22,1,-16.7699,1.63021e-30,23,1,32.4599,1,24,1,0,0.5,
1,0,20,-2.37706e-05,1,0,3,1,20,-6.4295,1,0,68,2,18,-0.171302,1,0,45,3,20,0.0173376,1,0,69,4,18,-0.00147656,1,0,7,5,20,-11.1853,1,0,12,8,18,-0.0623908,1,0,47,8,19,0.149387,1,0,13,8,20,-11.2295,0,0,48,10,18,3.03802e-05,1,0,21,13,18,-0.217915,1,0,50,13,19,-0.0655628,1,0,26,19,16,-3.78663,1,0,75,20,16,0.0204955,1,0,28,1,16,0.00127733,1,0,88,3,15,-13.6727,1,0,92,3,17,0.000133047,1,0,76,4,15,10.5612,1,0,34,4,17,0.00220659,1,0,77,5,17,3.49758,1,0,59,6,15,0.0395802,1,0,60,6,17,6.34152,1,0,61,7,15,-15.1899,1,0,36,8,16,0.0653235,0,0,93,8,17,0.917833,0,0,37,9,15,0.0435706,1,0,64,11,15,-1.51854e-06,1,0,39,11,17,0.250099,1,0,81,12,15,-18.1484,1,0,40,12,17,-0.0429271,1,0,83,13,16,6.38089,1,0,41,13,17,-2.73887,1,0,42,14,15,-0.0023262,1,0,107,8,21,1.14804,1,0,102,21,17,-4.64389,1,0,139,8,22,-8.38494,1,0,141,22,20,-0.00289383,1,0,4,3,18,1.30771,1,0,85,3,19,-3.42944,1,0,169,8,23,16.23,1,0,127,23,16,8.07839,1,0,30,2,16,-6.05453,1,0,33,4,16,4.48117,0,0,74,14,20,-16.6284,1,0,200,4,24,3.07257,1,0,190,24,16,12.7123,1,0,
2036.39
4359
0,0,1,0,1,0,0,0,2,0,0,0,3,0,0,0,4,0,0,0,5,0,0,0,6,0,1,1,7,0,1,1,8,0,0,0,9,0,0,0,10,0,0,0,11,0,0,0,12,0,0,0,13,0,1,1,14,0,1,1,15,3,-18.4258,1.86624e-33,16,3,-17.3353,1.61413e-31,17,3,-1.94867,0.000345538,18,1,2.15403,0.999851,19,1,-0.125041,0.374861,20,2,16.1843,1,21,1,0,0.5,22,1,0,0.5,23,1,0,0.5,24,1,0,0.5,
1,0,20,-3.79713e-05,1,0,3,1,20,-10.5415,1,0,68,2,18,-0.30758,1,0,45,3,20,-0.0226177,1,0,69,4,18,-0.0022633,1,0,7,5,20,-9.34729,1,0,12,8,18,0.0651064,1,0,47,8,19,0.17056,1,0,13,8,20,-16.995,0,0,48,10,18,-3.12513e-05,1,0,21,13,18,2.15403,1,0,50,13,19,-0.125041,1,0,26,19,16,-14.1399,1,0,75,20,16,-0.0263785,1,0,28,1,16,-0.00912587,1,0,88,3,15,-13.9884,1,0,92,3,17,0.00045114,1,0,76,4,15,9.60987,1,0,34,4,17,0.00320884,1,0,77,5,17,-9.8168,1,0,59,6,15,-0.0929267,1,0,60,6,17,7.41415,1,0,61,7,15,-18.3297,1,0,36,8,16,1.31653,0,0,93,8,17,-1.05128,0,0,37,9,15,0.0367569,1,0,64,11,15,6.4471e-06,1,0,39,11,17,0.331535,1,0,81,12,15,-0.00184791,1,0,40,12,17,0.0700508,1,0,83,13,16,-14.4802,1,0,41,13,17,-5.99089,1,0,42,14,15,-0.00309338,1,0,107,8,21,-2.32444,1,0,102,21,17,-6.74386,1,0,139,8,22,10.2218,1,0,141,22,20,-0.00243145,1,0,4,3,18,0.137811,1,0,85,3,19,-6.0567,1,0,169,8,23,-1.12091,1,0,127,23,16,19.9185,1,0,30,2,16,9.69031,1,0,33,4,16,-2.81101,0,0,74,14,20,16.1856,1,0,200,4,24,-2.81101,1,0,190,24,16,-14.9749,1,0,
0.7
4331
0,0,1,0,1,0,3,3,2,0,3,3,3,0,0,0,4,0,0,0,5,0,0,0,6,0,4,4,7,0,4,4,8,0,3,3,9,0,3,3,10,0,0,0,11,0,0,0,12,0,0,0,13,0,4,4,14,0,4,4,15,3,-55.262,0,16,3,-30.4252,0,17,3,-33.4476,0,18,1,-21.594,4.39868e-39,19,1,0.92527,0.977781,20,2,76.1377,1,21,1,-7.49063,4.95053e-14,22,1,3.23997,0.999998,23,1,10.5339,1,24,1,-0.0574809,0.441495,
1,0,20,-3.59122e-05,1,0,3,1,20,6.57315,1,0,68,2,18,-4.73793,1,0,45,3,20,0.0235109,1,0,69,4,18,0.00229615,1,0,7,5,20,-10.4902,1,0,12,8,18,-0.0684904,1,0,47,8,19,0.156651,1,0,13,8,20,-8.46139,0,0,48,10,18,1.08509e-05,1,0,21,13,18,-1.79369,1,0,50,13,19,0.113829,1,0,26,19,16,-8.85196,1,0,75,20,16,0.0230377,1,0,28,1,16,15.832,1,0,88,3,15,-5.22051,1,0,92,3,17,0.000425932,1,0,76,4,15,7.89133,1,0,34,4,17,-0.00283574,1,0,77,5,17,7.323,1,0,59,6,15,-0.0472447,1,0,60,6,17,-5.47876,1,0,61,7,15,-12.9067,1,0,36,8,16,-17.0058,0,0,93,8,17,-0.17537,0,0,37,9,15,-0.0182981,0,0,64,11,15,5.10724e-06,1,0,39,11,17,-0.380441,1,0,81,12,15,0.00215162,1,0,40,12,17,0.0255523,1,0,83,13,16,-9.70482,1,0,41,13,17,-2.88313,1,0,42,14,15,0.00220364,1,0,107,8,21,-2.49688,1,0,102,21,17,0.781622,1,0,139,8,22,1.07999,1,0,141,22,20,0.00120474,1,0,4,3,18,0.144556,1,0,85,3,19,12.4365,1,0,169,8,23,3.5113,1,0,127,23,16,-2.76808,1,0,30,2,16,-9.23381,1,0,33,4,16,1.39225,1,0,74,14,20,14.1043,1,0,192,9,24,-0.0191603,1,0,180,24,15,-7.82548,1,0,
1119.2
4359
0,0,1,0,1,0,0,0,2,0,0,0,3,0,0,0,4,0,0,0,5,0,0,0,6,0,2,2,7,0,2,2,8,0,0,0,9,0,0,0,10,0,0,0,11,0,0,0,12,0,0,0,13,0,2,2,14,0,2,2,15,3,-36.8515,0,16,3,-26.515,0,17,3,-0.52541,0.104431,18,1,4.30807,1,19,1,-0.250082,0.264475,20,2,32.3699,1,21,1,0,0.5,22,1,0,0.5,23,1,0,0.5,24,1,0,0.5,25,2,-3.73966,2.2771e-07,
1,0,20,-3.79713e-05,1,0,3,1,20,-10.5415,1,0,68,2,18,-0.30758,1,0,45,3,20,-0.0226177,1,0,69,4,18,-0.0022633,1,0,7,5,20,-9.34729,1,0,12,8,18,0.0651064,1,0,47,8,19,0.17056,1,0,13,8,20,-16.995,0,0,48,10,18,-3.12513e-05,1,0,21,13,18,2.15403,1,0,50,13,19,-0.125041,1,0,26,19,16,-14.1399,0,0,75,20,16,-0.0263785,1,0,28,1,16,-0.00912587,1,0,88,3,15,-13.9884,1,0,92,3,17,0.00045114,1,0,76,4,15,9.60987,1,0,34,4,17,0.00320884,1,0,77,5,17,-9.8168,1,0,59,6,15,-0.0929267,1,0,60,6,17,7.41415,1,0,61,7,15,-18.3297,1,0,36,8,16,1.31653,0,0,93,8,17,-1.05128,0,0,37,9,15,0.0367569,1,0,64,11,15,6.4471e-06,1,0,39,11,17,0.331535,1,0,81,12,15,-0.00184791,1,0,40,12,17,0.0700508,1,0,83,13,16,-14.4802,1,0,41,13,17,-5.99089,1,0,42,14,15,-0.00309338,1,0,107,8,21,-2.32444,1,0,102,21,17,-6.74386,1,0,139,8,22,10.2218,1,0,141,22,20,-0.00243145,1,0,4,3,18,0.137811,1,0,85,3,19,-6.0567,1,0,169,8,23,-1.12091,1,0,127,23,16,19.9185,1,0,30,2,16,9.69031,1,0,33,4,16,-2.81101,0,0,74,14,20,16.1856,1,0,200,4,24,-2.81101,1,0,190,24,16,-14.9749,1,0,256,19,25,-14.1399,1,0,239,25,16,7.29109,1,0,
0.6
4331
0,0,1,0,1,0,1,1,2,0,1,1,3,0,0,0,4,0,0,0,5,0,0,0,6,0,6,6,7,0,6,6,8,0,1,1,9,0,1,1,10,0,0,0,11,0,0,0,12,0,0,0,13,0,6,6,14,0,6,6,15,3,107.228,1,16,3,105.353,1,17,3,-9.11909,6.33996e-17,18,1,-11.8963,7.39789e-22,19,1,0.269937,0.751017,20,2,-98.9417,0,21,1,1.79,0.999339,22,1,8.23738,1,23,1,-1.09516,0.0112152,24,1,0,0.5,
1,0,20,-2.9074e-05,1,0,3,1,20,10.687,1,0,68,2,18,-0.10397,1,0,45,3,20,-12.0189,1,0,69,4,18,0.00257171,1,0,7,5,20,-7.45182,1,0,12,8,18,0.0261992,1,0,47,8,19,0.0985778,1,0,13,8,20,17.948,0,0,48,10,18,1.7267e-05,1,0,21,13,18,-1.96975,1,0,50,13,19,0.0285599,1,0,26,19,16,3.10266,1,0,75,20,16,-0.029583,1,0,28,1,16,-0.00704829,1,0,88,3,15,-9.56617,1,0,92,3,17,-0.000289415,1,0,76,4,15,5.845,1,0,34,4,17,0.00290466,1,0,77,5,17,4.11599,1,0,59,6,15,-0.0535848,1,0,60,6,17,-2.27097,1,0,61,7,15,17.9217,1,0,36,8,16,-0.413178,0,0,93,8,17,-0.547761,0,0,37,9,15,-0.000410305,1,0,64,11,15,-5.757e-06,1,0,39,11,17,0.220902,1,0,81,12,15,0.00204136,1,0,40,12,17,-0.0155663,1,0,83,13,16,14.8431,1,0,41,13,17,-0.0340202,1,0,42,14,15,0.0033046,1,0,107,8,21,1.79,1,0,102,21,17,4.71395,1,0,139,8,22,8.23738,1,0,141,22,20,-0.00094481,1,0,4,3,18,-0.0473137,1,0,85,3,19,2.59697,1,0,169,8,23,-1.09516,1,0,127,23,16,-5.39198,1,0,30,2,16,8.71024,1,0,33,4,16,1.33158,0,0,74,14,20,-18.2713,1,0,200,4,24,0.694489,1,0,190,24,16,10.6433,1,0,
0
4331
0,0,1,0,1,0,0,0,2,0,0,0,3,0,0,0,4,0,3,3,5,0,3,3,6,0,7,7,7,0,4,4,8,0,0,0,9,0,0,0,10,0,0,0,11,0,3,3,12,0,3,3,13,0,7,7,14,0,4,4,15,3,-94.5214,0,16,3,32.6468,1,17,3,-62.0693,0,18,1,-3.43971,7.7654e-07,19,1,0.859406,0.971111,20,2,-11.0414,2.44091e-20,21,1,0,0.5,22,1,0,0.5,23,1,0,0.5,24,1,0,0.5,
1,0,20,-1.67942e-05,1,0,3,1,20,-11.503,1,0,68,2,18,0.243035,1,0,45,3,20,0.00259942,1,0,69,4,18,0.00205863,1,0,7,5,20,0.521923,1,0,12,8,18,0.0752535,1,0,47,8,19,0.115691,1,0,13,8,20,2.72474,0,0,48,10,18,-2.95943e-05,1,0,21,13,18,-0.49227,1,0,50,13,19,0.122772,1,0,26,19,16,-15.0601,1,0,75,20,16,0.0295088,1,0,28,1,16,0.00750478,1,0,88,3,15,10.432,1,0,92,3,17,0.000218858,1,0,76,4,15,-0.969287,1,0,34,4,17,0.000793553,1,0,77,5,17,-11.6079,1,0,59,6,15,-0.0156895,1,0,60,6,17,1.77202,1,0,61,7,15,-7.58158,1,0,36,8,16,0.227508,0,0,93,8,17,-0.169752,1,0,37,9,15,-0.0174922,0,0,64,11,15,-19.4679,1,0,39,11,17,0.306341,1,0,81,12,15,-0.00186513,1,0,40,12,17,-0.0217189,1,0,83,13,16,6.36026,1,0,41,13,17,-6.03213,1,0,42,14,15,-0.00151466,1,0,107,8,21,1.48368,1,0,102,21,17,3.43783,1,0,139,8,22,-11.5029,1,0,141,22,20,-0.00114468,1,0,4,3,18,-0.0298009,1,0,85,3,19,7.08033,1,0,169,8,23,-0.293126,1,0,127,23,16,-2.4629,1,0,30,2,16,3.14354,1,0,33,4,16,1.32714,1,0,74,14,20,-3.15165,1,0,192,9,24,-0.0053757,1,0,180,24,15,-5.52413,1,0,
0.3
4331
0,0,1,0,1,0,3,3,2,0,3,3,3,0,0,0,4,0,0,0,5,0,0,0,6,0,4,4,7,0,4,4,8,0,2,2,9,0,3,3,10,0,0,0,11,0,0,0,12,0,0,0,13,0,4,4,14,0,4,4,15,3,75.0324,1,16,3,52.4258,1,17,3,23.4307,1,18,1,48.2096,1,19,1,0.118359,0.618713,20,2,42.6231,1,21,1,-5.56271,1.31569e-10,22,1,-13.1803,3.87497e-24,23,1,0.250488,0.735847,24,1,0,0.5,
1,0,20,4.06644e-05,1,0,3,1,20,-4.88926,1,0,68,2,18,-0.285215,1,0,45,3,20,0.00586477,1,0,69,4,18,-0.000630896,1,0,7,5,20,-13.8315,1,0,12,8,18,-0.0725691,1,0,47,8,19,0.0383178,1,0,13,8,20,-3.45038,0,0,48,10,18,1.86808e-05,1,0,21,13,18,12.3026,1,0,50,13,19,0.0104309,1,0,26,19,16,-11.5933,1,0,75,20,16,0.0105643,1,0,28,1,16,-0.00229282,1,0,88,3,15,-8.97869,1,0,92,3,17,-0.000375525,1,0,76,4,15,-11.0865,1,0,34,4,17,-4.77254,1,0,77,5,17,-6.6877,1,0,59,6,15,0.0147359,1,0,60,6,17,8.56743,1,0,61,7,15,18.7324,1,0,36,8,16,-1.31042,0,0,93,8,17,1.06128,0,0,37,9,15,0.0180975,1,0,64,11,15,-6.07618e-06,1,0,39,11,17,0.332861,1,0,81,12,15,0.000331238,1,0,40,12,17,0.0211341,1,0,83,13,16,12.2343,1,0,41,13,17,-2.70975,1,0,42,14,15,-0.00262702,1,0,107,8,21,-2.78136,1,0,102,21,17,6.16598,1,0,139,8,22,-6.59016,1,0,141,22,20,-0.00128667,1,0,4,3,18,-0.157943,1,0,85,3,19,-4.18547,1,0,169,8,23,0.125244,1,0,127,23,16,-2.68018,1,0,30,2,16,5.91288,1,0,33,4,16,1.15376,0,0,74,14,20,14.3227,1,0,200,4,24,-2.86075,1,0,190,24,16,-10.2174,1,0,
0.1
4331
0,0,1,0,1,0,2,2,2,0,2,2,3,0,0,0,4,0,0,0,5,0,0,0,6,0,5,5,7,0,5,5,8,0,2,2,9,0,2,2,10,0,0,0,11,0,0,0,12,0,0,0,13,0,5,5,14,0,5,5,15,3,81.8088,1,16,3,49.3177,1,17,3,-58.7395,0,18,1,11.2188,1,19,1,-0.570413,0.0884276,20,2,33.3775,1,21,1,-2.87644,7.77465e-06,22,1,-12.4381,8.06712e-23,23,1,-1.91083,0.000403355,24,1,0,0.5,
1,0,20,-2.20008e-05,1,0,3,1,20,-4.74363,1,0,68,2,18,0.14796,1,0,45,3,20,0.0158871,1,0,69,4,18,0.00168164,1,0,7,5,20,-8.41241,1,0,12,8,18,-0.0456092,1,0,47,8,19,-0.0251625,1,0,13,8,20,-2.93357,0,0,48,10,18,-2.47257e-05,1,0,21,13,18,2.20282,1,0,50,13,19,-0.104017,1,0,26,19,16,2.50181,1,0,75,20,16,0.00223554,1,0,28,1,16,0.00594426,1,0,88,3,15,-11.5858,1,0,92,3,17,-0.000413639,1,0,76,4,15,10.2858,1,0,34,4,17,-0.00383118,1,0,77,5,17,5.41741,1,0,59,6,15,-0.0163865,1,0,60,6,17,-5.72925,1,0,61,7,15,16.3744,1,0,36,8,16,1.12802,0,0,93,8,17,0.722422,0,0,37,9,15,0.00285316,1,0,64,11,15,-4.81357e-06,1,0,39,11,17,0.254756,1,0,81,12,15,-0.000975618,1,0,40,12,17,0.0456216,1,0,83,13,16,9.6506,1,0,41,13,17,-6.01867,1,0,42,14,15,0.00260539,1,0,107,8,21,-1.43822,1,0,102,21,17,7.80337,1,0,139,8,22,-6.21903,1,0,141,22,20,0.00190864,1,0,4,3,18,-0.0420274,1,0,85,3,19,5.24609,1,0,169,8,23,-0.955414,1,0,127,23,16,19.9155,1,0,30,2,16,-0.173282,1,0,33,4,16,-1.79755,0,0,74,14,20,8.57294,1,0,200,4,24,-0.658339,1,0,190,24,16,2.33577,1,0,
0
4331
0,0,1,0,1,0,1,1,2,0,7,7,3,0,6,6,4,0,6,6,5,0,0,0,6,0,0,0,7,0,0,0,8,0,1,1,9,0,7,7,10,0,3,3,11,0,6,6,12,0,0,0,13,0,0,0,14,0,0,0,15,3,55.9396,1,16,3,61.596,1,17,3,102.796,1,18,1,0.467445,0.871227,19,1,8.73633,1,20,2,-10.6571,1.17539e-19,21,1,-2.60254,2.38341e-05,22,1,-11.8234,9.96402e-22,23,1,-0.580652,0.0851094,24,1,-13.0952,5.48797e-24,
1,0,20,2.20919e-05,1,0,3,1,20,-10.5745,1,0,68,2,18,0.194844,1,0,45,3,20,-0.0137711,1,0,69,4,18,0.00207085,1,0,7,5,20,6.72262,1,0,12,8,18,-0.0132288,1,0,47,8,19,-0.0922587,1,0,13,8,20,6.24582,0,0,48,10,18,1.79512e-05,1,0,21,13,18,-0.369354,1,0,50,13,19,0.0981096,1,0,26,19,16,11.166,1,0,75,20,16,0.00949686,1,0,28,1,16,-0.00599344,1,0,88,3,15,11.7161,1,0,92,3,17,16.8712,1,0,76,4,15,-2.38414,1,0,34,4,17,-0.00373646,1,0,77,5,17,-11.4322,1,0,59,6,15,0.00661754,1,0,60,6,17,0.94404,1,0,61,7,15,-5.09553,1,0,36,8,16,0.485889,0,0,93,8,17,0.0257851,0,0,37,9,15,-0.00749116,1,0,64,11,15,-1.88447e-07,1,0,39,11,17,0.265214,1,0,81,12,15,0.00109417,1,0,40,12,17,0.0251579,1,0,83,13,16,15.4762,1,0,41,13,17,6.3528,1,0,42,14,15,-0.00274425,1,0,107,8,21,-2.60254,1,0,102,21,17,-3.11805,1,0,139,8,22,-11.8234,1,0,141,22,20,0.00211647,1,0,4,3,18,-0.149285,1,0,85,3,19,1.47143,1,0,169,8,23,-0.580652,1,0,127,23,16,5.58635,1,0,30,2,16,7.13723,1,0,33,4,16,-1.47801,0,0,74,14,20,10.2345,1,0,200,4,24,-2.18254,1,0,190,24,16,-17.9449,1,0,
0.6
4331
0,0,1,0,1,0,4,4,2,0,4,4,3,0,0,0,4,0,0,0,5,0,0,0,6,0,3,3,7,0,3,3,8,0,4,4,9,0,0,0,10,0,0,0,11,0,0,0,12,0,0,0,13,0,3,3,14,0,3,3,15,3,-38.6382,0,16,3,-28.5843,0,17,3,-29.1388,0,18,1,7.13227,1,19,1,-0.880193,0.0265973,20,2,-7.50774,4.61597e-14,21,1,-57.2364,0,22,1,32.9745,1,23,1,3.39338,0.999999,24,1,0,0.5,
1,0,20,3.79648e-05,1,0,3,1,20,0.363912,1,0,68,2,18,0.18553,1,0,45,3,20,-0.0263768,1,0,69,4,18,-0.000405619,1,0,7,5,20,0.89087,1,0,12,8,18,0.07122,1,0,47,8,19,-0.186802,1,0,13,8,20,-11.403,0,0,48,10,18,-1.13431e-05,1,0,21,13,18,2.03509,1,0,50,13,19,-0.0443286,1,0,26,19,16,13.067,1,0,75,20,16,14.6131,1,0,28,1,16,0.00493706,1,0,88,3,15,5.22164,1,0,92,3,17,-2.2937e-05,1,0,76,4,15,-4.01637,1,0,34,4,17,-0.00179096,1,0,77,5,17,8.50216,1,0,59,6,15,-0.0822497,1,0,60,6,17,-5.87323,1,0,61,7,15,-11.5314,1,0,36,8,16,0.533771,0,0,93,8,17,0.282172,0,0,37,9,15,-0.00653303,0,0,64,11,15,1.72689e-06,1,0,39,11,17,-14.086,1,0,81,12,15,0.00162108,1,0,40,12,17,2.07686,1,0,83,13,16,-15.151,1,0,41,13,17,-3.83971,1,0,42,14,15,-0.00168132,1,0,107,8,21,-14.3091,1,0,102,21,17,1.54271,1,0,139,8,22,8.24362,1,0,141,22,20,-0.0022223,1,0,4,3,18,-16.0775,1,0,85,3,19,4.07671,1,0,169,8,23,0.848346,1,0,127,23,16,-19.7355,1,0,30,2,16,9.05924,1,0,33,4,16,-1.24304,1,0,74,14,20,-2.98706,1,0,192,9,24,-0.0396482,1,0,180,24,15,-7.58424,1,0,
1923.7
4359
0,0,1,0,1,0,0,0,2,0,0,0,3,0,0,0,4,0,0,0,5,0,0,0,6,0,2,2,7,0,4,4,8,0,0,0,9,0,0,0,10,0,0,0,11,0,0,0,12,0,0,0,13,0,2,2,14,0,4,4,15,3,-73.5172,0,16,3,-30.2546,0,17,3,-0.52541,0.104431,18,1,4.30807,1,19,1,-0.250082,0.264475,20,2,64.741,1,21,1,0,0.5,22,1,0,0.5,23,1,0,0.5,24,1,0,0.5,
1,0,20,-3.79713e-05,1,0,3,1,20,-10.5415,1,0,68,2,18,-0.30758,1,0,45,3,20,-0.0226177,1,0,69,4,18,-0.0022633,1,0,7,5,20,-9.34729,1,0,12,8,18,0.0651064,1,0,47,8,19,0.17056,1,0,13,8,20,-16.995,0,0,48,10,18,-3.12513e-05,1,0,21,13,18,2.15403,1,0,50,13,19,-0.125041,1,0,26,19,16,-14.1399,1,0,75,20,16,-0.0263785,1,0,28,1,16,-0.00912587,1,0,88,3,15,-13.9884,1,0,92,3,17,0.00045114,1,0,76,4,15,9.60987,1,0,34,4,17,0.00320884,1,0,77,5,17,-9.8168,1,0,59,6,15,-0.0929267,1,0,60,6,17,7.41415,1,0,61,7,15,-18.3297,1,0,36,8,16,1.31653,0,0,93,8,17,-1.05128,0,0,37,9,15,0.0367569,1,0,64,11,15,6.4471e-06,1,0,39,11,17,0.331535,1,0,81,12,15,-0.00184791,1,0,40,12,17,0.0700508,1,0,83,13,16,-14.4802,1,0,41,13,17,-5.99089,1,0,42,14,15,-0.00309338,1,0,107,8,21,-2.32444,1,0,102,21,17,-6.74386,1,0,139,8,22,10.2218,1,0,141,22,20,-0.00243145,1,0,4,3,18,0.137811,1,0,85,3,19,-6.0567,1,0,169,8,23,-1.12091,1,0,127,23,16,19.9185,1,0,30,2,16,9.69031,1,0,33,4,16,-2.81101,0,0,74,14,20,16.1856,1,0,200,4,24,-2.81101,1,0,190,24,16,-14.9749,1,0,
0.1
4331
0,0,1,0,1,0,1,1,2,0,1,1,3,0,0,0,4,0,0,0,5,0,0,0,6,0,6,6,7,0,6,6,8,0,1,1,9,0,1,1,10,0,0,0,11,0,0,0,12,0,0,0,13,0,6,6,14,0,6,6,15,3,4.4253,1,16,3,-94.8607,0,17,3,19.4938,1,18,1,1.41336,0.996923,19,1,-0.72095,0.0497987,20,2,-98.9285,0,21,1,-0.400828,0.162549,22,1,-11.393,5.79345e-21,23,1,-0.368042,0.181638,24,1,0,0.5,
1,0,20,-8.56728e-06,1,0,3,1,20,-8.22223,1,0,68,2,18,-0.196297,1,0,45,3,20,0.00347407,1,0,69,4,18,0.000821449,1,0,7,5,20,-2.93814,1,0,12,8,18,-0.0369927,1,0,47,8,19,-0.145718,1,0,13,8,20,3.3895,0,0,48,10,18,2.32384e-05,1,0,21,13,18,0.759941,1,0,50,13,19,-0.0958719,1,0,26,19,16,9.25578,1,0,75,20,16,-0.0234011,1,0,28,1,16,0.00452938,1,0,88,3,15,11.0063,1,0,92,3,17,-5.43224e-05,1,0,76,4,15,-4.21492,1,0,34,4,17,0.00156314,1,0,77,5,17,9.90191,1,0,59,6,15,-3.6482,1,0,60,6,17,1.51553,1,0,61,7,15,3.13115,1,0,36,8,16,1.02638,0,0,93,8,17,-0.144977,0,0,37,9,15,7.51785,1,0,64,11,15,-3.77959e-06,1,0,39,11,17,-0.334782,1,0,81,12,15,0.00132821,1,0,40,12,17,-0.0653055,1,0,83,13,16,-14.1191,1,0,41,13,17,1.71213,1,0,42,14,15,0.00162682,1,0,107,8,21,-0.400828,1,0,102,21,17,0.786292,1,0,139,8,22,-11.393,1,0,141,22,20,0.000803764,1,0,4,3,18,0.0106714,1,0,85,3,19,2.18109,1,0,169,8,23,-0.368042,1,0,127,23,16,-6.11389,1,0,30,2,16,-9.02655,1,0,33,4,16,-2.24096,0,0,74,14,20,-15.1177,1,0,200,4,24,-14.3995,1,0,190,24,16,-0.948655,1,0,2,1,18,-2.91299,1,0,
0.7
4331
0,0,1,0,1,0,3,3,2,0,3,3,3,0,0,0,4,0,0,0,5,0,0,0,6,0,4,4,7,0,4,4,8,0,3,3,9,0,3,3,10,0,0,0,11,0,0,0,12,0,0,0,13,0,4,4,14,0,4,4,15,3,15.3447,1,16,3,23.7194,1,17,3,30.2406,1,18,1,0.342079,0.802042,19,1,-0.642635,0.0673344,20,2,52.6782,1,21,1,-5.94059,2.805e-11,22,1,-26.7463,0,23,1,-1.35318,0.00393258,24,1,0,0.5,
1,0,20,-2.79305e-05,1,0,3,1,20,-4.66886,1,0,68,2,18,-0.177707,1,0,45,3,20,-0.0166338,1,0,69,4,18,-0.00264829,1,0,7,5,20,-2.36866,1,0,12,8,18,-0.0563091,1,0,47,8,19,-0.133508,1,0,13,8,20,18.7911,0,0,48,10,18,5.04716e-06,1,0,21,13,18,0.261032,1,0,50,13,19,-0.0605273,1,0,26,19,16,16.6306,1,0,75,20,16,0.0212467,1,0,28,1,16,0.00945737,1,0,88,3,15,9.59349,1,0,92,3,17,-0.000152083,1,0,76,4,15,-10.3031,1,0,34,4,17,0.00150329,1,0,77,5,17,-4.08001,1,0,59,6,15,-0.0617686,1,0,60,6,17,5.52147,1,0,61,7,15,3.92667,1,0,36,8,16,0.196934,0,0,93,8,17,-0.152374,0,0,37,9,15,-0.0357433,1,0,64,11,15,-4.66417e-06,1,0,39,11,17,-0.169324,1,0,81,12,15,0.00037552,1,0,40,12,17,0.0244808,1,0,83,13,16,3.64377,1,0,41,13,17,2.03868,1,0,42,14,15,-0.00192017,1,0,107,8,21,-1.9802,1,0,102,21,17,3.7033,1,0,139,8,22,-8.91542,1,0,141,22,20,12.2756,1,0,4,3,18,0.153713,1,0,85,3,19,-6.26554,1,0,169,8,23,-0.451061,1,0,127,23,16,1.05683,1,0,30,2,16,2.37942,1,0,33,4,16,-0.398093,0,0,74,14,20,16.6712,1,0,200,4,24,1.07202,1,0,190,24,16,1.66493,1,0,
0
4331
0,0,1,0,1,0,0,0,2,0,7,7,3,0,3,3,4,0,3,3,5,0,0,0,6,0,0,0,7,0,0,0,8,0,0,0,9,0,7,7,10,0,3,3,11,0,3,3,12,0,0,0,13,0,0,0,14,0,0,0,15,3,-52.3424,0,16,3,77.6728,1,17,3,-2.38615,5.77477e-05,18,1,1.34711,0.995969,19,1,-18.1701,5.31001e-33,20,2,-0.0405691,0.458613,21,1,0,0.5,22,1,0,0.5,23,1,0,0.5,24,1,0.257299,0.741226,
1,0,20,-3.79713e-05,1,0,3,1,20,-10.5415,1,0,68,2,18,0.134337,1,0,45,3,20,-0.0138702,1,0,69,4,18,-0.00219568,1,0,7,5,20,-9.34729,1,0,12,8,18,0.0513283,1,0,47,8,19,0.17056,1,0,13,8,20,7.50719,0,0,48,10,18,-3.12513e-05,1,0,21,13,18,2.15403,1,0,50,13,19,-0.0365832,1,0,26,19,16,15.0143,1,0,75,20,16,-0.0263785,1,0,28,1,16,-0.00912587,1,0,88,3,15,-13.9884,1,0,92,3,17,0.000136715,1,0,76,4,15,-6.32742,1,0,34,4,17,-0.00307922,1,0,77,5,17,0.843649,1,0,59,6,15,-0.0929267,1,0,60,6,17,7.41415,1,0,61,7,15,-18.3297,1,0,36,8,16,1.31653,0,0,93,8,17,-0.556868,0,0,37,9,15,0.0305627,0,0,64,11,15,6.4471e-06,1,0,39,11,17,0.331535,1,0,81,12,15,-0.00184791,1,0,40,12,17,-0.0691216,1,0,83,13,16,-14.4802,1,0,41,13,17,-6.35749,1,0,42,14,15,-0.00309338,1,0,107,8,21,-2.32444,1,0,102,21,17,-6.74386,1,0,139,8,22,-5.35052,1,0,141,22,20,0.00208299,1,0,4,3,18,0.137811,1,0,85,3,19,-6.0567,1,0,169,8,23,0.832726,1,0,127,23,16,19.9185,1,0,30,2,16,9.69031,1,0,33,4,16,-0.0355033,1,0,74,14,20,16.1856,1,0,192,9,24,0.0367569,1,0,180,24,15,11.6091,1,0,
0
4331
0,0,1,0,1,0,0,0,2,0,0,0,3,0,0,0,4,0,7,7,5,0,7,7,6,0,7,7,7,0,0,0,8,0,0,0,9,0,0,0,10,0,0,0,11,0,7,7,12,0,7,7,13,0,7,7,14,0,0,0,15,3,-18.2229,4.27902e-33,16,3,4.40531,1,17,3,-59.223,0,18,1,13.0869,1,19,1,-0.599635,0.0792553,20,2,72.4364,1,21,1,0,0.5,22,1,0,0.5,23,1,0,0.5,24,1,-16.9424,8.05197e-31,
1,0,20,-1.34072e-05,1,0,3,1,20,-9.4628,1,0,68,2,18,-0.034623,1,0,45,3,20,-0.0125171,1,0,69,4,18,-0.00216489,1,0,7,5,20,10.3481,1,0,12,8,18,-0.0542125,1,0,47,8,19,-0.0701152,1,0,13,8,20,8.91232,0,0,48,10,18,-1.08658e-05,1,0,21,13,18,1.87172,1,0,50,13,19,-0.0856622,1,0,26,19,16,-7.54108,1,0,75,20,16,0.0230451,1,0,28,1,16,0.00189754,1,0,88,3,15,-1.98242,1,0,92,3,17,14.4918,1,0,76,4,15,7.93827,1,0,34,4,17,-0.00297268,1,0,77,5,17,-9.91522,1,0,59,6,15,-10.5437,1,0,60,6,17,1.40161,1,0,61,7,15,-0.897072,1,0,36,8,16,-1.12225,0,0,93,8,17,-0.744818,0,0,37,9,15,-0.0430009,1,0,64,11,15,4.26532e-06,1,0,39,11,17,0.379681,1,0,81,12,15,0.00213728,1,0,40,12,17,0.0354789,1,0,83,13,16,0.809467,1,0,41,13,17,0.116024,1,0,42,14,15,-0.00150827,1,0,107,8,21,-1.38461,1,0,102,21,17,-6.65055,1,0,139,8,22,8.08848,1,0,141,22,20,-0.00075048,1,0,4,3,18,0.0121613,1,0,85,3,19,2.67527,1,0,169,8,23,-1.21297,1,0,127,23,16,-1.37267,1,0,30,2,16,6.24254,1,0,33,4,16,-1.76379,0,0,74,14,20,9.51032,1,0,200,4,24,-2.42034,1,0,190,24,16,10.3876,1,0,
0.5
4331
0,0,1,0,1,0,4,4,2,0,4,4,3,0,0,0,4,0,0,0,5,0,0,0,6,0,3,3,7,0,3,3,8,0,3,3,9,0,4,4,10,0,0,0,11,0,0,0,12,0,0,0,13,0,3,3,14,0,3,3,15,3,29.8423,1,16,3,7.67924,1,17,3,-3.62518,3.63681e-07,18,1,4.22185,1,19,1,0.142343,0.641569,20,2,-12.3735,1.05044e-22,21,1,-41.9071,0,22,1,-58.9442,0,23,1,-7.93624,8.00078e-15,24,2,8.09332e-14,0.5,
1,0,20,6.46157e-06,1,0,3,1,20,-3.09338,1,0,68,2,18,-0.332131,1,0,45,3,20,-16.9617,1,0,69,4,18,8.81255,1,0,7,5,20,-3.00616,1,0,12,8,18,0.0469375,1,0,47,8,19,0.131071,1,0,13,8,20,-11.7013,0,0,48,10,18,-1.34981e-05,1,0,21,13,18,1.80319,1,0,50,13,19,-0.0836235,1,0,26,19,16,7.31924,1,0,75,20,16,-0.00225242,1,0,28,1,16,-0.0100847,1,0,88,3,15,6.90731,1,0,92,3,17,-0.000240903,1,0,76,4,15,3.13194,1,0,34,4,17,0.00237681,1,0,77,5,17,4.13096,1,0,59,6,15,0.0677577,1,0,60,6,17,-1.81047,1,0,61,7,15,9.93049,1,0,36,8,16,1.28954,0,0,93,8,17,-19.9163,0,0,37,9,15,-0.0357302,1,0,64,11,15,-7.52525e-06,1,0,39,11,17,0.295816,1,0,81,12,15,0.00173791,1,0,40,12,17,0.0702349,1,0,83,13,16,5.83349,1,0,41,13,17,0.602078,1,0,42,14,15,-0.00318447,1,0,107,8,21,-13.969,1,0,102,21,17,-4.94742,1,0,139,8,22,-5.72819,1,0,141,22,20,-2.63576,1,0,4,3,18,0.164857,1,0,85,3,19,-5.57039,1,0,169,8,23,-0.725039,1,0,127,23,16,-0.25555,0,0,30,2,16,-1.57043,1,0,178,7,23,-1.92038,1,0,134,6,22,-13.9199,1,0,208,23,24,10.1157,1,0,190,24,16,-16.39,1,0,
0
4331
0,0,1,0,1,0,5,5,2,0,6,6,3,0,2,2,4,0,2,2,5,0,1,1,6,0,1,1,7,0,1,1,8,0,5,5,9,0,6,6,10,0,2,2,11,0,2,2,12,0,1,1,13,0,1,1,14,0,1,1,15,3,-49.8063,0,16,3,24.1697,1,17,3,-17.7143,3.42511e-32,18,1,-16.1216,2.31079e-29,19,1,7.64848,1,20,2,5.43164,1,21,1,3.74571,1,22,1,46.2002,1,23,1,0.0678243,0.568909,24,1,-0.0546451,0.444357,
1,0,20,-3.32626e-05,1,0,3,1,20,1.7315,1,0,68,2,18,0.167902,1,0,45,3,20,-0.0200339,1,0,69,4,18,0.000863105,1,0,7,5,20,5.09579,1,0,12,8,18,-3.3185,1,0,47,8,19,0.130575,1,0,13,8,20,-7.09979,0,0,48,10,18,-1.76119e-05,1,0,21,13,18,-0.405393,1,0,50,13,19,19.5463,1,0,26,19,16,-8.50672,1,0,75,20,16,0.0200904,1,0,28,1,16,-0.00325824,1,0,88,3,15,3.72984,1,0,92,3,17,-0.000517018,1,0,76,4,15,-8.849,1,0,34,4,17,0.00175171,1,0,77,5,17,-1.63632,1,0,59,6,15,0.768658,1,0,60,6,17,-6.79662,1,0,61,7,15,21.0405,1,0,36,8,16,-0.825958,0,0,93,8,17,-0.304021,0,0,37,9,15,0.0333593,0,0,64,11,15,-19.501,1,0,39,11,17,-0.151253,1,0,81,12,15,-0.000352636,1,0,40,12,17,0.062417,1,0,83,13,16,15.7018,1,0,41,13,17,-3.48006,1,0,42,14,15,-16.7751,1,0,107,8,21,0.749143,1,0,102,21,17,-5.56372,1,0,139,8,22,9.24004,1,0,141,22,20,-0.00161915,1,0,4,3,18,-0.0664067,1,0,85,3,19,-6.27535,1,0,169,8,23,0.0135649,1,0,127,23,16,0.536663,1,0,30,2,16,2.19273,1,0,33,4,16,1.75461,1,0,74,14,20,-8.27998,1,0,192,9,24,-0.00910752,1,0,180,24,15,-12.6017,1,0,
0
4331
0,0,1,0,1,0,3,3,2,0,7,7,3,0,4,4,4,0,4,4,5,0,0,0,6,0,0,0,7,0,0,0,8,0,3,3,9,0,7,7,10,0,4,4,11,0,4,4,12,0,0,0,13,0,0,0,14,0,0,0,15,3,-17.8456,2.00183e-32,16,3,94.8532,1,17,3,47.933,1,18,1,-0.283,0.239127,19,1,-13.7079,4.47931e-25,20,2,-28.8736,0,21,1,-5.09261,8.99879e-10,22,1,-3.67872,2.92164e-07,23,1,0.286307,0.763325,24,1,0.102259,0.603062,
1,0,20,1.01e-07,1,0,3,1,20,-9.64743,1,0,68,2,18,0.00600842,1,0,45,3,20,0.0171739,1,0,69,4,18,-0.000510374,1,0,7,5,20,7.76084,1,0,12,8,18,-0.0609378,1,0,47,8,19,0.158864,1,0,13,8,20,12.1102,0,0,48,10,18,1.82633e-05,1,0,21,13,18,0.00581763,1,0,50,13,19,0.145955,1,0,26,19,16,-1.94963,1,0,75,20,16,0.00833983,1,0,28,1,16,3.60084,1,0,88,3,15,-0.604507,1,0,92,3,17,12.2449,1,0,76,4,15,-2.40125,1,0,34,4,17,-0.00218849,1,0,77,5,17,8.17985,1,0,59,6,15,-0.0574975,1,0,60,6,17,-5.28621,1,0,61,7,15,-21.9399,1,0,36,8,16,1.20141,0,0,93,8,17,0.372856,0,0,37,9,15,0.0378116,0,0,64,11,15,6.91994e-06,1,0,39,11,17,-0.259469,1,0,81,12,15,0.00171183,1,0,40,12,17,0.00118837,1,0,83,13,16,-6.95692,1,0,41,13,17,11.718,1,0,42,14,15,0.000561205,1,0,107,8,21,-1.69754,1,0,102,21,17,-4.34318,1,0,139,8,22,-1.22624,1,0,141,22,20,0.00137737,1,0,4,3,18,-0.0350693,1,0,85,3,19,-3.54611,1,0,169,8,23,0.0954357,1,0,127,23,16,8.42157,1,0,30,2,16,10.4544,1,0,33,4,16,1.11038,1,0,74,14,20,-13.1126,1,0,192,9,24,0.0146084,1,0,180,24,15,-9.65512,1,0,
1926.9
4359
0,0,1,0,1,0,0,0,2,0,0,0,3,0,0,0,4,0,1,1,5,0,1,1,6,0,1,1,7,0,1,1,8,0,0,0,9,0,0,0,10,0,0,0,11,0,1,1,12,0,1,1,13,0,0,0,14,0,1,1,15,3,-8.81773,2.17456e-16,16,3,2.86276,0.999992,17,3,-5.36979,2.89629e-10,18,1,-0.0022633,0.497686,19,1,0,0.5,20,2,6.83706,1,21,1,0,0.5,22,1,0,0.5,23,1,0,0.5,24,1,-2.81101,1.01602e-05,
1,0,20,-3.79713e-05,1,0,3,1,20,-10.5415,1,0,68,2,18,-0.30758,1,0,45,3,20,-0.0226177,1,0,69,4,18,-0.0022633,1,0,7,5,20,-9.34729,1,0,12,8,18,0.0651064,1,0,47,8,19,0.17056,1,0,13,8,20,-16.995,0,0,48,10,18,-3.12513e-05,1,0,21,13,18,2.15403,1,0,50,13,19,-0.125041,1,0,26,19,16,-14.1399,1,0,75,20,16,-0.0263785,1,0,28,1,16,-0.00912587,1,0,88,3,15,-13.9884,1,0,92,3,17,0.00045114,1,0,76,4,15,9.60987,1,0,34,4,17,0.00320884,1,0,77,5,17,-9.8168,1,0,59,6,15,-0.0929267,1,0,60,6,17,7.41415,1,0,61,7,15,-18.3297,1,0,36,8,16,1.31653,0,0,93,8,17,-1.05128,0,0,37,9,15,0.0367569,1,0,64,11,15,6.4471e-06,1,0,39,11,17,0.331535,1,0,81,12,15,-0.00184791,1,0,40,12,17,0.0700508,1,0,83,13,16,-14.4802,1,0,41,13,17,-5.99089,1,0,42,14,15,-0.00309338,1,0,107,8,21,-2.32444,1,0,102,21,17,-6.74386,1,0,139,8,22,10.2218,1,0,141,22,20,-0.00243145,1,0,4,3,18,0.137811,1,0,85,3,19,-6.0567,1,0,169,8,23,-1.12091,1,0,127,23,16,19.9185,1,0,30,2,16,9.69031,1,0,33,4,16,-2.81101,0,0,74,14,20,16.1856,1,0,200,4,24,-2.81101,1,0,190,24,16,-14.9749,1,0,
0
4331
0,0,1,0,1,0,2,2,2,0,4,4,3,0,4,4,4,0,5,5,5,0,3,3,6,0,3,3,7,0,2,2,8,0,2,2,9,0,4,4,10,0,4,4,11,0,5,5,12,0,3,3,13,0,3,3,14,0,2,2,15,3,-24.0306,2.07392e-43,16,3,17.9886,1,17,3,16.5879,1,18,1,4.43043,1,19,1,-23.4349,2.36259e-42,20,2,-38.018,0,21,1,4.98128,1,22,1,1.46162,0.997473,23,1,2.10579,0.999818,
1,0,20,-2.36234e-05,1,0,3,1,20,-3.3771,1,0,68,2,18,0.0518623,1,0,45,3,20,-0.0196598,1,0,69,4,18,0.00184604,1,0,7,5,20,-5.5572,1,0,12,8,18,0.0316109,1,0,47,8,19,-0.197377,1,0,13,8,20,15.6617,0,0,48,10,18,-2.06446e-05,1,0,21,13,18,1.56465,1,0,50,13,19,-0.134436,1,0,26,19,16,-10.4057,1,0,75,20,16,-0.0254842,1,0,28,1,16,-0.00572848,1,0,88,3,15,-5.79602,1,0,92,3,17,0.000477906,1,0,76,4,15,5.30498,1,0,34,4,17,0.00297293,1,0,77,5,17,7.18955,1,0,59,6,15,-12.0672,1,0,60,6,17,3.04021,1,0,61,7,15,4.363,1,0,36,8,16,0.165714,0,0,93,8,17,1.1558,0,0,37,9,15,0.0260511,1,0,64,11,15,4.15516e-06,1,0,39,11,17,0.239254,1,0,81,12,15,0.000506301,1,0,40,12,17,-0.0413765,1,0,83,13,16,-8.37616,1,0,41,13,17,-2.41787,1,0,42,14,15,-0.000724389,1,0,107,8,21,2.49064,1,0,102,21,17,-7.93673,1,0,139,8,22,0.730809,1,0,141,22,20,0.00180346,1,0,4,3,18,-0.135835,1,0,85,3,19,-5.65921,1,0,169,8,23,1.05289,1,0,127,23,16,22.4418,1,0,30,2,16,6.41409,1,0,33,4,16,-0.99311,1,0,74,14,20,-7.25768,1,0,87,0,15,11.512,1,0,
0
4331
0,0,1,0,1,0,3,3,2,0,7,7,3,0,4,4,4,0,4,4,5,0,0,0,6,0,0,0,7,0,0,0,8,0,3,3,9,0,7,7,10,0,2,2,11,0,4,4,12,0,0,0,13,0,0,0,14,0,0,0,15,3,94.7152,1,16,3,80.8865,1,17,3,-70.1692,0,18,1,-1.43314,0.00283878,19,1,29.0094,1,20,2,-22.7218,4.36518e-41,21,1,-35.9721,0,22,1,-29.4072,0,23,1,-59.0841,0,24,1,-2.74268,1.34359e-05,
1,0,20,-2.80873e-05,1,0,3,1,20,-7.59852,1,0,68,2,18,-0.268952,1,0,45,3,20,0.0184296,1,0,69,4,18,0.000105428,1,0,7,5,20,-5.48627,1,0,12,8,18,-0.00610271,1,0,47,8,19,0.0039382,1,0,13,8,20,-7.92169,0,0,48,10,18,-3.15604e-05,1,0,21,13,18,2.55142,1,0,50,13,19,-0.0715587,1,0,26,19,16,12.8313,1,0,75,20,16,-0.0275075,1,0,28,1,16,-0.00225784,1,0,88,3,15,12.2445,1,0,92,3,17,-0.000305617,1,0,76,4,15,11.4234,1,0,34,4,17,-17.84,1,0,77,5,17,5.66442,1,0,59,6,15,-0.0214083,1,0,60,6,17,-12.1754,1,0,61,7,15,16.9894,1,0,36,8,16,-0.881458,0,0,93,8,17,0.0968092,0,0,37,9,15,0.00620961,1,0,64,11,15,-6.68927e-06,1,0,39,11,17,0.298006,1,0,81,12,15,0.00206249,1,0,40,12,17,-0.0673709,1,0,83,13,16,-13.9156,1,0,41,13,17,6.47974,1,0,42,14,15,-8.79004e-05,1,0,107,8,21,-11.9907,1,0,102,21,17,4.84879,1,0,139,8,22,-9.8024,1,0,141,22,20,0.000210396,1,0,4,3,18,0.116868,1,0,85,3,19,7.24939,1,0,169,8,23,-19.6947,1,0,127,23,16,-13.5673,1,0,30,2,16,9.72315,1,0,33,4,16,-2.60995,0,0,74,14,20,-1.03133,1,0,200,4,24,-0.68567,1,0,190,24,16,-2.15105,1,0,
0.3
4331
0,0,1,0,1,0,0,0,2,0,0,0,3,0,0,0,4,0,0,0,5,0,0,0,6,0,7,7,7,0,7,7,8,0,0,0,9,0,0,0,10,0,0,0,11,0,0,0,12,0,0,0,13,0,7,7,14,0,7,7,15,3,-135.045,0,16,3,30.6334,1,17,3,25.3306,1,18,1,29.512,1,19,1,-0.108986,0.390371,20,2,26.4501,1,21,1,0,0.5,22,1,0,0.5,23,1,0,0.5,
1,0,20,-4.46496e-05,1,0,3,1,20,-8.10716,1,0,68,2,18,-0.261495,1,0,45,3,20,-0.00848006,1,0,69,4,18,-0.00132648,1,0,7,5,20,-0.0895639,1,0,12,8,18,0.0708697,1,0,47,8,19,-0.147153,1,0,13,8,20,-12.0144,0,0,48,10,18,1.24098e-05,1,0,21,13,18,4.216,1,0,50,13,19,-0.0155694,1,0,26,19,16,-7.76396,1,0,75,20,16,0.0261423,1,0,28,1,16,-0.00224967,1,0,88,3,15,-11.7856,1,0,92,3,17,-0.000162337,1,0,76,4,15,-8.10794,1,0,34,4,17,0.00347905,1,0,77,5,17,-8.3628,1,0,59,6,15,-0.0573045,1,0,60,6,17,5.85129,1,0,61,7,15,-19.238,1,0,36,8,16,-1.1787,0,0,93,8,17,-0.474051,0,0,37,9,15,0.0273737,1,0,64,11,15,1.37167e-06,1,0,39,11,17,0.255017,1,0,81,12,15,5.86038e-05,1,0,40,12,17,0.00811564,1,0,83,13,16,4.15261,1,0,41,13,17,-2.6192,1,0,42,14,15,0.00318626,1,0,107,8,21,1.90685,1,0,102,21,17,5.41183,1,0,139,8,22,8.74117,1,0,141,22,20,0.000746435,1,0,4,3,18,-0.131395,1,0,85,3,19,-0.242975,1,0,169,8,23,1.23407,1,0,127,23,16,9.13966,1,0,30,2,16,-0.0491146,1,0,33,4,16,1.93116,1,0,74,14,20,3.77853,1,0,
0.1
4331
0,0,1,0,1,0,4,4,2,0,4,4,3,0,0,0,4,0,0,0,5,0,0,0,6,0,3,3,7,0,3,3,8,0,4,4,9,0,4,4,10,0,0,0,11,0,0,0,12,0,0,0,13,0,3,3,14,0,3,3,15,3,8.60425,1,16,3,-55.5916,0,17,3,-3.0295,4.15728e-06,18,1,-2.71452,1.50759e-05,19,1,0.229525,0.718849,20,2,37.8833,1,21,1,1.62613,0.998709,22,1,-6.86298,6.44955e-13,23,1,0.769748,0.95884,24,1,0,0.5,
1,0,20,-3.00522e-05,1,0,3,1,20,0.703269,1,0,68,2,18,-0.0854012,1,0,45,3,20,-0.0239842,1,0,69,4,18,-0.00237982,1,0,7,5,20,3.21261,1,0,12,8,18,-0.0270213,1,0,47,8,19,-0.0273895,1,0,13,8,20,3.22737,0,0,48,10,18,-1.33308e-05,1,0,21,13,18,-0.754944,1,0,50,13,19,0.113028,1,0,26,19,16,-8.24828,1,0,75,20,16,0.0170252,1,0,28,1,16,-0.00367311,1,0,88,3,15,8.94266,1,0,92,3,17,0.00045636,1,0,76,4,15,-5.04802,1,0,34,4,17,-0.00378397,1,0,77,5,17,7.64671,1,0,59,6,15,0.0718249,1,0,60,6,17,-3.96576,1,0,61,7,15,2.7981,1,0,36,8,16,-1.13278,0,0,93,8,17,0.32044,0,0,37,9,15,-0.00152215,1,0,64,11,15,-2.34369e-06,1,0,39,11,17,-0.110785,1,0,81,12,15,-18.0855,1,0,40,12,17,0.00591417,1,0,83,13,16,-16.2802,1,0,41,13,17,4.1259,1,0,42,14,15,0.000188298,1,0,107,8,21,0.406532,1,0,102,21,17,-3.51444,1,0,139,8,22,-1.71575,1,0,141,22,20,0.0021311,1,0,4,3,18,-0.0330389,1,0,85,3,19,1.20055,1,0,169,8,23,0.192437,1,0,127,23,16,-6.65332,1,0,30,2,16,0.40392,1,0,33,4,16,-0.116862,0,0,74,14,20,11.6901,1,0,200,4,24,0.20253,1,0,190,24,16,7.87969,1,0,
0.3
4331
0,0,1,0,1,0,6,6,2,0,6,6,3,0,0,0,4,0,0,0,5,0,0,0,6,0,1,1,7,0,1,1,8,0,6,6,9,0,6,6,10,0,0,0,11,0,0,0,12,0,0,0,13,0,1,1,14,0,1,1,15,3,17.8854,1,16,3,63.0587,1,17,3,9.30823,1,18,1,79.6053,1,19,1,0.00782558,0.508001,20,2,-55.9195,0,21,1,8.5327,1,22,1,9.63198,1,23,1,0.824847,0.96687,24,1,0,0.5,
1,0,20,-7.25038e-06,1,0,3,1,20,-6.46458,1,0,68,2,18,8.20425,1,0,45,3,20,0.000384732,1,0,69,4,18,3.86063e-05,1,0,7,5,20,11.2099,1,0,12,8,18,4.70049,1,0,47,8,19,-0.00304649,1,0,13,8,20,-16.4262,0,0,48,10,18,-3.18977e-05,1,0,21,13,18,2.17691,1,0,50,13,19,0.0261045,1,0,26,19,16,7.68983,1,0,75,20,16,-0.0169053,1,0,28,1,16,-0.0077545,1,0,88,3,15,15.4352,1,0,92,3,17,-0.000271989,1,0,76,4,15,-0.0815646,1,0,34,4,17,-0.0026658,1,0,77,5,17,-1.27453,1,0,59,6,15,0.0692536,1,0,60,6,17,3.7515,1,0,61,7,15,17.7593,1,0,36,8,16,-0.900798,0,0,93,8,17,-0.270366,0,0,37,9,15,0.00980059,1,0,64,11,15,6.86406e-06,1,0,39,11,17,-19.419,1,0,81,12,15,-0.00121181,1,0,40,12,17,0.0721003,1,0,83,13,16,15.9033,1,0,41,13,17,6.31333,1,0,42,14,15,-0.00196629,1,0,107,8,21,1.42212,1,0,102,21,17,-0.756605,1,0,139,8,22,1.60533,1,0,141,22,20,0.000854459,1,0,4,3,18,0.0142941,1,0,85,3,19,0.295747,1,0,169,8,23,0.137474,1,0,127,23,16,15.9328,1,0,30,2,16,4.60242,1,0,33,4,16,2.8058,0,0,74,14,20,-17.1328,1,0,200,4,24,0.599474,1,0,190,24,16,0.552068,1,0,
0.6
4331
0,0,1,0,1,0,5,5,2,0,5,5,3,0,0,0,4,0,0,0,5,0,0,0,6,0,2,2,7,0,2,2,8,0,5,5,9,0,5,5,10,0,0,0,11,0,0,0,12,0,0,0,13,0,2,2,14,0,1,1,15,3,-28.6744,0,16,3,47.2545,1,17,3,5.52531,1,18,1,-3.44432,7.62044e-07,19,1,-0.930675,0.0217434,20,2,-67.7128,0,21,1,3.10265,0.999997,22,1,13.6683,1,23,1,-6.47968,3.09299e-12,24,1,0,0.5,
1,0,20,-2.02085e-05,1,0,3,1,20,-12.3913,1,0,68,2,18,-0.11048,1,0,45,3,20,0.0159652,1,0,69,4,18,0.00194173,1,0,7,5,20,-9.62637,1,0,12,8,18,0.07216,1,0,47,8,19,-0.187763,1,0,13,8,20,3.4221,0,0,48,10,18,-1.22765e-05,1,0,21,13,18,-1.62636,1,0,50,13,19,0.00407102,1,0,26,19,16,8.17633,1,0,75,20,16,-0.00173396,1,0,28,1,16,0.00150817,1,0,88,3,15,16.1054,1,0,92,3,17,-0.000350967,1,0,76,4,15,6.76554,1,0,34,4,17,0.0013968,1,0,77,5,17,6.79938,1,0,59,6,15,0.00415222,1,0,60,6,17,-1.4891,1,0,61,7,15,-14.418,1,0,36,8,16,-0.0258791,0,0,93,8,17,-0.14866,0,0,37,9,15,0.0300628,1,0,64,11,15,-7.92902e-07,1,0,39,11,17,0.228421,1,0,81,12,15,-0.00133696,1,0,40,12,17,-0.0317587,1,0,83,13,16,3.91315,1,0,41,13,17,1.64643,1,0,42,14,15,0.00292399,1,0,107,8,21,0.620529,1,0,102,21,17,5.21067,1,0,139,8,22,2.73365,1,0,141,22,20,-0.00140451,1,0,4,3,18,-15.8947,1,0,85,3,19,0.21274,1,0,169,8,23,-1.29594,1,0,127,23,16,9.9973,1,0,30,2,16,6.71212,1,0,33,4,16,2.36307,0,0,74,14,20,-5.75484,1,0,200,4,24,-2.6321,1,0,190,24,16,11.3646,1,0,
0.5
4331
0,0,1,0,1,0,4,4,2,0,4,4,3,0,0,0,4,0,0,0,5,0,0,0,6,0,3,3,7,0,3,3,8,0,4,4,9,0,4,4,10,0,0,0,11,0,0,0,12,0,0,0,13,0,3,3,14,0,3,3,15,3,62.1273,1,16,3,-31.5187,0,17,3,-15.6317,1.71417e-28,18,1,-7.32649,9.68763e-14,19,1,-0.696123,0.0548293,20,2,50.9331,1,21,1,3.96104,1,22,1,-13.356,1.88902e-24,23,1,3.08666,0.999997,24,1,0,0.5,
1,0,20,-4.40009e-05,1,0,3,1,20,6.84188,1,0,68,2,18,-0.314597,1,0,45,3,20,0.006417,1,0,69,4,18,-0.000382535,1,0,7,5,20,-4.22308,1,0,12,8,18,0.0617044,1,0,47,8,19,-0.155312,1,0,13,8,20,19.0633,0,0,48,10,18,-1.70849e-05,1,0,21,13,18,-2.10497,1,0,50,13,19,-0.0249577,1,0,26,19,16,-12.2551,1,0,75,20,16,0.0172326,1,0,28,1,16,0.00826154,1,0,88,3,15,6.31264,1,0,92,3,17,4.89288e-05,1,0,76,4,15,8.67155,1,0,34,4,17,-0.000991356,1,0,77,5,17,10.4378,1,0,59,6,15,-0.0373113,1,0,60,6,17,-7.46367,1,0,61,7,15,20.7676,1,0,36,8,16,0.00433241,0,0,93,8,17,-14.231,0,0,37,9,15,-0.0183619,1,0,64,11,15,5.04939e-07,1,0,39,11,17,-0.174206,1,0,81,12,15,0.00168026,1,0,40,12,17,-0.0508697,1,0,83,13,16,6.74407,1,0,41,13,17,2.16307,1,0,42,14,15,0.00333398,1,0,107,8,21,0.990259,1,0,102,21,17,0.270159,1,0,139,8,22,-3.339,1,0,141,22,20,0.00219008,1,0,4,3,18,0.0703822,1,0,85,3,19,-2.11611,1,0,169,8,23,0.771666,1,0,127,23,16,-2.70913,1,0,30,2,16,-11.0039,1,0,33,4,16,0.809373,0,0,74,14,20,7.85519,1,0,200,4,24,-2.13707,1,0,190,24,16,-8.80866,1,0,
0.2
4331
0,0,1,0,1,0,6,6,2,0,6,6,3,0,0,0,4,0,0,0,5,0,0,0,6,0,1,1,7,0,1,1,8,0,6,6,9,0,6,6,10,0,0,0,11,0,0,0,12,0,0,0,13,0,1,1,14,0,1,1,15,3,-24.5371,2.66247e-44,16,3,-75.1339,0,17,3,-8.98085,1.11593e-16,18,1,-3.29006,1.4321e-06,19,1,0.371793,0.820632,20,2,-24.7406,1.12104e-44,21,1,-1.48416,0.00230536,22,1,-55.9811,0,23,1,-0.542104,0.0982162,24,2,0.2375,0.725394,
1,0,20,3.64909e-06,1,0,3,1,20,-4.12343,1,0,68,2,18,-0.224043,1,0,45,3,20,-0.00360706,1,0,69,4,18,-0.00142886,1,0,7,5,20,0.460037,1,0,12,8,18,-0.0256147,1,0,47,8,19,0.0370863,1,0,13,8,20,-4.94967,0,0,48,10,18,1.88287e-05,1,0,21,13,18,-1.79212,1,0,50,13,19,0.149275,1,0,26,19,16,7.55401,1,0,75,20,16,0.0128161,1,0,28,1,16,0.00413392,1,0,88,3,15,4.23166,1,0,92,3,17,0.00022998,1,0,76,4,15,4.15827,1,0,34,4,17,0.000562914,1,0,77,5,17,0.651553,1,0,59,6,15,-0.0094763,1,0,60,6,17,-7.1231,1,0,61,7,15,-24.6035,1,0,36,8,16,-1.41599,0,0,93,8,17,-1.10316,0,0,37,9,15,0.0125938,1,0,64,11,15,5.73329e-07,1,0,39,11,17,0.0326197,1,0,81,12,15,0.000223848,1,0,40,12,17,-0.0264411,1,0,83,13,16,9.35644,1,0,41,13,17,-1.86959,1,0,42,14,15,0.000271749,1,0,107,8,21,-0.24736,1,0,102,21,17,5.13369,1,0,139,8,22,-8.85314,1,0,141,22,20,-0.00142313,1,0,4,3,18,-0.0223423,1,0,85,3,19,-10.189,1,0,169,8,23,0.197983,1,0,127,23,16,-24.1911,0,0,30,2,16,-13.1587,1,0,178,7,23,-1.73,1,0,134,6,22,-2.86223,1,0,208,23,24,2.41814,1,0,190,24,16,-16.2146,1,0,
0
4331
0,0,1,0,1,0,2,2,2,0,2,2,3,0,1,1,4,0,1,1,5,0,1,1,6,0,5,5,7,0,5,5,8,0,2,2,9,0,2,2,10,0,1,1,11,0,0,0,12,0,1,1,13,0,5,5,14,0,5,5,15,3,-111.696,0,16,3,-71.095,0,17,3,6.27016,1,18,1,-5.07174,9.80054e-10,19,1,-2.97753,5.14178e-06,20,2,22.6816,1,21,1,1.9733,0.999688,22,1,5.17531,1,23,1,2.40245,0.999946,24,1,2.9218,0.999994,
1,0,20,4.47135e-05,1,0,3,1,20,-12.6556,1,0,68,2,18,0.208811,1,0,45,3,20,-0.00662415,1,0,69,4,18,0.00174515,1,0,7,5,20,-4.23052,1,0,12,8,18,0.0541625,1,0,47,8,19,0.0774227,1,0,13,8,20,-4.22765,0,0,48,10,18,2.24887e-05,1,0,21,13,18,-1.08761,1,0,50,13,19,-0.0233033,1,0,26,19,16,1.26324,1,0,75,20,16,-0.022523,1,0,28,1,16,0.00863506,1,0,88,3,15,-15.7338,1,0,92,3,17,0.000152664,1,0,76,4,15,8.24508,1,0,34,4,17,-0.00181001,1,0,77,5,17,-8.19887,1,0,59,6,15,0.0934749,1,0,60,6,17,3.67317,1,0,61,7,15,-20.928,1,0,36,8,16,1.44282,0,0,93,8,17,0.873309,0,0,37,9,15,-0.0101702,1,0,64,11,15,-6.66905e-06,1,0,39,11,17,-0.110155,1,0,81,12,15,0.000240719,1,0,40,12,17,0.0463835,1,0,83,13,16,-11.2601,1,0,41,13,17,-2.39478,1,0,42,14,15,-0.00294598,1,0,107,8,21,0.986651,1,0,102,21,17,8.03483,1,0,139,8,22,2.58765,1,0,141,22,20,8.30836,1,0,4,3,18,-0.161421,1,0,85,3,19,-3.01586,1,0,169,8,23,1.20122,1,0,127,23,16,-17.9083,1,0,30,2,16,-0.278482,1,0,33,4,16,0.670887,0,0,74,14,20,8.78433,1,0,200,4,24,2.9218,1,0,190,24,16,3.67507,1,0,
0
4331
0,0,1,0,1,0,2,2,2,0,2,2,3,0,2,2,4,0,4,4,5,0,4,4,6,0,5,5,7,0,3,3,8,0,2,2,9,0,2,2,10,0,2,2,11,0,4,4,12,0,4,4,13,0,5,5,14,0,3,3,15,3,19.9906,1,16,3,-93.6188,0,17,3,61.2428,1,18,1,-9.76284,4.55627e-18,19,1,3.90123,1,20,2,-40.7042,0,21,1,1.28919,0.994897,22,1,0.598439,0.920387,23,1,-1.28939,0.005099,24,1,-0.0381008,0.461121,
1,0,20,3.24983e-05,1,0,3,1,20,-4.53031,1,0,68,2,18,-0.0678553,1,0,45,3,20,-0.0222912,1,0,69,4,18,-0.000314553,1,0,7,5,20,-4.22464,1,0,12,8,18,0.067195,1,0,47,8,19,-0.0839864,1,0,13,8,20,-11.5139,0,0,48,10,18,1.65454e-05,1,0,21,13,18,-1.8943,1,0,50,13,19,-0.060858,1,0,26,19,16,10.3198,1,0,75,20,16,0.00774913,1,0,28,1,16,-1.94408,1,0,88,3,15,1.92205,1,0,92,3,17,-0.000508618,1,0,76,4,15,9.22455,1,0,34,4,17,0.00363508,1,0,77,5,17,4.74655,1,0,59,6,15,0.104114,1,0,60,6,17,4.82697,1,0,61,7,15,-6.32413,1,0,36,8,16,10.1833,0,0,93,8,17,-0.754688,0,0,37,9,15,-3.89192,0,0,64,11,15,-5.21481e-06,1,0,39,11,17,0.328253,1,0,81,12,15,0.000841238,1,0,40,12,17,-0.00912965,1,0,83,13,16,-8.06387,1,0,41,13,17,2.06323,1,0,42,14,15,0.00363588,1,0,107,8,21,0.644595,1,0,102,21,17,7.00703,1,0,139,8,22,0.29922,1,0,141,22,20,-0.000991125,1,0,4,3,18,-0.144389,1,0,85,3,19,2.18675,1,0,169,8,23,-0.644694,1,0,127,23,16,16.8278,1,0,30,2,16,-9.73602,1,0,33,4,16,-10.0862,1,0,74,14,20,-4.89984,1,0,192,9,24,-0.0190504,1,0,180,24,15,-5.01856,1,0,62,7,17,-0.151901,1,0,
2433.8
4359
0,0,1,0,1,0,0,0,2,0,0,0,3,0,0,0,4,0,0,0,5,0,0,0,6,0,2,2,7,0,2,2,8,0,0,0,9,0,0,0,10,0,0,0,11,0,0,0,12,0,0,0,13,0,2,2,14,0,2,2,15,3,-36.8515,0,16,3,-30.2546,0,17,3,-0.52541,0.104431,18,1,4.30807,1,19,1,-0.250082,0.264475,20,2,32.3699,1,21,1,0,0.5,22,1,0,0.5,23,1,0,0.5,24,1,0,0.5,
1,0,20,-3.79713e-05,1,0,3,1,20,-10.5415,1,0,68,2,18,-0.30758,1,0,45,3,20,-0.0226177,1,0,69,4,18,-0.0022633,1,0,7,5,20,-9.34729,1,0,12,8,18,0.0651064,1,0,47,8,19,0.17056,1,0,13,8,20,-16.995,0,0,48,10,18,-3.12513e-05,1,0,21,13,18,2.15403,1,0,50,13,19,-0.125041,1,0,26,19,16,-14.1399,1,0,75,20,16,-0.0263785,1,0,28,1,16,-0.00912587,1,0,88,3,15,-13.9884,1,0,92,3,17,0.00045114,1,0,76,4,15,9.60987,1,0,34,4,17,0.00320884,1,0,77,5,17,-9.8168,1,0,59,6,15,-0.0929267,1,0,60,6,17,7.41415,1,0,61,7,15,-18.3297,1,0,36,8,16,1.31653,0,0,93,8,17,-1.05128,0,0,37,9,15,0.0367569,1,0,64,11,15,6.4471e-06,1,0,39,11,17,0.331535,1,0,81,12,15,-0.00184791,1,0,40,12,17,0.0700508,1,0,83,13,16,-14.4802,1,0,41,13,17,-5.99089,1,0,42,14,15,-0.00309338,1,0,107,8,21,-2.32444,1,0,102,21,17,-6.74386,1,0,139,8,22,10.2218,1,0,141,22,20,-0.00243145,1,0,4,3,18,0.137811,1,0,85,3,19,-6.0567,1,0,169,8,23,-1.12091,1,0,127,23,16,19.9185,1,0,30,2,16,9.69031,1,0,33,4,16,-2.81101,0,0,74,14,20,16.1856,1,0,200,4,24,-2.81101,1,0,190,24,16,-14.9749,1,0,
0
4331
0,0,1,0,1,0,3,3,2,0,3,3,3,0,3,3,4,0,4,4,5,0,4,4,6,0,4,4,7,0,3,3,8,0,3,3,9,0,3,3,10,0,3,3,11,0,4,4,12,0,4,4,13,0,4,4,14,0,3,3,15,3,0.216832,0.708238,16,3,-24.4769,3.36312e-44,17,3,69.222,1,18,1,-7.52268,4.34242e-14,19,1,-18.9793,1.93943e-34,20,2,58.5757,1,21,1,-7.88985,9.67252e-15,22,1,7.4657,1,23,1,-3.95146,9.57569e-08,24,1,1.95818,0.999668,
1,0,20,-3.04056e-05,1,0,3,1,20,10.7318,1,0,68,2,18,-0.338907,1,0,45,3,20,-11.1001,1,0,69,4,18,0.000794292,1,0,7,5,20,13.4857,1,0,12,8,18,0.0390734,1,0,47,8,19,-0.143993,1,0,13,8,20,2.18771,0,0,48,10,18,2.48363e-05,1,0,21,13,18,-1.77385,1,0,50,13,19,-0.0139356,1,0,26,19,16,-12.821,1,0,75,20,16,-0.000113843,1,0,28,1,16,-0.0041981,1,0,88,3,15,8.72051,1,0,92,3,17,0.000305296,1,0,76,4,15,-2.907,1,0,34,4,17,0.00279977,1,0,77,5,17,5.69367,1,0,59,6,15,-0.0308917,1,0,60,6,17,3.48733,1,0,61,7,15,-4.79515,1,0,36,8,16,1.12769,0,0,93,8,17,-18.141,0,0,37,9,15,0.0657806,1,0,64,11,15,-1.43341e-06,1,0,39,11,17,15.0354,1,0,81,12,15,-0.00114477,1,0,40,12,17,-0.0825934,1,0,83,13,16,1.79349,1,0,41,13,17,-6.83138,1,0,42,14,15,-0.000152697,1,0,107,8,21,-2.62995,1,0,102,21,17,-7.21113,1,0,139,8,22,2.48857,1,0,141,22,20,0.00101977,1,0,4,3,18,0.156319,1,0,85,3,19,-6.16387,1,0,169,8,23,-1.31715,1,0,127,23,16,16.9841,1,0,30,2,16,-7.58482,1,0,33,4,16,-0.265406,0,0,74,14,20,1.91224,1,0,200,4,24,0.489545,1,0,190,24,16,-8.88662,1,0,
0.4
4331
0,0,1,0,1,0,2,2,2,0,2,2,3,0,0,0,4,0,0,0,5,0,0,0,6,0,5,5,7,0,5,5,8,0,2,2,9,0,2,2,10,0,0,0,11,0,0,0,12,0,0,0,13,0,5,5,14,0,0,0,15,3,105.312,1,16,3,71.8247,1,17,3,-113.274,0,18,1,3.08997,0.999997,19,1,-86.1673,0,20,2,-33.7905,0,21,1,-38.3641,0,22,1,-39.103,0,23,1,-2.58946,2.5143e-05,24,1,0,0.5,
1,0,20,-2.76896e-05,1,0,3,1,20,-16.8953,1,0,68,2,18,0.356544,1,0,45,3,20,-0.0157094,1,0,69,4,18,-0.000720445,1,0,7,5,20,-1.65281,1,0,12,8,18,0.0628246,1,0,47,8,19,0.0231257,1,0,13,8,20,9.85104,0,0,48,10,18,-18.1422,1,0,21,13,18,0.450247,1,0,50,13,19,-17.2427,1,0,26,19,16,-0.802012,1,0,75,20,16,-0.0083454,1,0,28,1,16,-0.00895233,1,0,88,3,15,-0.189692,1,0,92,3,17,-8.04745e-05,1,0,76,4,15,9.23814,1,0,34,4,17,0.00300851,1,0,77,5,17,10.7498,1,0,59,6,15,-0.0374623,1,0,60,6,17,-7.29256,1,0,61,7,15,21.0892,1,0,36,8,16,-0.181314,0,0,93,8,17,-0.490523,0,0,37,9,15,0.0264839,1,0,64,11,15,1.3192e-06,1,0,39,11,17,-0.265706,1,0,81,12,15,2.389e-05,1,0,40,12,17,0.00140437,1,0,83,13,16,12.0905,1,0,41,13,17,-15.3622,1,0,42,14,15,-0.000722161,1,0,107,8,21,-19.182,1,0,102,21,17,-3.34133,1,0,139,8,22,-19.5515,1,0,141,22,20,-0.00105965,1,0,4,3,18,0.147002,1,0,85,3,19,-3.60554,1,0,169,8,23,-1.29473,1,0,127,23,16,17.9808,1,0,30,2,16,5.20867,1,0,33,4,16,-1.01628,0,0,74,14,20,2.73012,1,0,200,4,24,-1.26777,1,0,190,24,16,1.94441,1,0,
0.4
4331
0,0,1,0,1,0,6,6,2,0,6,6,3,0,0,0,4,0,0,0,5,0,0,0,6,0,1,1,7,0,1,1,8,0,6,6,9,0,6,6,10,0,0,0,11,0,0,0,12,0,0,0,13,0,1,1,14,0,1,1,15,3,9.41173,1,16,3,37.8456,1,17,3,-5.47548,1.87973e-10,18,1,-0.970339,0.0185477,19,1,68.2431,1,20,2,24.7687,1,21,1,15.7479,1,22,1,-13.1454,4.46972e-24,23,1,3.89125,1,24,1,0,0.5,
1,0,20,-1.73068e-05,1,0,3,1,20,1.56271,1,0,68,2,18,0.0830537,1,0,45,3,20,0.0168791,1,0,69,4,18,0.00171648,1,0,7,5,20,-4.62942,1,0,12,8,18,-0.0721164,1,0,47,8,19,14.6989,1,0,13,8,20,-19.1526,0,0,48,10,18,2.21342e-05,1,0,21,13,18,-1.03596,1,0,50,13,19,-19.9505,1,0,26,19,16,-9.59832,1,0,75,20,16,19.7389,1,0,28,1,16,0.0071727,1,0,88,3,15,15.4219,1,0,92,3,17,-0.000174241,1,0,76,4,15,-10.6033,1,0,34,4,17,0.00370643,1,0,77,5,17,0.271611,1,0,59,6,15,-0.00440264,1,0,60,6,17,-7.98109,1,0,61,7,15,9.31445,1,0,36,8,16,-1.45618,0,0,93,8,17,-0.171349,0,0,37,9,15,0.0166542,1,0,64,11,15,-2.49196e-06,1,0,39,11,17,-0.149284,1,0,81,12,15,-0.00119698,1,0,40,12,17,0.0411288,1,0,83,13,16,-16.121,1,0,41,13,17,-4.38286,1,0,42,14,15,0.00175107,1,0,107,8,21,2.62465,1,0,102,21,17,6.88848,1,0,139,8,22,-2.1909,1,0,141,22,20,-0.00124193,1,0,4,3,18,-0.114984,1,0,85,3,19,-4.75558,1,0,169,8,23,0.648542,1,0,127,23,16,-3.08261,1,0,30,2,16,7.36179,1,0,33,4,16,-0.929212,0,0,74,14,20,15.3925,1,0,200,4,24,0.439991,1,0,190,24,16,5.38965,1,0,
0.1
4331
0,0,1,0,1,0,4,4,2,0,4,4,3,0,0,0,4,0,0,0,5,0,0,0,6,0,3,3,7,0,3,3,8,0,4,4,9,0,4,4,10,0,0,0,11,0,0,0,12,0,0,0,13,0,3,3,14,0,3,3,15,3,26.7813,1,16,3,-4.09621,5.29726e-08,17,3,-16.1868,1.77011e-29,18,1,5.83053,1,19,1,-90.2581,0,20,2,-23.3907,2.83202e-42,21,1,-5.30558,3.76608e-10,22,1,39.4021,1,23,1,-2.05693,0.000221946,
1,0,20,-1.73418e-05,1,0,3,1,20,-5.84769,1,0,68,2,18,0.31421,1,0,45,3,20,0.00833757,1,0,69,4,18,-0.00250929,1,0,7,5,20,-7.19759,1,0,12,8,18,-0.0484892,1,0,47,8,19,-11.1213,1,0,13,8,20,2.12726,0,0,48,10,18,-3.4145e-05,1,0,21,13,18,1.58921,1,0,50,13,19,-15.2576,1,0,26,19,16,-0.643288,1,0,75,20,16,-0.00411999,1,0,28,1,16,0.00688589,1,0,88,3,15,-4.00302,1,0,92,3,17,0.000238091,1,0,76,4,15,7.18691,1,0,34,4,17,0.000766285,1,0,77,5,17,0.877846,1,0,59,6,15,-0.10406,1,0,60,6,17,0.435929,1,0,61,7,15,8.97813,1,0,36,8,16,-0.647837,0,0,93,8,17,-1.04996,0,0,37,9,15,0.0411149,1,0,64,11,15,-2.5625e-06,1,0,39,11,17,17.5437,1,0,81,12,15,-0.00152597,1,0,40,12,17,0.045555,1,0,83,13,16,-11.0554,1,0,41,13,17,-5.83152,1,0,42,14,15,-0.00178605,1,0,107,8,21,-1.32639,1,0,102,21,17,-6.07286,1,0,139,8,22,9.85052,1,0,141,22,20,9.28737e-05,1,0,4,3,18,0.164731,1,0,85,3,19,4.76064,1,0,169,8,23,-0.0639022,1,0,127,23,16,1.72962,1,0,30,2,16,7.26051,1,0,178,7,23,-0.600441,1,0,161,0,23,-7.92544,1,0,143,12,22,5.21484,1,0,
0
4331
0,0,1,0,1,0,1,1,2,0,1,1,3,0,1,1,4,0,4,4,5,0,4,4,6,0,6,6,7,0,3,3,8,0,1,1,9,0,1,1,10,0,1,1,11,0,4,4,12,0,4,4,13,0,6,6,14,0,1,1,15,3,-31.6962,0,16,3,94.5063,1,17,3,-28.7613,0,18,1,-17.4689,9.3474e-32,19,1,-2.25437,9.89913e-05,20,2,-48.7101,0,21,1,-2.17552,0.000136662,22,1,-2.28605,8.6963e-05,23,1,1.32274,0.995548,24,1,8.18139,1,
1,0,20,1.33242e-05,1,0,3,1,20,-3.35762,1,0,68,2,18,-13.6262,1,0,45,3,20,-0.0242205,1,0,69,4,18,-0.00203328,1,0,7,5,20,-7.71559,1,0,12,8,18,0.0446961,1,0,47,8,19,-0.0111158,1,0,13,8,20,-14.0927,0,0,48,10,18,-9.17375e-06,1,0,21,13,18,-0.653081,1,0,50,13,19,0.0864424,1,0,26,19,16,9.13154,1,0,75,20,16,0.00766615,1,0,28,1,16,0.00922764,1,0,88,3,15,-4.1964,1,0,92,3,17,-0.000239762,1,0,76,4,15,0.0798279,1,0,34,4,17,-0.00207547,1,0,77,5,17,-7.0151,1,0,59,6,15,0.0585122,1,0,60,6,17,-1.68737,1,0,61,7,15,-9.37558,1,0,36,8,16,-1.25516,0,0,93,8,17,0.15265,0,0,37,9,15,-0.0396273,1,0,64,11,15,-4.25492e-06,1,0,39,11,17,0.348209,1,0,81,12,15,-0.00174396,1,0,40,12,17,-0.0523221,1,0,83,13,16,11.3464,1,0,41,13,17,1.37467,1,0,42,14,15,0.00318129,1,0,107,8,21,-2.17552,1,0,102,21,17,2.30628,1,0,139,8,22,-2.28605,1,0,141,22,20,0.00099551,1,0,4,3,18,0.0393049,1,0,85,3,19,-2.76191,1,0,169,8,23,1.32274,1,0,127,23,16,-2.54968,1,0,30,2,16,17.7068,1,0,33,4,16,1.20186,0,0,74,14,20,-14.4659,1,0,200,4,24,2.04535,1,0,190,24,16,11.2494,1,0,
0
4331
0,0,1,0,1,0,5,5,2,0,5,5,3,0,0,0,4,0,0,0,5,0,0,0,6,0,2,2,7,0,2,2,8,0,5,5,9,0,5,5,10,0,0,0,11,0,0,0,12,0,0,0,13,0,2,2,14,0,2,2,15,3,10.5895,1,16,3,115.357,1,17,3,28.6082,1,18,1,0.82514,0.966908,19,1,-0.0650443,0.433882,20,2,-42.6447,0,21,1,3.31698,0.999999,22,1,37.4883,1,23,1,0.304417,0.776445,24,1,0,0.5,
1,0,20,2.71879e-05,1,0,3,1,20,-5.37292,1,0,68,2,18,-0.263347,1,0,45,3,20,-0.0222813,1,0,69,4,18,-0.00124661,1,0,7,5,20,9.62999,1,0,12,8,18,-0.0136785,1,0,47,8,19,-0.0684347,1,0,13,8,20,10.646,0,0,48,10,18,1.15254e-06,1,0,21,13,18,1.10513,1,0,50,13,19,0.138565,1,0,26,19,16,-2.0956,1,0,75,20,16,0.0243202,1,0,28,1,16,0.000332343,1,0,88,3,15,-8.54359,1,0,92,3,17,-0.000317816,1,0,76,4,15,-7.14648,1,0,34,4,17,14.6779,1,0,77,5,17,-0.356027,1,0,59,6,15,-0.0720519,1,0,60,6,17,7.49049,1,0,61,7,15,5.35948,1,0,36,8,16,0.876782,0,0,93,8,17,-0.367602,0,0,37,9,15,0.00245479,1,0,64,11,15,1.96587e-06,1,0,39,11,17,-0.16843,1,0,81,12,15,-0.00186603,1,0,40,12,17,-0.063737,1,0,83,13,16,13.5049,1,0,41,13,17,5.86532,1,0,42,14,15,0.00117131,1,0,107,8,21,0.663396,1,0,102,21,17,1.89661,1,0,139,8,22,7.49767,1,0,141,22,20,0.000104818,1,0,4,3,18,-0.0193769,1,0,85,3,19,-6.98248,1,0,169,8,23,0.0608835,1,0,127,23,16,-0.90688,1,0,30,2,16,19.4208,1,0,33,4,16,-0.480962,0,0,74,14,20,-7.89012,1,0,200,4,24,-1.20089,1,0,190,24,16,-14.2906,1,0,
1828.6
4359
0,0,1,0,1,0,0,0,2,0,0,0,3,0,0,0,4,0,0,0,5,0,0,0,6,0,2,2,7,0,2,2,8,0,0,0,9,0,0,0,10,0,0,0,11,0,0,0,12,0,0,0,13,0,2,2,14,0,2,2,15,3,-36.8515,0,16,3,-30.2546,0,17,3,-0.52541,0.104431,18,1,4.30807,1,19,1,-0.250082,0.264475,20,2,32.3699,1,21,1,0,0.5,22,1,0,0.5,23,1,0,0.5,24,1,0,0.5,
1,0,20,-3.79713e-05,1,0,3,1,20,-10.5415,1,0,68,2,18,-0.30758,1,0,45,3,20,-0.0226177,1,0,69,4,18,-0.0022633,1,0,7,5,20,-9.34729,1,0,12,8,18,0.0651064,1,0,47,8,19,0.17056,1,0,13,8,20,-16.995,0,0,48,10,18,-3.12513e-05,1,0,21,13,18,2.15403,1,0,50,13,19,-0.125041,1,0,26,19,16,-14.1399,1,0,75,20,16,-0.0263785,1,0,28,1,16,-0.00912587,1,0,88,3,15,-13.9884,1,0,92,3,17,0.00045114,1,0,76,4,15,9.60987,1,0,34,4,17,0.00320884,1,0,77,5,17,-9.8168,1,0,59,6,15,-0.0929267,1,0,60,6,17,7.41415,1,0,61,7,15,-18.3297,1,0,36,8,16,1.31653,0,0,93,8,17,-1.05128,0,0,37,9,15,0.0367569,1,0,64,11,15,6.4471e-06,1,0,39,11,17,0.331535,1,0,81,12,15,-0.00184791,1,0,40,12,17,0.0700508,1,0,83,13,16,-14.4802,1,0,41,13,17,-5.99089,1,0,42,14,15,-0.00309338,1,0,107,8,21,-2.32444,1,0,102,21,17,-6.74386,1,0,139,8,22,10.2218,1,0,141,22,20,-0.00243145,1,0,4,3,18,0.137811,1,0,85,3,19,-6.0567,1,0,169,8,23,-1.12091,1,0,127,23,16,19.9185,1,0,30,2,16,9.69031,1,0,33,4,16,-2.81101,0,0,74,14,20,16.1856,1,0,200,4,24,-2.81101,1,0,190,24,16,-14.9749,1,0,
0
4331
0,0,1,0,1,0,4,4,2,0,6,6,3,0,3,3,4,0,3,3,5,0,1,1,6,0,1,1,7,0,1,1,8,0,2,2,9,0,6,6,10,0,3,3,11,0,3,3,12,0,1,1,13,0,1,1,14,0,1,1,15,3,-10.0459,1.43153e-18,16,3,52.0414,1,17,3,10.5334,1,18,1,-2.72227,1.46058e-05,19,1,-29.6349,0,20,2,7.92842,1,21,1,-0.517636,0.107443,22,1,-1.98521,0.000297581,23,1,1.50604,0.997892,24,1,-7.55671,3.77827e-14,
1,0,20,-3.13992e-05,1,0,3,1,20,2.92093,1,0,68,2,18,-0.266195,1,0,45,3,20,0.00669021,1,0,69,4,18,-0.00123191,1,0,7,5,20,-0.469401,1,0,12,8,18,0.075496,1,0,47,8,19,-11.6258,1,0,13,8,20,15.9059,0,0,48,10,18,1.93121e-05,1,0,21,13,18,-1.17511,1,0,50,13,19,-0.0974388,1,0,26,19,16,-7.12385,1,0,75,20,16,0.0215245,1,0,28,1,16,-0.00554574,1,0,88,3,15,6.52836,1,0,92,3,17,-0.00044758,1,0,76,4,15,-5.81371,1,0,34,4,17,0.000436453,1,0,77,5,17,5.90787,1,0,59,6,15,-0.10745,1,0,60,6,17,-0.220192,1,0,61,7,15,-11.971,1,0,36,8,16,1.37011,0,0,93,8,17,0.0564471,0,0,37,9,15,-0.0186072,1,0,64,11,15,-6.24094e-06,1,0,39,11,17,0.334692,1,0,81,12,15,0.00119036,1,0,40,12,17,4.95078,1,0,83,13,16,-0.43601,1,0,41,13,17,-1.18705,1,0,42,14,15,-0.000886442,1,0,107,8,21,-0.258818,1,0,102,21,17,0.725633,1,0,139,8,22,-0.992607,1,0,141,22,20,-0.00038402,1,0,4,3,18,-0.0324468,1,0,85,3,19,-2.09531,1,0,169,8,23,0.753019,1,0,127,23,16,0.557276,1,0,30,2,16,8.65366,1,0,33,4,16,-0.829298,0,0,74,14,20,-3.30597,1,0,200,4,24,-2.5189,1,0,190,24,16,13.573,1,0,
0.3
4331
0,0,1,0,1,0,0,0,2,0,0,0,3,0,0,0,4,0,0,0,5,0,0,0,6,0,7,7,7,0,7,7,8,0,0,0,9,0,0,0,10,0,0,0,11,0,0,0,12,0,0,0,13,0,7,7,14,0,7,7,15,3,83.1933,1,16,3,65.0387,1,17,3,-4.46278,1.18283e-08,18,1,23.2471,1,19,1,0.174825,0.671512,20,2,34.097,1,21,1,0,0.5,22,1,82.0791,1,23,1,0,0.5,
1,0,20,-7.96263e-06,1,0,3,1,20,-0.796368,1,0,68,2,18,-0.153203,1,0,45,3,20,0.0150369,1,0,69,4,18,-0.00213433,1,0,7,5,20,-1.04071,1,0,12,8,18,0.0491108,1,0,47,8,19,-0.0200821,1,0,13,8,20,4.34113,0,0,48,10,18,-2.31132e-05,1,0,21,13,18,3.32102,1,0,50,13,19,0.024975,1,0,26,19,16,0.873531,1,0,75,20,16,0.0141259,1,0,28,1,16,0.00167735,1,0,88,3,15,-11.591,1,0,92,3,17,18.0451,1,0,76,4,15,6.32501,1,0,34,4,17,0.0015699,1,0,77,5,17,-7.14252,1,0,59,6,15,0.0741819,1,0,60,6,17,5.82983,1,0,61,7,15,11.8134,1,0,36,8,16,1.31996,0,0,93,8,17,0.659351,0,0,37,9,15,0.0111958,1,0,64,11,15,-2.67985e-06,1,0,39,11,17,-9.63025,1,0,81,12,15,3.85525e-06,1,0,40,12,17,0.0271077,1,0,83,13,16,9.21385,1,0,41,13,17,-6.23059,1,0,42,14,15,-0.00284514,1,0,107,8,21,-1.92277,1,0,102,21,17,-3.31487,1,0,139,8,22,-7.75576,1,0,141,22,20,-0.00290242,1,0,4,3,18,14.1548,1,0,85,3,19,3.05175,1,0,169,8,23,-0.951959,1,0,127,23,16,-0.117809,1,0,30,2,16,-3.47863,1,0,33,4,16,-0.165064,1,0,74,14,20,4.87141,1,0,134,6,22,11.7256,1,0,
0.4
4331
0,0,1,0,1,0,6,6,2,0,6,6,3,0,0,0,4,0,0,0,5,0,0,0,6,0,1,1,7,0,1,1,8,0,6,6,9,0,6,6,10,0,0,0,11,0,0,0,12,0,0,0,13,0,1,1,14,0,1,1,15,3,9.4382,1,16,3,72.0727,1,17,3,-7.37831,7.83738e-14,18,1,0.867928,0.972073,19,1,-0.446662,0.138614,20,2,19.1229,1,21,1,-2.55447,2.90112e-05,22,1,64.073,1,23,1,-4.22644,3.10972e-08,24,1,0,0.5,
1,0,20,-7.93396e-06,1,0,3,1,20,5.98459,1,0,68,2,18,0.325435,1,0,45,3,20,0.0182357,1,0,69,4,18,-1.6482,1,0,7,5,20,-8.58579,1,0,12,8,18,0.0452437,1,0,47,8,19,-0.0910461,1,0,13,8,20,-4.89442,0,0,48,10,18,2.91443e-05,1,0,21,13,18,-1.35615,1,0,50,13,19,0.0996144,1,0,26,19,16,16.1712,1,0,75,20,16,-0.0167206,1,0,28,1,16,-0.0108128,1,0,88,3,15,0.235512,1,0,92,3,17,0.00026212,1,0,76,4,15,8.59393,1,0,34,4,17,-0.00228152,1,0,77,5,17,14.3103,1,0,59,6,15,0.0993339,1,0,60,6,17,-1.57668,1,0,61,7,15,9.57555,1,0,36,8,16,-1.16516,0,0,93,8,17,0.46178,0,0,37,9,15,-0.0399806,1,0,64,11,15,7.41928e-06,1,0,39,11,17,0.348595,1,0,81,12,15,-6.8377,1,0,40,12,17,0.0537296,1,0,83,13,16,16.2297,1,0,41,13,17,-5.80148,1,0,42,14,15,0.00319972,1,0,107,8,21,-0.425746,1,0,102,21,17,-5.06254,1,0,139,8,22,10.6788,1,0,141,22,20,-0.00045041,1,0,4,3,18,0.0699683,1,0,85,3,19,6.7497,1,0,169,8,23,-0.704407,1,0,127,23,16,-19.8172,1,0,30,2,16,9.47215,1,0,33,4,16,-19.0605,0,0,74,14,20,-16.7842,1,0,200,4,24,-0.321236,1,0,190,24,16,-6.29988,1,0,
0
4331
0,0,1,0,1,0,2,2,2,0,3,3,3,0,3,3,4,0,5,5,5,0,4,4,6,0,4,4,7,0,2,2,8,0,2,2,9,0,3,3,10,0,3,3,11,0,5,5,12,0,4,4,13,0,4,4,14,0,2,2,15,3,-16.9187,8.87061e-31,16,3,152.408,1,17,3,15.4787,1,18,1,87.5024,1,19,1,-4.02409,7.11463e-08,20,2,-24.292,7.14662e-44,21,1,-4.33863,1.96535e-08,22,1,-22.8279,2.82824e-41,23,1,1.47208,0.997578,24,1,2.65711,0.999981,
1,0,20,2.1043e-05,1,0,3,1,20,-10.9295,1,0,68,2,18,0.245316,1,0,45,3,20,0.00124095,1,0,69,4,18,17.7305,1,0,7,5,20,-5.5325,1,0,12,8,18,0.0561714,1,0,47,8,19,0.0264522,1,0,13,8,20,-7.13203,0,0,48,10,18,2.85457e-05,1,0,21,13,18,-0.533807,1,0,50,13,19,-0.0923486,1,0,26,19,16,-0.421377,1,0,75,20,16,0.00477493,1,0,28,1,16,15.8128,1,0,88,3,15,-2.05159,1,0,92,3,17,-0.000153475,1,0,76,4,15,4.75698,1,0,34,4,17,0.00190059,1,0,77,5,17,-1.4373,1,0,59,6,15,0.109902,1,0,60,6,17,-0.127581,1,0,61,7,15,-17.4658,1,0,36,8,16,-16.847,0,0,93,8,17,0.174831,0,0,37,9,15,-0.0166122,1,0,64,11,15,-5.21393e-06,1,0,39,11,17,0.0610586,1,0,81,12,15,-0.00139548,1,0,40,12,17,10.7389,1,0,83,13,16,17.2138,1,0,41,13,17,-5.38291,1,0,42,14,15,-0.000726789,1,0,107,8,21,-2.16932,1,0,102,21,17,-4.27337,1,0,139,8,22,-11.414,1,0,141,22,20,-0.00150256,1,0,4,3,18,0.0456268,1,0,85,3,19,-1.23587,1,0,169,8,23,0.736042,1,0,127,23,16,16.6002,1,0,30,2,16,7.9812,1,0,33,4,16,6.30004,0,0,74,14,20,9.84671,1,0,200,4,24,0.531421,1,0,190,24,16,11.4243,1,0,
0.1
4331
0,0,1,0,1,0,6,6,2,0,6,6,3,0,0,0,4,0,0,0,5,0,0,0,6,0,1,1,7,0,1,1,8,0,5,5,9,0,6,6,10,0,0,0,11,0,0,0,12,0,0,0,13,0,1,1,14,0,1,1,15,3,17.4462,1,16,3,-30.4031,0,17,3,6.14564,1,18,1,3.08081,0.999997,19,1,0.61225,0.924429,20,2,-11.4565,4.46918e-21,21,1,-6.89391,5.68321e-13,22,1,14.2673,1,23,1,3.94184,1,
1,0,20,1.48512e-05,1,0,3,1,20,-4.49548,1,0,68,2,18,0.0729542,1,0,45,3,20,-0.01175,1,0,69,4,18,-0.00209151,1,0,7,5,20,-6.96268,1,0,12,8,18,0.0514159,1,0,47,8,19,0.108866,1,0,13,8,20,2.35962,0,0,48,10,18,-1.40973e-05,1,0,21,13,18,2.38601,1,0,50,13,19,0.0679211,1,0,26,19,16,-0.987527,1,0,75,20,16,-0.00733233,1,0,28,1,16,-0.000761439,1,0,88,3,15,-8.18596,1,0,92,3,17,-0.000206294,1,0,76,4,15,1.23439,1,0,34,4,17,0.00037794,1,0,77,5,17,-9.02505,1,0,59,6,15,-0.00312474,1,0,60,6,17,8.42851,1,0,61,7,15,12.2923,1,0,36,8,16,-0.986329,0,0,93,8,17,1.15137,0,0,37,9,15,-0.0279726,1,0,64,11,15,19.3466,1,0,39,11,17,-0.0486209,1,0,81,12,15,0.00109895,1,0,40,12,17,-1.28927,1,0,83,13,16,-7.8902,1,0,41,13,17,-2.28287,1,0,42,14,15,5.32487,1,0,107,8,21,-1.37878,1,0,102,21,17,0.286875,1,0,139,8,22,2.85347,1,0,141,22,20,0.00102911,1,0,4,3,18,-0.0531354,1,0,85,3,19,2.47678,1,0,169,8,23,0.788368,1,0,127,23,16,-4.6379,1,0,30,2,16,-2.82626,1,0,33,4,16,-2.33722,1,0,74,14,20,15.5153,1,0,
0
4331
0,0,1,0,1,0,5,5,2,0,7,7,3,0,2,2,4,0,2,2,5,0,0,0,6,0,0,0,7,0,0,0,8,0,0,0,9,0,7,7,10,0,2,2,11,0,2,2,12,0,0,0,13,0,0,0,14,0,0,0,15,3,17.5613,1,16,3,60.6038,1,17,3,1.04057,0.986018,18,1,1.58702,0.998485,19,1,-11.4139,5.31965e-21,20,2,-5.60303,1.11568e-10,21,1,0,0.5,22,1,0,0.5,23,1,0,0.5,24,1,6.46595,1,
1,0,20,-9.03322e-06,1,0,3,1,20,-1.12316,1,0,68,2,18,0.212671,1,0,45,3,20,0.00636262,1,0,69,4,18,0.00141792,1,0,7,5,20,-19.5834,1,0,12,8,18,-0.0255248,1,0,47,8,19,0.0305362,1,0,13,8,20,-17.5394,0,0,48,10,18,3.09152e-05,1,0,21,13,18,0.0246397,1,0,50,13,19,-0.0545467,1,0,26,19,16,5.96898,1,0,75,20,16,-0.0184117,1,0,28,1,16,0.00282065,1,0,88,3,15,6.43321,1,0,92,3,17,0.00025638,1,0,76,4,15,2.44413,1,0,34,4,17,0.000842971,1,0,77,5,17,3.70386,1,0,59,6,15,0.111119,1,0,60,6,17,-7.40808,1,0,61,7,15,-19.9549,1,0,36,8,16,-0.886996,0,0,93,8,17,-0.656144,0,0,37,9,15,-0.0276199,1,0,64,11,15,4.40614e-06,1,0,39,11,17,-0.273527,1,0,81,12,15,0.00058629,1,0,40,12,17,0.00531741,1,0,83,13,16,13.7248,1,0,41,13,17,-3.01017,1,0,42,14,15,-0.00143119,1,0,107,8,21,-1.62088,1,0,102,21,17,3.17084,1,0,139,8,22,-8.57018,1,0,141,22,20,7.84883e-05,1,0,4,3,18,0.0477138,1,0,85,3,19,-5.70695,1,0,169,8,23,0.474067,1,0,127,23,16,-15.7454,1,0,30,2,16,9.70938,1,0,33,4,16,0.813906,0,0,74,14,20,-17.4295,1,0,200,4,24,3.23298,1,0,190,24,16,0.496715,1,0,
100.6
4331
0,0,1,0,1,0,2,2,2,0,2,2,3,0,0,0,4,0,0,0,5,0,0,0,6,0,5,5,7,0,5,5,8,0,2,2,9,0,0,0,10,0,0,0,11,0,0,0,12,0,0,0,13,0,5,5,14,0,5,5,15,3,43.3712,1,16,3,-15.8846,6.09182e-29,17,3,-43.8839,0,18,1,-12.4933,6.43564e-23,19,1,-0.771505,0.0408769,20,2,-13.0709,6.06251e-24,21,1,1.06418,0.987289,22,1,9.01514,1,23,1,-16.174,1.86537e-29,
1,0,20,3.38395e-05,1,0,3,1,20,-6.53403,1,0,68,2,18,-0.2325,1,0,45,3,20,-0.00442761,1,0,69,4,18,0.000661834,1,0,7,5,20,-5.94647,1,0,12,8,18,0.0325801,1,0,47,8,19,-0.146506,1,0,13,8,20,-12.2053,0,0,48,10,18,1.66015e-05,1,0,21,13,18,-2.41869,1,0,50,13,19,-0.0956986,1,0,26,19,16,4.30422,1,0,75,20,16,0.0148472,1,0,28,1,16,-0.00768059,1,0,88,3,15,1.11671,1,0,92,3,17,0.000510926,1,0,76,4,15,-2.06979,1,0,34,4,17,-0.00295256,1,0,77,5,17,-9.60442,1,0,59,6,15,-0.0686298,1,0,60,6,17,-3.32596,1,0,61,7,15,8.73969,1,0,36,8,16,1.19246,0,0,93,8,17,0.989142,0,0,37,9,15,0.0313342,1,0,64,11,15,1.30481e-07,1,0,39,11,17,0.33371,1,0,81,12,15,0.00182336,1,0,40,12,17,-0.0200703,1,0,83,13,16,-5.07019,1,0,41,13,17,-6.02297,1,0,42,14,15,0.00317485,1,0,107,8,21,0.532092,1,0,102,21,17,2.8975,1,0,139,8,22,4.50757,1,0,141,22,20,-0.00283019,1,0,4,3,18,0.0479358,1,0,85,3,19,0.697675,1,0,169,8,23,0.304269,1,0,127,23,16,8.52749,1,0,30,2,16,4.65288,1,0,178,7,23,-3.3565,1,0,161,0,23,14.809,1,0,143,12,22,12.1738,1,0,
0.7
4331
0,0,1,0,1,0,2,2,2,0,2,2,3,0,0,0,4,0,0,0,5,0,0,0,6,0,5,5,7,0,5,5,8,0,2,2,9,0,2,2,10,0,0,0,11,0,0,0,12,0,0,0,13,0,5,5,14,0,2,2,15,3,94.8544,1,16,3,-36.8619,0,17,3,51.0995,1,18,1,11.614,1,19,1,15.071,1,20,2,14.0539,1,21,1,-3.47447,6.73638e-07,22,1,-6.09017,1.52142e-11,23,1,1.20274,0.992748,24,1,0,0.5,
1,0,20,-3.31254e-05,1,0,3,1,20,-5.24994,1,0,68,2,18,0.0201991,1,0,45,3,20,-0.000739668,1,0,69,4,18,0.00140436,1,0,7,5,20,-6.05494,1,0,12,8,18,-0.0332417,1,0,47,8,19,7.61156,1,0,13,8,20,2.31955,0,0,48,10,18,9.02032e-07,1,0,21,13,18,2.32801,1,0,50,13,19,-0.0304307,1,0,26,19,16,-8.25331,1,0,75,20,16,0.00796863,1,0,28,1,16,-0.00111796,1,0,88,3,15,0.381698,1,0,92,3,17,0.000424851,1,0,76,4,15,2.47203,1,0,34,4,17,-0.000653804,1,0,77,5,17,8.24769,1,0,59,6,15,-0.0586861,1,0,60,6,17,7.02594,1,0,61,7,15,19.043,1,0,36,8,16,1.13745,0,0,93,8,17,-0.846222,0,0,37,9,15,-0.0348959,1,0,64,11,15,-7.38449e-06,1,0,39,11,17,-0.114977,1,0,81,12,15,0.000832528,1,0,40,12,17,0.0770324,1,0,83,13,16,-1.87656,1,0,41,13,17,3.19395,1,0,42,14,15,0.00145359,1,0,107,8,21,-1.73723,1,0,102,21,17,7.99792,1,0,139,8,22,-3.04508,1,0,141,22,20,-0.00222436,1,0,4,3,18,0.105637,1,0,85,3,19,-5.17287,1,0,169,8,23,0.601369,1,0,127,23,16,-22.5953,1,0,30,2,16,-0.535575,1,0,33,4,16,-16.5313,0,0,74,14,20,12.2769,1,0,200,4,24,-0.418949,1,0,190,24,16,8.54202,1,0,
0
4331
0,0,1,0,1,0,6,6,2,0,6,6,3,0,0,0,4,0,0,0,5,0,0,0,6,0,1,1,7,0,1,1,8,0,6,6,9,0,0,0,10,0,0,0,11,0,0,0,12,0,0,0,13,0,1,1,14,0,1,1,15,3,-0.85219,0.0297289,16,3,35.8157,1,17,3,12.9522,1,18,1,61.2386,1,19,1,-0.395821,0.165356,20,2,20.9022,1,21,1,-14.1072,8.74908e-26,22,1,-12.4423,7.92979e-23,23,1,1.51522,0.997969,24,1,0,0.5,
1,0,20,-2.30293e-06,1,0,3,1,20,3.19058,1,0,68,2,18,0.0508761,1,0,45,3,20,-0.00653864,1,0,69,4,18,0.00154045,1,0,7,5,20,10.7802,1,0,12,8,18,9.88181,1,0,47,8,19,-0.0613532,1,0,13,8,20,-9.22517,0,0,48,10,18,-3.11469e-05,1,0,21,13,18,1.64253,1,0,50,13,19,-0.0277018,1,0,26,19,16,6.4531,1,0,75,20,16,0.00132642,1,0,28,1,16,-0.0019189,1,0,88,3,15,19.5369,1,0,92,3,17,-6.01335e-05,1,0,76,4,15,-3.28741,1,0,34,4,17,0.00152129,1,0,77,5,17,9.99872,1,0,59,6,15,-0.0823184,1,0,60,6,17,19.5042,1,0,61,7,15,-12.9293,1,0,36,8,16,-1.4078,0,0,93,8,17,1.08813,0,0,37,9,15,-0.017966,1,0,64,11,15,3.36487e-06,1,0,39,11,17,-0.315746,1,0,81,12,15,-9.79201,1,0,40,12,17,-0.00785941,1,0,83,13,16,-3.52593,1,0,41,13,17,-6.55205,1,0,42,14,15,12.1594,1,0,107,8,21,-2.35119,1,0,102,21,17,3.38145,1,0,139,8,22,-2.07371,1,0,141,22,20,0.00238004,1,0,4,3,18,0.0913938,1,0,85,3,19,-3.5003,1,0,169,8,23,0.252537,1,0,127,23,16,14.365,1,0,30,2,16,4.55794,1,0,33,4,16,-0.614731,0,0,74,14,20,1.75868,1,0,200,4,24,0.800225,1,0,190,24,16,-6.79736,1,0,
0
4331
0,0,1,0,1,0,6,6,2,0,6,6,3,0,0,0,4,0,0,0,5,0,0,0,6,0,1,1,7,0,1,1,8,0,6,6,9,0,2,2,10,0,0,0,11,0,0,0,12,0,0,0,13,0,1,1,14,0,1,1,15,3,6.50473,1,16,3,46.7864,1,17,3,12.6554,1,18,1,1.57594,0.998415,19,1,-40.5258,0,20,2,-86.7881,0,21,1,14.4008,1,22,1,19.8394,1,23,1,-80.8537,0,
1,0,20,-10.2326,1,0,3,1,20,-11.3906,1,0,68,2,18,0.185239,1,0,45,3,20,0.018392,1,0,69,4,18,0.00250171,1,0,7,5,20,7.05378,1,0,12,8,18,-0.0304607,1,0,47,8,19,-6.73529,1,0,13,8,20,-12.9232,0,0,48,10,18,12.4229,1,0,21,13,18,0.647275,1,0,50,13,19,-0.11406,1,0,26,19,16,-16.6664,1,0,75,20,16,0.0214833,1,0,28,1,16,0.00396862,1,0,88,3,15,16.6946,1,0,92,3,17,0.000285268,1,0,76,4,15,-4.41217,1,0,34,4,17,16.01,1,0,77,5,17,1.84293,1,0,59,6,15,0.103899,1,0,60,6,17,6.49808,1,0,61,7,15,-5.4413,1,0,36,8,16,-0.146041,0,0,93,8,17,0.678987,0,0,37,9,15,0.0242889,1,0,64,11,15,5.78822e-06,1,0,39,11,17,-0.13716,1,0,81,12,15,-0.000150835,1,0,40,12,17,0.0570206,1,0,83,13,16,7.16732,1,0,41,13,17,1.21065,1,0,42,14,15,11.7936,1,0,107,8,21,2.40014,1,0,102,21,17,4.94667,1,0,139,8,22,3.30656,1,0,141,22,20,0.00234067,1,0,4,3,18,0.0223906,1,0,85,3,19,-2.86028,1,0,169,8,23,-13.4756,1,0,127,23,16,-10.2383,1,0,30,2,16,6.59921,1,0,33,4,16,-0.633153,1,0,74,14,20,-18.4471,1,0,
1522
4359
0,0,1,0,1,0,0,0,2,0,0,0,3,0,0,0,4,0,0,0,5,0,0,0,6,0,2,2,7,0,2,2,8,0,0,0,9,0,0,0,10,0,0,0,11,0,0,0,12,0,0,0,13,0,2,2,14,0,2,2,15,3,-36.8515,0,16,3,-30.9984,0,17,3,-0.52541,0.104431,18,1,4.30807,1,19,1,-0.250082,0.264475,20,2,32.3699,1,21,1,0,0.5,22,1,0,0.5,23,1,0,0.5,24,1,0,0.5,
1,0,20,-3.79713e-05,1,0,3,1,20,-10.5415,1,0,68,2,18,-0.30758,1,0,45,3,20,-0.0226177,1,0,69,4,18,-0.0022633,1,0,7,5,20,-9.34729,1,0,12,8,18,0.0651064,1,0,47,8,19,0.17056,1,0,13,8,20,-16.995,0,0,48,10,18,-3.12513e-05,1,0,21,13,18,2.15403,1,0,50,13,19,-0.125041,1,0,26,19,16,-14.1399,1,0,75,20,16,-0.0263785,1,0,28,1,16,-0.00912587,1,0,88,3,15,-13.9884,1,0,92,3,17,0.00045114,1,0,76,4,15,9.60987,1,0,34,4,17,0.00320884,1,0,77,5,17,-9.8168,1,0,59,6,15,-0.0929267,1,0,60,6,17,7.41415,1,0,61,7,15,-18.3297,1,0,36,8,16,1.31653,0,0,93,8,17,-1.05128,0,0,37,9,15,0.0367569,1,0,64,11,15,6.4471e-06,1,0,39,11,17,0.331535,1,0,81,12,15,-0.00184791,1,0,40,12,17,0.0700508,1,0,83,13,16,-14.4802,1,0,41,13,17,-5.99089,1,0,42,14,15,-0.00309338,1,0,107,8,21,-2.32444,1,0,102,21,17,-6.74386,1,0,139,8,22,10.2218,1,0,141,22,20,-0.00243145,1,0,4,3,18,0.137811,1,0,85,3,19,-6.0567,1,0,169,8,23,-1.12091,1,0,127,23,16,19.9185,1,0,30,2,16,9.69031,1,0,33,4,16,-2.81101,0,0,74,14,20,16.1856,1,0,200,4,24,-2.81101,1,0,190,24,16,-16.4626,1,0,
0.1
4331
0,0,1,0,1,0,0,0,2,0,0,0,3,0,0,0,4,0,0,0,5,0,0,0,6,0,7,7,7,0,7,7,8,0,0,0,9,0,0,0,10,0,0,0,11,0,0,0,12,0,0,0,13,0,7,7,14,0,3,3,15,3,135.367,1,16,3,126.82,1,17,3,13.0084,1,18,1,2.85019,0.999991,19,1,98.1133,1,20,2,15.1956,1,21,1,0,0.5,22,1,0,0.5,23,1,0,0.5,24,1,0,0.5,
1,0,20,-4.10675e-05,1,0,3,1,20,9.58939,1,0,68,2,18,-12.1563,1,0,45,3,20,-0.000648667,1,0,69,4,18,-0.000238163,1,0,7,5,20,3.79475,1,0,12,8,18,-0.026029,1,0,47,8,19,-14.6792,1,0,13,8,20,-18.5698,0,0,48,10,18,4.87732e-06,1,0,21,13,18,0.40717,1,0,50,13,19,14.0162,1,0,26,19,16,11.6507,1,0,75,20,16,0.00201625,1,0,28,1,16,0.00342837,1,0,88,3,15,-1.13566,1,0,92,3,17,0.000189825,1,0,76,4,15,-4.27791,1,0,34,4,17,0.00362061,1,0,77,5,17,-4.76599,1,0,59,6,15,0.0139819,1,0,60,6,17,5.02089,1,0,61,7,15,19.3233,1,0,36,8,16,-0.73539,0,0,93,8,17,-12.9044,0,0,37,9,15,0.0225,1,0,64,11,15,3.57507e-06,1,0,39,11,17,-0.111375,1,0,81,12,15,0.00197128,1,0,40,12,17,-0.0798428,1,0,83,13,16,17.2895,1,0,41,13,17,-2.77632,1,0,42,14,15,0.00212543,1,0,107,8,21,1.96907,1,0,102,21,17,-5.40715,1,0,139,8,22,4.85318,1,0,141,22,20,0.00125667,1,0,4,3,18,-0.151445,1,0,85,3,19,6.07767,1,0,169,8,23,0.372799,1,0,127,23,16,-23.3475,1,0,30,2,16,-11.2695,1,0,33,4,16,-1.49726,0,0,74,14,20,5.06498,1,0,200,4,24,1.9994,1,0,190,24,16,11.629,1,0,
1929.1
4359
0,0,1,0,1,0,0,0,2,0,0,0,3,0,0,0,4,0,0,0,5,0,0,0,6,0,1,1,7,0,1,1,8,0,0,0,9,0,0,0,10,0,0,0,11,0,0,0,12,0,0,0,13,0,1,1,14,0,1,1,15,3,-18.4258,1.86624e-33,16,3,-17.3353,1.61413e-31,17,3,-1.94867,0.000345538,18,1,2.15403,0.999851,19,1,-0.125041,0.374861,20,2,16.1843,1,21,1,0,0.5,22,1,0,0.5,23,1,0,0.5,24,1,0,0.5,
1,0,20,-3.79713e-05,1,0,3,1,20,-10.5415,1,0,68,2,18,-0.30758,1,0,45,3,20,-0.0226177,1,0,69,4,18,-0.0022633,1,0,7,5,20,-9.34729,1,0,12,8,18,0.0651064,1,0,47,8,19,0.17056,1,0,13,8,20,-16.995,0,0,48,10,18,-3.12513e-05,1,0,21,13,18,2.15403,1,0,50,13,19,-0.125041,1,0,26,19,16,-14.1399,1,0,75,20,16,-0.0263785,1,0,28,1,16,-0.00912587,1,0,88,3,15,-13.9884,1,0,92,3,17,0.00045114,1,0,76,4,15,9.60987,1,0,34,4,17,0.00320884,1,0,77,5,17,-9.8168,1,0,59,6,15,-0.0929267,1,0,60,6,17,7.41415,1,0,61,7,15,-18.3297,1,0,36,8,16,1.31653,0,0,93,8,17,-1.05128,0,0,37,9,15,0.0367569,1,0,64,11,15,6.4471e-06,1,0,39,11,17,0.331535,1,0,81,12,15,-0.00184791,1,0,40,12,17,0.0700508,1,0,83,13,16,-14.4802,1,0,41,13,17,-5.99089,1,0,42,14,15,-0.00309338,1,0,107,8,21,-2.32444,1,0,102,21,17,-6.74386,1,0,139,8,22,10.2218,1,0,141,22,20,-0.00243145,1,0,4,3,18,0.137811,1,0,85,3,19,-6.0567,1,0,169,8,23,-1.12091,1,0,127,23,16,19.9185,1,0,30,2,16,9.69031,1,0,33,4,16,-2.81101,0,0,74,14,20,16.1856,1,0,200,4,24,-2.81101,1,0,190,24,16,-14.9749,1,0,
1928.5
4359
0,0,1,0,1,0,0,0,2,0,0,0,3,0,0,0,4,0,0,0,5,0,0,0,6,0,2,2,7,0,2,2,8,0,0,0,9,0,0,0,10,0,0,0,11,0,0,0,12,0,0,0,13,0,2,2,14,0,2,2,15,3,-36.8515,0,16,3,-30.2546,0,17,3,-0.52541,0.104431,18,1,4.30807,1,19,1,-0.250082,0.264475,20,2,32.3699,1,21,1,0,0.5,22,1,0,0.5,23,1,0,0.5,24,1,0,0.5,
1,0,20,-3.79713e-05,1,0,3,1,20,-10.5415,1,0,68,2,18,-0.30758,1,0,45,3,20,-0.0226177,1,0,69,4,18,-0.0022633,1,0,7,5,20,-9.34729,1,0,12,8,18,0.0651064,1,0,47,8,19,0.17056,1,0,13,8,20,-16.995,0,0,48,10,18,-3.12513e-05,1,0,21,13,18,2.15403,1,0,50,13,19,-0.125041,1,0,26,19,16,-14.1399,1,0,75,20,16,-0.0263785,1,0,28,1,16,-0.00912587,1,0,88,3,15,-13.9884,1,0,92,3,17,0.00045114,1,0,76,4,15,9.60987,1,0,34,4,17,0.00320884,1,0,77,5,17,-9.8168,1,0,59,6,15,-0.0929267,1,0,60,6,17,7.41415,1,0,61,7,15,-18.3297,1,0,36,8,16,1.31653,0,0,93,8,17,-1.05128,0,0,37,9,15,0.0367569,1,0,64,11,15,6.4471e-06,1,0,39,11,17,0.331535,1,0,81,12,15,-0.00184791,1,0,40,12,17,0.0700508,1,0,83,13,16,-14.4802,1,0,41,13,17,-5.99089,1,0,42,14,15,-0.00309338,1,0,107,8,21,-2.32444,1,0,102,21,17,-6.74386,1,0,139,8,22,10.2218,1,0,141,22,20,-0.00243145,1,0,4,3,18,0.137811,1,0,85,3,19,-6.0567,1,0,169,8,23,-1.12091,1,0,127,23,16,19.9185,1,0,30,2,16,9.69031,1,0,33,4,16,-2.81101,0,0,74,14,20,16.1856,1,0,200,4,24,-2.81101,1,0,190,24,16,-14.9749,1,0,
0
4331
0,0,1,0,1,0,3,3,2,0,5,5,3,0,4,4,4,0,4,4,5,0,2,2,6,0,2,2,7,0,2,2,8,0,3,3,9,0,5,5,10,0,4,4,11,0,4,4,12,0,2,2,13,0,2,2,14,0,2,2,15,3,-48.0705,0,16,3,-21.3231,1.33212e-38,17,3,-7.77771,1.53016e-14,18,1,1.43786,0.997215,19,1,-4.40837,1.47766e-08,20,2,-12.0122,4.60362e-22,21,1,6.24951,1,22,1,-34.5035,0,23,1,2.98644,0.999995,
1,0,20,1.73348e-05,1,0,3,1,20,-11.874,1,0,68,2,18,0.350852,1,0,45,3,20,-0.0116719,1,0,69,4,18,-0.000956862,1,0,7,5,20,3.46173,1,0,12,8,18,0.0765232,1,0,47,8,19,0.582636,1,0,13,8,20,-8.92163,0,0,48,10,18,-5.16196e-06,1,0,21,13,18,-0.163127,1,0,50,13,19,-0.0265901,1,0,26,19,16,-5.39223,1,0,75,20,16,-11.3958,1,0,28,1,16,5.14665,1,0,88,3,15,-9.29111,1,0,92,3,17,0.000442753,1,0,76,4,15,1.65085,1,0,34,4,17,-0.00338223,1,0,77,5,17,5.47253,1,0,59,6,15,0.0533252,1,0,60,6,17,0.526816,1,0,61,7,15,-8.87549,1,0,36,8,16,4.63278,0,0,93,8,17,0.413313,0,0,37,9,15,0.0259971,1,0,64,11,15,7.11133e-06,1,0,39,11,17,-0.284376,1,0,81,12,15,0.00044344,1,0,40,12,17,0.0353989,1,0,83,13,16,-8.63892,1,0,41,13,17,-6.71641,1,0,42,14,15,0.00197933,1,0,107,8,21,2.08317,1,0,102,21,17,-5.26512,1,0,139,8,22,-11.5012,1,0,141,22,20,-19.6913,1,0,4,3,18,-0.0539669,1,0,85,3,19,-1.52577,1,0,169,8,23,0.995479,1,0,127,23,16,-17.3389,1,0,30,2,16,5.71612,1,0,33,4,16,-7.68176,1,0,74,14,20,8.36652,1,0,
0
4331
0,0,1,0,1,0,3,3,2,0,3,3,3,0,0,0,4,0,0,0,5,0,0,0,6,0,4,4,7,0,4,4,8,0,3,3,9,0,3,3,10,0,0,0,11,0,0,0,12,0,0,0,13,0,4,4,14,0,4,4,15,3,86.9714,1,16,3,0.332475,0.795731,17,3,58.2256,1,18,1,2.33631,0.999929,19,1,-29.1462,0,20,2,-15.4638,3.40611e-28,21,1,-7.56702,3.62226e-14,22,1,38.3889,1,23,1,-7.10629,2.38419e-13,24,2,6.29053e-13,0.5,
1,0,20,-2.74484e-06,1,0,3,1,20,-5.15544,1,0,68,2,18,0.260852,1,0,45,3,20,-0.0189798,1,0,69,4,18,0.00234777,1,0,7,5,20,0.627458,1,0,12,8,18,-0.0388027,1,0,47,8,19,-0.367245,1,0,13,8,20,-5.62006,0,0,48,10,18,3.06687e-05,1,0,21,13,18,0.41754,1,0,50,13,19,-7.01113,1,0,26,19,16,5.98245,1,0,75,20,16,0.00677163,1,0,28,1,16,-1.63201,1,0,88,3,15,-9.00839,1,0,92,3,17,0.000251427,1,0,76,4,15,4.89842,1,0,34,4,17,0.00165256,1,0,77,5,17,4.2481,1,0,59,6,15,-0.0682433,1,0,60,6,17,7.76444,1,0,61,7,15,12.9818,1,0,36,8,16,-1.52042,0,0,93,8,17,-0.93516,0,0,37,9,15,-0.0404676,1,0,64,11,15,-5.79214e-06,1,0,39,11,17,-0.295145,1,0,81,12,15,-0.000350806,1,0,40,12,17,-0.00318482,1,0,83,13,16,-6.35688,1,0,41,13,17,6.79195,1,0,42,14,15,8.85962,1,0,107,8,21,-2.52234,1,0,102,21,17,3.20401,1,0,139,8,22,-6.9073,1,0,141,22,20,0.00254686,1,0,4,3,18,-0.110571,1,0,85,3,19,-1.19147,1,0,169,8,23,0.40236,1,0,127,23,16,-9.82836,0,0,30,2,16,9.39619,1,0,178,7,23,-2.07834,1,0,134,6,22,14.7777,1,0,208,23,24,2.63843,1,0,190,24,16,4.93492,1,0,
0.1
4331
0,0,1,0,1,0,2,2,2,0,2,2,3,0,0,0,4,0,0,0,5,0,0,0,6,0,5,5,7,0,5,5,8,0,2,2,9,0,2,2,10,0,0,0,11,0,0,0,12,0,0,0,13,0,5,5,14,0,5,5,15,3,59.0766,1,16,3,-52.5174,0,17,3,-72.2453,0,18,1,3.89681,1,19,1,0.0160741,0.51643,20,2,55.432,1,21,1,0.928267,0.978046,22,1,-5.5678,1.28857e-10,23,1,1.74681,0.999211,24,1,0.0732547,0.574348,
1,0,20,1.62782e-05,1,0,3,1,20,-10.6689,1,0,68,2,18,0.0407749,1,0,45,3,20,-0.0258326,1,0,69,4,18,0.00131945,1,0,7,5,20,-4.90148,1,0,12,8,18,0.0332284,1,0,47,8,19,-0.00178973,1,0,13,8,20,12.3428,0,0,48,10,18,3.23051e-05,1,0,21,13,18,0.749762,1,0,50,13,19,0.00393071,1,0,26,19,16,-5.34703,1,0,75,20,16,0.00905782,1,0,28,1,16,0.00137357,1,0,88,3,15,-0.785457,1,0,92,3,17,0.000435655,1,0,76,4,15,0.371609,1,0,34,4,17,0.00106766,1,0,77,5,17,-9.42234,1,0,59,6,15,-0.0273635,1,0,60,6,17,-8.16881,1,0,61,7,15,-0.941479,1,0,36,8,16,0.0019293,0,0,93,8,17,0.19205,0,0,37,9,15,-0.0144452,0,0,64,11,15,6.89061,1,0,39,11,17,-0.357468,1,0,81,12,15,-0.000712062,1,0,40,12,17,0.064502,1,0,83,13,16,-13.3076,1,0,41,13,17,-5.12586,1,0,42,14,15,14.0863,1,0,107,8,21,0.464133,1,0,102,21,17,-5.90149,1,0,139,8,22,-2.7839,1,0,141,22,20,-0.00253925,1,0,4,3,18,0.106719,1,0,85,3,19,-6.74465,1,0,169,8,23,0.873407,1,0,127,23,16,18.795,1,0,30,2,16,-1.00494,1,0,33,4,16,1.11489,1,0,74,14,20,15.354,1,0,192,9,24,0.0366274,1,0,180,24,15,-11.3359,1,0,
2227.6
4359
0,0,1,0,1,0,0,0,2,0,0,0,3,0,0,0,4,0,0,0,5,0,0,0,6,0,2,2,7,0,2,2,8,0,0,0,9,0,0,0,10,0,0,0,11,0,0,0,12,0,0,0,13,0,2,2,14,0,2,2,15,3,-36.8515,0,16,3,-22.7671,3.62684e-41,17,3,-0.52541,0.104431,18,1,4.30807,1,19,1,-0.250082,0.264475,20,2,32.3699,1,21,1,0,0.5,22,1,0,0.5,23,1,0,0.5,
1,0,20,-3.79713e-05,1,0,3,1,20,-10.5415,1,0,68,2,18,-0.30758,1,0,45,3,20,-0.0226177,1,0,69,4,18,-0.0022633,1,0,7,5,20,-9.34729,1,0,12,8,18,0.0651064,1,0,47,8,19,0.17056,1,0,13,8,20,-16.995,0,0,48,10,18,-3.12513e-05,1,0,21,13,18,2.15403,1,0,50,13,19,-0.125041,1,0,26,19,16,-14.1399,1,0,75,20,16,-0.0263785,1,0,28,1,16,-0.00912587,1,0,88,3,15,-13.9884,1,0,92,3,17,0.00045114,1,0,76,4,15,9.60987,1,0,34,4,17,0.00320884,1,0,77,5,17,-9.8168,1,0,59,6,15,-0.0929267,1,0,60,6,17,7.41415,1,0,61,7,15,-18.3297,1,0,36,8,16,1.31653,0,0,93,8,17,-1.05128,0,0,37,9,15,0.0367569,1,0,64,11,15,6.4471e-06,1,0,39,11,17,0.331535,1,0,81,12,15,-0.00184791,1,0,40,12,17,0.0700508,1,0,83,13,16,-14.4802,1,0,41,13,17,-5.99089,1,0,42,14,15,-0.00309338,1,0,107,8,21,-2.32444,1,0,102,21,17,-6.74386,1,0,139,8,22,10.2218,1,0,141,22,20,-0.00243145,1,0,4,3,18,0.137811,1,0,85,3,19,-6.0567,1,0,169,8,23,-1.12091,1,0,127,23,16,19.9185,1,0,30,2,16,9.69031,1,0,33,4,16,-2.81101,1,0,74,14,20,16.1856,1,0,
0
4331
0,0,1,0,1,0,2,2,2,0,7,7,3,0,5,5,4,0,5,5,5,0,0,0,6,0,0,0,7,0,0,0,8,0,2,2,9,0,7,7,10,0,5,5,11,0,5,5,12,0,0,0,13,0,0,0,14,0,0,0,15,3,34.1801,1,16,3,77.2432,1,17,3,-0.0148733,0.484797,18,1,-0.335416,0.202321,19,1,0.509422,0.889293,20,2,-19.4767,2.536e-35,21,1,4.20439,1,22,1,19.8543,1,23,1,0.762805,0.957705,24,1,-10.3026,5.01014e-19,
1,0,20,-2.6364e-06,1,0,3,1,20,-9.7583,1,0,68,2,18,-0.12859,1,0,45,3,20,0.00852805,1,0,69,4,18,0.0012092,1,0,7,5,20,-7.18159,1,0,12,8,18,0.0304331,1,0,47,8,19,0.190064,1,0,13,8,20,9.02541,0,0,48,10,18,-1.19319e-05,1,0,21,13,18,-1.06311,1,0,50,13,19,-0.135916,1,0,26,19,16,-5.32078,1,0,75,20,16,0.0103102,1,0,28,1,16,0.00707395,1,0,88,3,15,4.0974,1,0,92,3,17,0.000374938,1,0,76,4,15,2.79995,1,0,34,4,17,-0.00319978,1,0,77,5,17,11.3716,1,0,59,6,15,0.0510314,1,0,60,6,17,5.59844,1,0,61,7,15,-2.23303,1,0,36,8,16,-1.20857,0,0,93,8,17,1.06474,0,0,37,9,15,-0.0438024,1,0,64,11,15,-2.30747e-06,1,0,39,11,17,0.206761,1,0,81,12,15,-16.1898,1,0,40,12,17,12.6652,1,0,83,13,16,-8.91059,1,0,41,13,17,-6.87596,1,0,42,14,15,0.000309998,1,0,107,8,21,2.1022,1,0,102,21,17,-1.03455,1,0,139,8,22,9.92717,1,0,141,22,20,-0.00278924,1,0,4,3,18,0.0995725,1,0,85,3,19,0.025859,1,0,169,8,23,0.381402,1,0,127,23,16,9.32878,1,0,30,2,16,10.4324,1,0,33,4,16,-7.27746,0,0,74,14,20,-17.3376,1,0,200,4,24,-2.06052,1,0,190,24,16,-6.67015,1,0,
0
4331
0,0,1,0,1,0,0,0,2,0,0,0,3,0,0,0,4,0,0,0,5,0,0,0,6,0,7,7,7,0,7,7,8,0,0,0,9,0,0,0,10,0,0,0,11,0,0,0,12,0,0,0,13,0,7,7,14,0,7,7,15,3,12.1883,1,16,3,99.9699,1,17,3,-64.7448,0,18,1,17.1131,1,19,1,0.678711,0.941361,20,2,-67.0739,0,21,1,0,0.5,22,1,0,0.5,23,1,0,0.5,24,1,0,0.5,
1,0,20,-2.10843e-06,1,0,3,1,20,5.37143,1,0,68,2,18,13.0943,1,0,45,3,20,-0.0255424,1,0,69,4,18,0.000509632,1,0,7,5,20,0.818483,1,0,12,8,18,-0.0487443,1,0,47,8,19,-0.0846757,1,0,13,8,20,17.2445,0,0,48,10,18,-1.59637e-05,1,0,21,13,18,2.44473,1,0,50,13,19,0.0969586,1,0,26,19,16,9.27494,1,0,75,20,16,-17.1277,1,0,28,1,16,0.00849558,1,0,88,3,15,-15.2093,1,0,92,3,17,0.000540352,1,0,76,4,15,4.63898,1,0,34,4,17,0.00130089,1,0,77,5,17,0.261955,1,0,59,6,15,-5.53963,1,0,60,6,17,-8.71875,1,0,61,7,15,7.28197,1,0,36,8,16,-0.58826,0,0,93,8,17,-1.15555,0,0,37,9,15,1.39672,1,0,64,11,15,-8.05685e-07,1,0,39,11,17,-0.145525,1,0,81,12,15,-0.00114887,1,0,40,12,17,-0.00619715,1,0,83,13,16,13.0483,1,0,41,13,17,-0.092095,1,0,42,14,15,-0.00116479,1,0,107,8,21,-2.51049,1,0,102,21,17,-6.13787,1,0,139,8,22,-2.43088,1,0,141,22,20,0.000634346,1,0,4,3,18,0.0960134,1,0,85,3,19,-3.11199,1,0,169,8,23,0.975331,1,0,127,23,16,-17.6504,1,0,30,2,16,2.39478,1,0,33,4,16,0.781273,0,0,74,14,20,-9.58203,1,0,200,4,24,1.28862,1,0,190,24,16,17.4524,1,0,
0.1
4331
0,0,1,0,1,0,0,0,2,0,0,0,3,0,0,0,4,0,0,0,5,0,0,0,6,0,7,7,7,0,7,7,8,0,0,0,9,0,0,0,10,0,0,0,11,0,0,0,12,0,0,0,13,0,7,7,14,0,7,7,15,3,0.702258,0.946457,16,3,102.976,1,17,3,27.1613,1,18,1,-8.78973,2.43844e-16,19,1,-0.431756,0.146055,20,2,63.4006,1,21,1,0,0.5,22,1,0,0.5,23,1,0,0.5,24,1,0,0.5,
1,0,20,-2.63855e-05,1,0,3,1,20,-0.180703,1,0,68,2,18,-0.0794105,1,0,45,3,20,-0.000882533,1,0,69,4,18,0.000883578,1,0,7,5,20,-3.10932,1,0,12,8,18,5.65093,1,0,47,8,19,-0.122579,1,0,13,8,20,-15.2341,0,0,48,10,18,-3.12257e-05,1,0,21,13,18,-1.25568,1,0,50,13,19,-0.0616795,1,0,26,19,16,12.0338,1,0,75,20,16,0.00539706,1,0,28,1,16,-0.00119669,1,0,88,3,15,12.2186,1,0,92,3,17,0.000177464,1,0,76,4,15,-0.933665,1,0,34,4,17,0.000687194,1,0,77,5,17,8.95793,1,0,59,6,15,-0.0898704,1,0,60,6,17,8.71311,1,0,61,7,15,-0.0486398,1,0,36,8,16,1.12987,0,0,93,8,17,1.10226,0,0,37,9,15,0.0288294,0,0,64,11,15,1.70694e-06,1,0,39,11,17,0.175515,1,0,81,12,15,-0.00201495,1,0,40,12,17,-0.0278016,1,0,83,13,16,14.9126,1,0,41,13,17,-5.07751,1,0,42,14,15,0.00286665,1,0,107,8,21,2.75435,1,0,102,21,17,3.42423,1,0,139,8,22,3.18119,1,0,141,22,20,-0.00224343,1,0,4,3,18,0.0779352,1,0,85,3,19,-4.4997,1,0,169,8,23,-0.699858,1,0,127,23,16,-6.35142,1,0,30,2,16,-7.14178,1,0,33,4,16,2.56845,1,0,74,14,20,9.05738,1,0,192,9,24,-18.0466,1,0,180,24,15,3.30353,1,0,
0.2
4331
0,0,1,0,1,0,3,3,2,0,3,3,3,0,0,0,4,0,0,0,5,0,0,0,6,0,4,4,7,0,4,4,8,0,3,3,9,0,3,3,10,0,0,0,11,0,0,0,12,0,0,0,13,0,4,4,14,0,4,4,15,3,-12.7637,2.12936e-23,16,3,-59.5191,0,17,3,-16.1713,1.8857e-29,18,1,5.60173,1,19,1,-0.754997,0.0436076,20,2,-27.3834,0,21,1,-6.55342,2.28769e-12,22,1,83.1559,1,23,1,15.1447,1,24,2,0.154302,0.652738,
1,0,20,-1.38843e-05,1,0,3,1,20,-9.12778,1,0,68,2,18,0.341913,1,0,45,3,20,-0.0263342,1,0,69,4,18,-0.00201682,1,0,7,5,20,-10.4059,1,0,12,8,18,-0.0134338,1,0,47,8,19,-0.197714,1,0,13,8,20,-17.3029,0,0,48,10,18,1.52832e-06,1,0,21,13,18,1.15407,1,0,50,13,19,-0.0404635,1,0,26,19,16,1.96973,1,0,75,20,16,0.00763212,1,0,28,1,16,0.00567012,1,0,88,3,15,2.81345,1,0,92,3,17,6.88219e-05,1,0,76,4,15,-5.7906,1,0,34,4,17,-0.00181881,1,0,77,5,17,-7.74209,1,0,59,6,15,-0.0755018,1,0,60,6,17,-1.9224,1,0,61,7,15,6.61895,1,0,36,8,16,0.124083,0,0,93,8,17,1.22896,0,0,37,9,15,-12.983,1,0,64,11,15,-1.36136e-06,1,0,39,11,17,0.0262633,1,0,81,12,15,-5.71728e-05,1,0,40,12,17,-0.0141802,1,0,83,13,16,-7.9106,1,0,41,13,17,-2.12043,1,0,42,14,15,0.00290404,1,0,107,8,21,-2.18447,1,0,102,21,17,5.98095,1,0,139,8,22,0.19095,1,0,141,22,20,-7.37959e-05,1,0,4,3,18,-0.0920904,1,0,85,3,19,2.78065,1,0,169,8,23,0.979386,1,0,127,23,16,13.3725,0,0,30,2,16,-10.2849,1,0,178,7,23,3.05163,1,0,134,6,22,20.6458,1,0,208,23,24,0.154302,1,0,190,24,16,4.40458,1,0,
0.5
4331
0,0,1,0,1,0,1,1,2,0,1,1,3,0,0,0,4,0,0,0,5,0,0,0,6,0,6,6,7,0,6,6,8,0,1,1,9,0,1,1,10,0,0,0,11,0,0,0,12,0,0,0,13,0,6,6,14,0,6,6,15,3,18.1762,1,16,3,94.7421,1,17,3,-33.4228,0,18,1,-12.7818,1.97744e-23,19,1,6.62674,1,20,2,45.8311,1,21,1,1.40575,0.996826,22,1,-6.22461,8.7789e-12,23,1,0.0378398,0.538614,24,1,0,0.5,
1,0,20,8.92463e-06,1,0,3,1,20,2.18533,1,0,68,2,18,0.322685,1,0,45,3,20,0.0118056,1,0,69,4,18,5.85808,1,0,7,5,20,5.53107,1,0,12,8,18,-0.00141102,1,0,47,8,19,5.78315,1,0,13,8,20,-11.9925,0,0,48,10,18,-2.77779e-05,1,0,21,13,18,-2.18385,1,0,50,13,19,0.140598,1,0,26,19,16,-15.7584,1,0,75,20,16,0.0252854,1,0,28,1,16,-0.00626635,1,0,88,3,15,-7.29385,1,0,92,3,17,-0.000466661,1,0,76,4,15,10.6764,1,0,34,4,17,-0.00181219,1,0,77,5,17,7.9222,1,0,59,6,15,0.0161276,1,0,60,6,17,-1.42748,1,0,61,7,15,3.01429,1,0,36,8,16,9.24977,0,0,93,8,17,1.21032,0,0,37,9,15,-0.0254709,1,0,64,11,15,-17.4908,1,0,39,11,17,0.246618,1,0,81,12,15,9.42558,1,0,40,12,17,-0.0466869,1,0,83,13,16,15.7379,1,0,41,13,17,-3.0183,1,0,42,14,15,0.00318907,1,0,107,8,21,1.40575,1,0,102,21,17,-6.76957,1,0,139,8,22,-6.22461,1,0,141,22,20,-0.00191961,1,0,4,3,18,-0.0778586,1,0,85,3,19,-3.34915,1,0,169,8,23,0.0378398,1,0,127,23,16,4.65817,1,0,30,2,16,8.10654,1,0,33,4,16,-2.9682,0,0,74,14,20,7.27429,1,0,200,4,24,-0.465896,1,0,190,24,16,10.8771,1,0,
1009.9
4359
0,0,1,0,1,0,3,3,2,0,3,3,3,0,0,0,4,0,0,0,5,0,0,0,6,0,4,4,7,0,4,4,8,0,3,3,9,0,3,3,10,0,0,0,11,0,0,0,12,0,0,0,13,0,0,0,14,0,4,4,15,3,-73.5928,0,16,3,8.94241,1,17,3,29.6566,1,18,1,-0.727421,0.0485611,19,1,0.511679,0.890198,20,2,33.1153,1,21,1,-6.97332,4.10706e-13,22,1,30.6655,1,23,1,-3.36273,1.06391e-06,24,1,0,0.5,
1,0,20,-3.79713e-05,1,0,3,1,20,-10.5415,1,0,68,2,18,-0.30758,1,0,45,3,20,-0.0226177,1,0,69,4,18,-0.0022633,1,0,7,5,20,-9.34729,1,0,12,8,18,0.0651064,1,0,47,8,19,0.17056,1,0,13,8,20,-16.995,0,0,48,10,18,-3.12513e-05,1,0,21,13,18,2.15403,1,0,50,13,19,-0.125041,1,0,26,19,16,-14.1399,1,0,75,20,16,-0.0263785,1,0,28,1,16,-0.00912587,1,0,88,3,15,-13.9884,1,0,92,3,17,0.00045114,1,0,76,4,15,9.60987,1,0,34,4,17,0.00320884,1,0,77,5,17,-9.8168,1,0,59,6,15,-0.0929267,1,0,60,6,17,7.41415,1,0,61,7,15,-18.3297,1,0,36,8,16,1.31653,0,0,93,8,17,-1.05128,0,0,37,9,15,0.0367569,1,0,64,11,15,6.4471e-06,1,0,39,11,17,0.331535,1,0,81,12,15,-0.00184791,1,0,40,12,17,0.0700508,1,0,83,13,16,-14.4802,1,0,41,13,17,-5.99089,1,0,42,14,15,-0.00309338,1,0,107,8,21,-2.32444,1,0,102,21,17,-6.74386,1,0,139,8,22,10.2218,1,0,141,22,20,-0.00243145,1,0,4,3,18,0.137811,1,0,85,3,19,-6.0567,1,0,169,8,23,-1.12091,1,0,127,23,16,19.9185,1,0,30,2,16,9.69031,1,0,33,4,16,-2.81101,0,0,74,14,20,16.1856,1,0,200,4,24,-2.81101,1,0,190,24,16,-14.9749,1,0,
0.2
4331
0,0,1,0,1,0,6,6,2,0,6,6,3,0,0,0,4,0,0,0,5,0,0,0,6,0,1,1,7,0,1,1,8,0,6,6,9,0,6,6,10,0,0,0,11,0,0,0,12,0,0,0,13,0,1,1,14,0,1,1,15,3,12.2268,1,16,3,34.0869,1,17,3,-18.2229,4.27802e-33,18,1,-10.1774,8.35922e-19,19,1,0.26657,0.748433,20,2,16.3766,1,21,1,7.93053,1,22,1,-7.78106,1.50933e-14,23,1,10.0026,1,24,2,19.7075,1,
1,0,20,2.23541e-05,1,0,3,1,20,2.72944,1,0,68,2,18,-0.254162,1,0,45,3,20,0.018075,1,0,69,4,18,0.00010046,1,0,7,5,20,8.86697,1,0,12,8,18,0.0231454,1,0,47,8,19,0.0673954,1,0,13,8,20,5.61406,0,0,48,10,18,2.58607e-05,1,0,21,13,18,-8.79134,1,0,50,13,19,-0.137802,1,0,26,19,16,5.41397,1,0,75,20,16,0.00729018,1,0,28,1,16,9.11561,1,0,88,3,15,15.0013,1,0,92,3,17,-3.97186e-05,1,0,76,4,15,-0.379003,1,0,34,4,17,0.00128108,1,0,77,5,17,1.96676,1,0,59,6,15,-0.0107076,1,0,60,6,17,-6.84546,1,0,61,7,15,12.1657,1,0,36,8,16,0.609277,0,0,93,8,17,0.2913,0,0,37,9,15,0.0119477,1,0,64,11,15,1.11866e-06,1,0,39,11,17,-0.284591,1,0,81,12,15,0.000430448,1,0,40,12,17,0.0816346,1,0,83,13,16,0.273413,1,0,41,13,17,-15.4629,1,0,42,14,15,0.000118738,1,0,107,8,21,1.32176,1,0,102,21,17,4.08547,1,0,139,8,22,-4.95047,1,0,141,22,20,0.00174564,1,0,4,3,18,0.162638,1,0,85,3,19,4.45625,1,0,169,8,23,1.31786,1,0,127,23,16,1.55796,0,0,30,2,16,-5.98298,1,0,178,7,23,2.09543,1,0,134,6,22,21.9218,1,0,208,23,24,19.7075,1,0,190,24,16,10.9583,1,0,
2443.1
4359
0,0,1,0,1,0,0,0,2,0,0,0,3,0,0,0,4,0,0,0,5,0,0,0,6,0,2,2,7,0,2,2,8,0,0,0,9,0,0,0,10,0,0,0,11,0,0,0,12,0,0,0,13,0,2,2,14,0,2,2,15,3,-36.8515,0,16,3,-30.2546,0,17,3,-0.52541,0.104431,18,1,4.30807,1,19,1,-0.250082,0.264475,20,2,32.3699,1,21,1,0,0.5,22,1,0,0.5,23,1,0,0.5,24,1,0,0.5,
1,0,20,-3.79713e-05,1,0,3,1,20,-10.5415,1,0,68,2,18,-0.30758,1,0,45,3,20,-0.0226177,1,0,69,4,18,-0.0022633,1,0,7,5,20,-9.34729,1,0,12,8,18,0.0651064,1,0,47,8,19,0.17056,1,0,13,8,20,-16.995,0,0,48,10,18,-3.12513e-05,1,0,21,13,18,2.15403,1,0,50,13,19,-0.125041,1,0,26,19,16,-14.1399,1,0,75,20,16,-0.0263785,1,0,28,1,16,-0.00912587,1,0,88,3,15,-13.9884,1,0,92,3,17,0.00045114,1,0,76,4,15,9.60987,1,0,34,4,17,0.00320884,1,0,77,5,17,-9.8168,1,0,59,6,15,-0.0929267,1,0,60,6,17,7.41415,1,0,61,7,15,-18.3297,1,0,36,8,16,1.31653,0,0,93,8,17,-1.05128,0,0,37,9,15,0.0367569,1,0,64,11,15,6.4471e-06,1,0,39,11,17,0.331535,1,0,81,12,15,-0.00184791,1,0,40,12,17,0.0700508,1,0,83,13,16,-14.4802,1,0,41,13,17,-5.99089,1,0,42,14,15,-0.00309338,1,0,107,8,21,-2.32444,1,0,102,21,17,-6.74386,1,0,139,8,22,10.2218,1,0,141,22,20,-0.00243145,1,0,4,3,18,0.137811,1,0,85,3,19,-6.0567,1,0,169,8,23,-1.12091,1,0,127,23,16,19.9185,1,0,30,2,16,9.69031,1,0,33,4,16,-2.81101,0,0,74,14,20,16.1856,1,0,200,4,24,-2.81101,1,0,190,24,16,-14.9749,1,0,
0.4
4331
0,0,1,0,1,0,6,6,2,0,6,6,3,0,0,0,4,0,0,0,5,0,0,0,6,0,1,1,7,0,1,1,8,0,6,6,9,0,6,6,10,0,0,0,11,0,0,0,12,0,0,0,13,0,1,1,14,0,1,1,15,3,7.27063,1,16,3,26.703,1,17,3,6.96936,1,18,1,-0.613705,0.0751565,19,1,0.0960141,0.596932,20,2,28.3046,1,21,1,-11.0013,2.87568e-20,22,1,52.2023,1,23,1,2.92115,0.999994,24,1,0,0.5,
1,0,20,-1.6067e-05,1,0,3,1,20,4.9968,1,0,68,2,18,-0.0203383,1,0,45,3,20,0.00607891,1,0,69,4,18,-0.00232303,1,0,7,5,20,6.64399,1,0,12,8,18,-0.053216,1,0,47,8,19,0.0341173,1,0,13,8,20,-13.9215,0,0,48,10,18,-2.15444e-05,1,0,21,13,18,-0.172379,1,0,50,13,19,-0.108689,1,0,26,19,16,13.4425,1,0,75,20,16,0.0235508,1,0,28,1,16,0.00153144,1,0,88,3,15,13.878,1,0,92,3,17,-0.000168541,1,0,76,4,15,-9.66604,1,0,34,4,17,0.00302249,1,0,77,5,17,2.56409,1,0,59,6,15,0.100281,1,0,60,6,17,4.58943,1,0,61,7,15,7.41556,1,0,36,8,16,0.353761,0,0,93,8,17,0.845741,0,0,37,9,15,-0.0413112,1,0,64,11,15,-6.20925e-06,1,0,39,11,17,0.296048,1,0,81,12,15,-0.00132168,1,0,40,12,17,6.65228,1,0,83,13,16,-3.90775,1,0,41,13,17,2.37993,1,0,42,14,15,0.0026575,1,0,107,8,21,-1.83355,1,0,102,21,17,15.3714,1,0,139,8,22,8.70038,1,0,141,22,20,-0.00183728,1,0,4,3,18,-0.117602,1,0,85,3,19,-6.597,1,0,169,8,23,0.486859,1,0,127,23,16,-16.4637,1,0,30,2,16,5.8162,1,0,33,4,16,1.7229,0,0,74,14,20,-1.67435,1,0,200,4,24,4.88885,1,0,190,24,16,8.24016,1,0,
0
4359
0,0,1,0,1,0,0,0,2,0,0,0,3,0,0,0,4,0,2,2,5,0,2,2,6,0,7,7,7,0,5,5,8,0,0,0,9,0,0,0,10,0,0,0,11,0,2,2,12,0,2,2,13,0,4,4,14,0,5,5,15,3,38.5168,1,16,3,-23.4307,2.40463e-42,17,3,10.7839,1,18,1,-7.94684,7.66144e-15,19,1,-0.128612,0.371445,20,2,-58.7434,0,21,1,0,0.5,22,1,0,0.5,23,1,0,0.5,24,1,0,0.5,
1,0,20,4.3909e-05,1,0,3,1,20,-19.1951,1,0,68,2,18,16.1943,1,0,45,3,20,-0.0221114,1,0,69,4,18,0.00241822,1,0,7,5,20,-10.8564,1,0,12,8,18,-0.00410245,1,0,47,8,19,0.00823358,1,0,13,8,20,-16.1494,0,0,48,10,18,1.18156e-05,1,0,21,13,18,-1.98792,1,0,50,13,19,-0.0321529,1,0,26,19,16,-2.94701,1,0,75,20,16,0.00450614,1,0,28,1,16,-0.00233207,1,0,88,3,15,-19.4817,1,0,92,3,17,-0.000482256,1,0,76,4,15,7.09383,1,0,34,4,17,-0.00174783,1,0,77,5,17,-7.04351,1,0,59,6,15,0.088185,1,0,60,6,17,0.515075,1,0,61,7,15,-1.02184,1,0,36,8,16,-13.1713,0,0,93,8,17,-1.05946,0,0,37,9,15,0.00612298,0,0,64,11,15,-0.887871,1,0,39,11,17,-0.2439,1,0,81,12,15,16.2758,1,0,40,12,17,0.0649205,1,0,83,13,16,-5.43235,1,0,41,13,17,5.20451,1,0,42,14,15,-0.00320862,1,0,107,8,21,-0.950402,1,0,102,21,17,1.6176,1,0,139,8,22,0.811789,1,0,141,22,20,0.00144595,1,0,4,3,18,-16.6804,1,0,85,3,19,5.65311,1,0,169,8,23,0.821561,1,0,127,23,16,10.6757,1,0,30,2,16,-10.0846,1,0,33,4,16,-2.97224,1,0,74,14,20,-7.40625,1,0,192,9,24,0.0337114,1,0,180,24,15,-3.87749,1,0,
0
4331
0,0,1,0,1,0,2,2,2,0,2,2,3,0,0,0,4,0,0,0,5,0,0,0,6,0,5,5,7,0,5,5,8,0,2,2,9,0,2,2,10,0,0,0,11,0,0,0,12,0,0,0,13,0,5,5,14,0,5,5,15,3,82.2793,1,16,3,38.9803,1,17,3,-2.45926,4.28233e-05,18,1,-4.93809,1.69298e-09,19,1,-0.4739,0.12584,20,2,-22.6431,6.02334e-41,21,1,-2.61331,2.28066e-05,22,1,-24.766,9.80909e-45,23,1,1.85171,0.999486,
1,0,20,4.31242e-05,1,0,3,1,20,-10.6191,1,0,68,2,18,-0.158185,1,0,45,3,20,-0.014391,1,0,69,4,18,-0.000767357,1,0,7,5,20,4.44343,1,0,12,8,18,0.0684787,1,0,47,8,19,0.0455676,1,0,13,8,20,7.23862,0,0,48,10,18,3.48292e-05,1,0,21,13,18,-0.951735,1,0,50,13,19,-0.113007,1,0,26,19,16,10.9401,1,0,75,20,16,0.967724,1,0,28,1,16,0.00730087,1,0,88,3,15,18.618,1,0,92,3,17,-0.000176182,1,0,76,4,15,-1.71891,1,0,34,4,17,-9.03056,1,0,77,5,17,5.40696,1,0,59,6,15,0.107557,1,0,60,6,17,-2.98555,1,0,61,7,15,16.3616,1,0,36,8,16,1.34362,0,0,93,8,17,0.457005,0,0,37,9,15,-0.0425355,1,0,64,11,15,-3.77002e-06,1,0,39,11,17,0.237218,1,0,81,12,15,-0.00206871,1,0,40,12,17,-0.0588338,1,0,83,13,16,5.37358,1,0,41,13,17,2.49373,1,0,42,14,15,0.00370697,1,0,107,8,21,-1.30665,1,0,102,21,17,-7.16388,1,0,139,8,22,-12.383,1,0,141,22,20,-0.000450287,1,0,4,3,18,0.137703,1,0,85,3,19,0.49168,1,0,169,8,23,0.925856,1,0,127,23,16,14.4582,1,0,30,2,16,-1.86484,1,0,33,4,16,-17.2774,1,0,74,14,20,-0.280985,1,0,27,20,15,2.73208,1,0,
0
4331
0,0,1,0,1,0,0,0,2,0,0,0,3,0,0,0,4,0,0,0,5,0,0,0,6,0,7,7,7,0,7,7,8,0,0,0,9,0,0,0,10,0,0,0,11,0,0,0,12,0,0,0,13,0,7,7,14,0,7,7,15,3,-143.067,0,16,3,77.0415,1,17,3,2.56525,0.999972,18,1,-17.3069,1.81287e-31,19,1,-0.848548,0.0301616,20,2,-40.2362,0,21,1,0,0.5,22,1,0,0.5,23,1,0,0.5,24,1,0,0.5,
1,0,20,4.24736e-05,1,0,3,1,20,4.87638,1,0,68,2,18,0.25896,1,0,45,3,20,-0.0134075,1,0,69,4,18,3.58619,1,0,7,5,20,-9.13293,1,0,12,8,18,0.0778487,1,0,47,8,19,0.171581,1,0,13,8,20,-10.9455,0,0,48,10,18,-1.01986e-05,1,0,21,13,18,-2.47241,1,0,50,13,19,-0.121221,1,0,26,19,16,14.8675,1,0,75,20,16,-0.0116218,1,0,28,1,16,0.00172443,1,0,88,3,15,-14.5273,1,0,92,3,17,-0.00041291,1,0,76,4,15,4.14104,1,0,34,4,17,-0.00289263,1,0,77,5,17,3.92576,1,0,59,6,15,-0.031159,1,0,60,6,17,-0.719912,1,0,61,7,15,-19.798,1,0,36,8,16,-1.40304,0,0,93,8,17,0.338264,0,0,37,9,15,0.042301,0,0,64,11,15,5.69679e-06,1,0,39,11,17,0.0613147,1,0,81,12,15,-0.000202719,1,0,40,12,17,0.0101311,1,0,83,13,16,10.7582,1,0,41,13,17,1.11905,1,0,42,14,15,-0.00172947,1,0,107,8,21,-0.429078,1,0,102,21,17,-0.457401,1,0,139,8,22,1.75149,1,0,141,22,20,0.00203791,1,0,4,3,18,12.2359,1,0,85,3,19,1.31347,1,0,169,8,23,-0.85873,1,0,127,23,16,2.57101,1,0,30,2,16,-7.83166,1,0,33,4,16,-1.229,1,0,74,14,20,-5.74818,1,0,192,9,24,-0.044025,1,0,180,24,15,-8.50192,1,0,
1.5
4331
0,0,1,0,1,0,4,4,2,0,4,4,3,0,0,0,4,0,0,0,5,0,0,0,6,0,3,3,7,0,3,3,8,0,4,4,9,0,4,4,10,0,0,0,11,0,0,0,12,0,0,0,13,0,3,3,14,0,3,3,15,3,-27.9186,0,16,3,6.08498,1,17,3,25.1921,1,18,1,5.16027,1,19,1,-70.5673,0,20,2,78.5194,1,21,1,1.60233,0.998577,22,1,37.3466,1,23,1,-2.49726,3.66596e-05,24,1,0,0.5,
1,0,20,3.29696e-05,1,0,3,1,20,10.6925,1,0,68,2,18,0.18676,1,0,45,3,20,-0.00363473,1,0,69,4,18,0.00196403,1,0,7,5,20,6.26179,1,0,12,8,18,-0.0769499,1,0,47,8,19,-17.662,1,0,13,8,20,-5.56784,0,0,48,10,18,-3.34786e-05,1,0,21,13,18,1.57368,1,0,50,13,19,0.0268623,1,0,26,19,16,-6.36695,1,0,75,20,16,-0.0292534,1,0,28,1,16,-0.00499447,1,0,88,3,15,4.04726,1,0,92,3,17,-0.00021888,1,0,76,4,15,8.34488,1,0,34,4,17,-0.000427687,1,0,77,5,17,-10.8336,1,0,59,6,15,0.105563,1,0,60,6,17,5.73203,1,0,61,7,15,-9.46306,1,0,36,8,16,1.00264,0,0,93,8,17,-0.599874,0,0,37,9,15,0.040438,1,0,64,11,15,-7.6811e-07,1,0,39,11,17,-0.362578,1,0,81,12,15,-0.000849987,1,0,40,12,17,-19.3212,1,0,83,13,16,-2.97127,1,0,41,13,17,3.0777,1,0,42,14,15,-0.0026224,1,0,107,8,21,0.400582,1,0,102,21,17,-1.23886,1,0,139,8,22,9.33665,1,0,141,22,20,-0.000401002,1,0,4,3,18,0.0454543,1,0,85,3,19,-1.21087,1,0,169,8,23,-0.624315,1,0,127,23,16,-13.46,1,0,30,2,16,2.28273,1,0,33,4,16,2.97282,0,0,74,14,20,11.9166,1,0,200,4,24,-1.00433,1,0,190,24,16,11.8351,1,0,
0.2
4331
0,0,1,0,1,0,1,1,2,0,1,1,3,0,0,0,4,0,0,0,5,0,0,0,6,0,6,6,7,0,6,6,8,0,1,1,9,0,1,1,10,0,0,0,11,0,0,0,12,0,0,0,13,0,6,6,14,0,6,6,15,3,59.0484,1,16,3,-19.436,2.99596e-35,17,3,-84.774,0,18,1,10.0639,1,19,1,16.706,1,20,2,-1.16136,0.00857778,21,1,0.896733,0.975099,22,1,-3.49222,6.2647e-07,23,1,-20.4322,5.0926e-37,
1,0,20,3.8878e-05,1,0,3,1,20,-1.16136,1,0,68,2,18,0.235521,1,0,45,3,20,0.0134805,1,0,69,4,18,-1.43483e-05,1,0,7,5,20,1.75888,1,0,12,8,18,0.00588743,1,0,47,8,19,-0.177305,1,0,13,8,20,16.528,0,0,48,10,18,3.2335e-06,1,0,21,13,18,1.63708,1,0,50,13,19,2.81388,1,0,26,19,16,-8.42384,1,0,75,20,16,-0.0150909,1,0,28,1,16,-0.00250217,1,0,88,3,15,13.4186,1,0,92,3,17,0.000324194,1,0,76,4,15,-10.1779,1,0,34,4,17,0.000617124,1,0,77,5,17,-6.23259,1,0,59,6,15,-9.41043,1,0,60,6,17,-1.46698,1,0,61,7,15,19.2471,1,0,36,8,16,0.50919,0,0,93,8,17,0.651626,0,0,37,9,15,0.0371252,1,0,64,11,15,-11.3039,1,0,39,11,17,0.100319,1,0,81,12,15,-0.00170869,1,0,40,12,17,0.0753565,1,0,83,13,16,-2.06654,1,0,41,13,17,-12.5142,1,0,42,14,15,-0.00144578,1,0,107,8,21,0.896733,1,0,102,21,17,-0.909782,1,0,139,8,22,-3.49222,1,0,141,22,20,0.00122587,1,0,4,3,18,0.0408034,1,0,85,3,19,3.4942,1,0,169,8,23,-0.0260197,1,0,127,23,16,-4.65803,1,0,30,2,16,1.38972,1,0,178,7,23,-3.40104,1,0,161,0,23,-2.93694,1,0,143,12,22,-1.06794,1,0,
0.8
4331
0,0,1,0,1,0,6,6,2,0,6,6,3,0,0,0,4,0,0,0,5,0,0,0,6,0,1,1,7,0,1,1,8,0,6,6,9,0,6,6,10,0,0,0,11,0,0,0,12,0,0,0,13,0,1,1,14,0,1,1,15,3,-13.0101,7.77516e-24,16,3,-0.216184,0.292309,17,3,-6.46872,3.23478e-12,18,1,-0.279611,0.241658,19,1,-2.64008,2.04416e-05,20,2,22.9802,1,21,1,-10.0599,1.35173e-18,22,1,-65.8279,0,23,1,-3.80364,1.75277e-07,24,1,0,0.5,
1,0,20,2.90967e-07,1,0,3,1,20,5.63953,1,0,68,2,18,-0.227838,1,0,45,3,20,0.0110899,1,0,69,4,18,0.000225674,1,0,7,5,20,6.69384,1,0,12,8,18,-0.0130202,1,0,47,8,19,0.120598,1,0,13,8,20,-17.4522,0,0,48,10,18,5.46798e-06,1,0,21,13,18,1.16554,1,0,50,13,19,-3.36366,1,0,26,19,16,-4.50163,1,0,75,20,16,-0.00948708,1,0,28,1,16,-0.000643469,1,0,88,3,15,-8.35341,1,0,92,3,17,-7.19794,1,0,76,4,15,10.5004,1,0,34,4,17,0.000599737,1,0,77,5,17,-18.4148,1,0,59,6,15,0.0557625,1,0,60,6,17,-5.8309,1,0,61,7,15,-12.9892,1,0,36,8,16,1.3884,0,0,93,8,17,-0.157796,0,0,37,9,15,-0.012953,1,0,64,11,15,-1.3374e-06,1,0,39,11,17,-0.174427,1,0,81,12,15,19.6785,1,0,40,12,17,-0.0483035,1,0,83,13,16,4.08918,1,0,41,13,17,-0.637822,1,0,42,14,15,0.00108698,1,0,107,8,21,-1.67666,1,0,102,21,17,2.18376,1,0,139,8,22,-10.9713,1,0,141,22,20,-4.69177,1,0,4,3,18,-0.0149469,1,0,85,3,19,2.29898,1,0,169,8,23,-0.63394,1,0,127,23,16,5.33827,1,0,30,2,16,-1.10108,1,0,33,4,16,-2.41451,0,0,74,14,20,-10.8569,1,0,200,4,24,-1.57246,1,0,190,24,16,4.62916,1,0,
1316.9
4359
0,0,1,0,1,0,0,0,2,0,0,0,3,0,0,0,4,0,0,0,5,0,0,0,6,0,2,2,7,0,2,2,8,0,0,0,9,0,0,0,10,0,0,0,11,0,0,0,12,0,0,0,13,0,2,2,14,0,2,2,15,3,-36.8515,0,16,3,-30.2546,0,17,3,-0.52541,0.104431,18,1,4.30807,1,19,1,-0.250082,0.264475,20,2,32.3699,1,21,1,0,0.5,22,1,0,0.5,23,1,0,0.5,24,1,0,0.5,
1,0,20,-3.79713e-05,1,0,3,1,20,-10.5415,1,0,68,2,18,-0.30758,1,0,45,3,20,-0.0226177,1,0,69,4,18,-0.0022633,1,0,7,5,20,-9.34729,1,0,12,8,18,0.0651064,1,0,47,8,19,0.17056,1,0,13,8,20,-16.995,0,0,48,10,18,-3.12513e-05,1,0,21,13,18,2.15403,1,0,50,13,19,-0.125041,1,0,26,19,16,-14.1399,1,0,75,20,16,-0.0263785,1,0,28,1,16,-0.00912587,1,0,88,3,15,-13.9884,1,0,92,3,17,0.00045114,1,0,76,4,15,9.60987,1,0,34,4,17,0.00320884,1,0,77,5,17,-9.8168,1,0,59,6,15,-0.0929267,1,0,60,6,17,7.41415,1,0,61,7,15,-18.3297,1,0,36,8,16,1.31653,0,0,93,8,17,-1.05128,0,0,37,9,15,0.0367569,1,0,64,11,15,6.4471e-06,1,0,39,11,17,0.331535,1,0,81,12,15,-0.00184791,1,0,40,12,17,0.0700508,1,0,83,13,16,-14.4802,1,0,41,13,17,-5.99089,1,0,42,14,15,-0.00309338,1,0,107,8,21,-2.32444,1,0,102,21,17,-6.74386,1,0,139,8,22,10.2218,1,0,141,22,20,-0.00243145,1,0,4,3,18,0.137811,1,0,85,3,19,-6.0567,1,0,169,8,23,-1.12091,1,0,127,23,16,19.9185,1,0,30,2,16,9.69031,1,0,33,4,16,-2.81101,0,0,74,14,20,16.1856,1,0,200,4,24,-2.81101,1,0,190,24,16,-14.9749,1,0,
0
4331
0,0,1,0,1,0,0,0,2,0,0,0,3,0,0,0,4,0,6,6,5,0,6,6,6,0,7,7,7,0,1,1,8,0,0,0,9,0,0,0,10,0,0,0,11,0,6,6,12,0,6,6,13,0,7,7,14,0,1,1,15,3,-33.4436,0,16,3,-33.8612,0,17,3,-122.368,0,18,1,10.8881,1,19,1,0.00210103,0.502148,20,2,3.22764,0.999998,21,1,0,0.5,22,1,0,0.5,23,1,0,0.5,24,1,-2.68038,1.73349e-05,
1,0,20,-4.07733e-05,1,0,3,1,20,2.55617,1,0,68,2,18,-14.9024,1,0,45,3,20,0.0149119,1,0,69,4,18,0.00067961,1,0,7,5,20,1.31328,1,0,12,8,18,-1.13927,1,0,47,8,19,-0.130358,1,0,13,8,20,-16.7836,0,0,48,10,18,-12.9626,1,0,21,13,18,1.55486,1,0,50,13,19,0.000300147,1,0,26,19,16,-11.763,1,0,75,20,16,0.0205089,1,0,28,1,16,0.00281656,1,0,88,3,15,6.3226,1,0,92,3,17,0.000133505,1,0,76,4,15,-4.85201,1,0,34,4,17,0.00113003,1,0,77,5,17,-4.25171,1,0,59,6,15,0.044049,1,0,60,6,17,2.50576,1,0,61,7,15,-4.62825,1,0,36,8,16,-0.00771045,0,0,93,8,17,-0.91285,0,0,37,9,15,-0.00416329,1,0,64,11,15,1.27666e-06,1,0,39,11,17,-19.5366,1,0,81,12,15,-0.00211942,1,0,40,12,17,-0.0337495,1,0,83,13,16,-3.04219,1,0,41,13,17,0.331391,1,0,42,14,15,0.00109619,1,0,107,8,21,-1.03489,1,0,102,21,17,1.39401,1,0,139,8,22,-10.0224,1,0,141,22,20,0.00260664,1,0,4,3,18,0.0506522,1,0,85,3,19,-0.644667,1,0,169,8,23,-0.0200939,1,0,127,23,16,-13.3592,1,0,30,2,16,-0.811629,1,0,33,4,16,1.65791,0,0,74,14,20,-4.65334,1,0,200,4,24,-0.446731,1,0,190,24,16,-1.87043,1,0,
0.4
4331
0,0,1,0,1,0,5,5,2,0,5,5,3,0,0,0,4,0,0,0,5,0,0,0,6,0,2,2,7,0,2,2,8,0,5,5,9,0,5,5,10,0,0,0,11,0,0,0,12,0,0,0,13,0,2,2,14,0,2,2,15,3,-6.38383,4.5775e-12,16,3,52.5112,1,17,3,18.4203,1,18,1,-1.03083,0.0145417,19,1,0.517999,0.8927,20,2,-68.6788,0,21,1,-1.22975,0.00649855,22,1,2.79632,0.999989,23,1,70.1079,1,
1,0,20,-1.86189e-05,1,0,3,1,20,-11.5811,1,0,68,2,18,0.0190455,1,0,45,3,20,0.00873176,1,0,69,4,18,-0.000787416,1,0,7,5,20,-19.2155,1,0,12,8,18,0.0197001,1,0,47,8,19,0.160075,1,0,13,8,20,11.4882,0,0,48,10,18,2.17457e-05,1,0,21,13,18,-0.612278,1,0,50,13,19,-0.141187,1,0,26,19,16,-8.68633,1,0,75,20,16,0.0211609,1,0,28,1,16,0.0102353,1,0,88,3,15,8.93683,1,0,92,3,17,-0.000121862,1,0,76,4,15,11.1782,1,0,34,4,17,-0.00357394,1,0,77,5,17,-7.81664,1,0,59,6,15,0.0233649,1,0,60,6,17,5.13331,1,0,61,7,15,-3.27818,1,0,36,8,16,-1.37813,0,0,93,8,17,-0.774201,0,0,37,9,15,0.026069,1,0,64,11,15,2.52376e-06,1,0,39,11,17,0.24039,1,0,81,12,15,0.000236404,1,0,40,12,17,-0.0625566,1,0,83,13,16,7.12467,1,0,41,13,17,4.07816,1,0,42,14,15,-0.00227167,1,0,107,8,21,-0.245949,1,0,102,21,17,-0.402011,1,0,139,8,22,0.559264,1,0,141,22,20,0.00159167,1,0,4,3,18,0.145987,1,0,85,3,19,-7.13462,1,0,169,8,23,14.0216,1,0,127,23,16,-10.5585,1,0,30,2,16,11.3047,1,0,33,4,16,0.593495,1,0,74,14,20,-5.38749,1,0,
0
4331
0,0,1,0,1,0,3,3,2,0,4,4,3,0,4,4,4,0,4,4,5,0,3,3,6,0,3,3,7,0,3,3,8,0,3,3,9,0,4,4,10,0,4,4,11,0,4,4,12,0,3,3,13,0,3,3,14,0,3,3,15,3,-34.1744,0,16,3,19.5635,1,17,3,19.9813,1,18,1,-1.89064,0.00043806,19,1,-68.894,0,20,2,69.2977,1,21,1,4.1734,1,22,1,28.0583,1,23,1,2.36156,0.999936,24,1,1.19505,0.992518,
1,0,20,4.0913e-05,1,0,3,1,20,-1.37787,1,0,68,2,18,-0.115834,1,0,45,3,20,0.0120736,1,0,69,4,18,0.00119323,1,0,7,5,20,10.7316,1,0,12,8,18,0.0594833,1,0,47,8,19,-0.146631,1,0,13,8,20,7.18976,0,0,48,10,18,9.26238e-06,1,0,21,13,18,-0.381804,1,0,50,13,19,-15.7008,1,0,26,19,16,2.21991,1,0,75,20,16,-0.0145415,1,0,28,1,16,-0.00332357,1,0,88,3,15,-4.41163,1,0,92,3,17,-0.000465748,1,0,76,4,15,-1.46935,1,0,34,4,17,0.00339902,1,0,77,5,17,6.46532,1,0,59,6,15,0.0295936,1,0,60,6,17,-1.38625,1,0,61,7,15,-3.52438,1,0,36,8,16,0.86561,0,0,93,8,17,-0.532114,0,0,37,9,15,-0.0418815,1,0,64,11,15,-5.0594e-06,1,0,39,11,17,0.00431956,1,0,81,12,15,0.00209151,1,0,40,12,17,0.0674021,1,0,83,13,16,1.59743,1,0,41,13,17,1.68294,1,0,42,14,15,-0.00161986,1,0,107,8,21,1.39113,1,0,102,21,17,-0.535945,1,0,139,8,22,9.35277,1,0,141,22,20,-0.0013038,1,0,4,3,18,-0.116288,1,0,85,3,19,-5.33795,1,0,169,8,23,0.787188,1,0,127,23,16,-20.4208,1,0,30,2,16,5.00402,1,0,33,4,16,0.908398,0,0,74,14,20,13.7298,1,0,200,4,24,0.298763,1,0,190,24,16,15.3137,1,0,
0.6
4331
0,0,1,0,1,0,2,2,2,0,2,2,3,0,0,0,4,0,0,0,5,0,0,0,6,0,5,5,7,0,5,5,8,0,2,2,9,0,2,2,10,0,0,0,11,0,0,0,12,0,0,0,13,0,5,5,14,0,5,5,15,3,17.5762,1,16,3,-60.3919,0,17,3,6.94521,1,18,1,98.1722,1,19,1,-0.765111,0.0419146,20,2,-86.2833,0,21,1,-4.69469,4.58138e-09,22,1,22.7356,1,23,1,-1.38841,0.00340666,24,1,0,0.5,
1,0,20,4.51218e-05,1,0,3,1,20,-4.66166,1,0,68,2,18,-0.228259,1,0,45,3,20,-0.00247855,1,0,69,4,18,-0.00208532,1,0,7,5,20,-8.03217,1,0,12,8,18,0.033785,1,0,47,8,19,-0.0430518,1,0,13,8,20,-14.4076,0,0,48,10,18,3.6789e-05,1,0,21,13,18,19.7122,1,0,50,13,19,-0.135801,1,0,26,19,16,-6.30557,1,0,75,20,16,0.0025027,1,0,28,1,16,-0.01081,1,0,88,3,15,15.8063,1,0,92,3,17,-0.000331938,1,0,76,4,15,3.75592,1,0,34,4,17,14.9567,1,0,77,5,17,-5.00129,1,0,59,6,15,0.0986869,1,0,60,6,17,7.92293,1,0,61,7,15,6.56676,1,0,36,8,16,-1.3648,0,0,93,8,17,-1.17964,0,0,37,9,15,-7.87864,1,0,64,11,15,-2.97619e-06,1,0,39,11,17,-0.121812,1,0,81,12,15,-0.00205091,1,0,40,12,17,0.0149662,1,0,83,13,16,-7.80899,1,0,41,13,17,-6.53389,1,0,42,14,15,0.00124989,1,0,107,8,21,-2.34734,1,0,102,21,17,-5.27303,1,0,139,8,22,11.3678,1,0,141,22,20,0.00173099,1,0,4,3,18,0.0519341,1,0,85,3,19,3.65255,1,0,169,8,23,-0.694207,1,0,127,23,16,14.4674,1,0,30,2,16,-12.9354,1,0,33,4,16,1.237,0,0,74,14,20,-15.3923,1,0,200,4,24,1.14082,1,0,190,24,16,9.52104,1,0,
0
4331
0,0,1,0,1,0,7,7,2,0,7,7,3,0,0,0,4,0,0,0,5,0,0,0,6,0,0,0,7,0,0,0,8,0,7,7,9,0,7,7,10,0,0,0,11,0,0,0,12,0,0,0,13,0,0,0,14,0,0,0,15,3,0.100162,0.601007,16,3,47.0978,1,17,3,3.33428,0.999999,18,1,-0.17224,0.330824,19,1,-1.30929,0.00470218,20,2,-69.8662,0,21,1,1.69526,0.999026,22,1,-37.4167,0,23,1,-6.41053,4.10403e-12,24,1,0,0.5,
1,0,20,-1.29972e-05,1,0,3,1,20,-9.98088,1,0,68,2,18,-0.0978776,1,0,45,3,20,-0.0169123,1,0,69,4,18,-0.00125435,1,0,7,5,20,7.33779,1,0,12,8,18,0.0732719,1,0,47,8,19,-0.187042,1,0,13,8,20,-8.18316,0,0,48,10,18,1.03651e-05,1,0,21,13,18,-0.409457,1,0,50,13,19,-0.124442,1,0,26,19,16,9.63,1,0,75,20,16,-0.0275368,1,0,28,1,16,-0.0091643,1,0,88,3,15,8.54184,1,0,92,3,17,0.000466961,1,0,76,4,15,-2.0936,1,0,34,4,17,0.00129095,1,0,77,5,17,9.90103,1,0,59,6,15,-0.0983504,1,0,60,6,17,3.26638,1,0,61,7,15,15.3681,1,0,36,8,16,-1.27936,0,0,93,8,17,-0.834602,0,0,37,9,15,0.0143088,1,0,64,11,15,-2.44114e-06,1,0,39,11,17,0.359222,1,0,81,12,15,0.00140005,1,0,40,12,17,0.0555296,1,0,83,13,16,16.9972,1,0,41,13,17,6.55124,1,0,42,14,15,0.00210892,1,0,107,8,21,0.24218,1,0,102,21,17,3.33752,1,0,139,8,22,-5.34524,1,0,141,22,20,-0.0019752,1,0,4,3,18,-0.117519,1,0,85,3,19,-2.79552,1,0,169,8,23,-0.915789,1,0,127,23,16,9.40271,1,0,30,2,16,6.38836,1,0,33,4,16,-16.8203,0,0,74,14,20,3.78297,1,0,200,4,24,-0.7595,1,0,190,24,16,4.79633,1,0,
0
4331
0,0,1,0,1,0,3,3,2,0,3,3,3,0,2,2,4,0,2,2,5,0,2,2,6,0,4,4,7,0,4,4,8,0,3,3,9,0,3,3,10,0,2,2,11,0,2,2,12,0,2,2,13,0,4,4,14,0,4,4,15,3,-41.2522,0,16,3,21.2146,1,17,3,-49.7679,0,18,1,8.7966,1,19,1,-15.6653,1.49348e-28,20,2,-10.4383,2.87614e-19,21,1,5.70475,1,22,1,25.0958,1,23,1,3.73156,1,24,1,-4.87478,2.19336e-09,
1,0,20,-2.00011e-05,1,0,3,1,20,10.8352,1,0,68,2,18,0.0759412,1,0,45,3,20,-0.0209072,1,0,69,4,18,2.16314e-05,1,0,7,5,20,-6.20489,1,0,12,8,18,0.00674302,1,0,47,8,19,-6.97707,1,0,13,8,20,8.52274,0,0,48,10,18,-2.5572e-05,1,0,21,13,18,2.1076,1,0,50,13,19,0.0452014,1,0,26,19,16,10.8704,1,0,75,20,16,-0.00240815,1,0,28,1,16,0.00480535,1,0,88,3,15,4.40364,1,0,92,3,17,6.86792,1,0,76,4,15,2.37823,1,0,34,4,17,-16.0763,1,0,77,5,17,-4.72918,1,0,59,6,15,0.0358825,1,0,60,6,17,-7.48656,1,0,61,7,15,0.277415,1,0,36,8,16,1.41718,0,0,93,8,17,0.673585,0,0,37,9,15,0.0404699,1,0,64,11,15,-2.21938e-06,1,0,39,11,17,-0.149424,1,0,81,12,15,0.00183967,1,0,40,12,17,-0.0270002,1,0,83,13,16,2.82847,1,0,41,13,17,1.92862,1,0,42,14,15,-14.0486,1,0,107,8,21,1.90158,1,0,102,21,17,0.691898,1,0,139,8,22,8.36525,1,0,141,22,20,0.000950158,1,0,4,3,18,0.0590794,1,0,85,3,19,2.54253,1,0,169,8,23,1.24385,1,0,127,23,16,-3.98632,1,0,30,2,16,4.62421,1,0,33,4,16,1.31878,0,0,74,14,20,-7.62334,1,0,200,4,24,-2.43739,1,0,190,24,16,-9.1827,1,0,
0
4331
0,0,1,0,1,0,5,5,2,0,6,6,3,0,2,2,4,0,2,2,5,0,1,1,6,0,1,1,7,0,1,1,8,0,1,1,9,0,6,6,10,0,2,2,11,0,2,2,12,0,1,1,13,0,1,1,14,0,1,1,15,3,-25.7659,0,16,3,53.4659,1,17,3,-13.9699,1.5338e-25,18,1,2.075,0.999794,19,1,-13.7882,3.22468e-25,20,2,7.97,1,21,1,0.31038,0.780649,22,1,5.96672,1,23,1,0.121186,0.621437,24,1,2.62559,0.999978,
1,0,20,-5.31727e-07,1,0,3,1,20,1.17352,1,0,68,2,18,-0.0351357,1,0,45,3,20,-0.00508629,1,0,69,4,18,-0.00122964,1,0,7,5,20,10.7102,1,0,12,8,18,0.0529769,1,0,47,8,19,0.0388364,1,0,13,8,20,17.6882,0,0,48,10,18,3.03019e-05,1,0,21,13,18,2.04608,1,0,50,13,19,0.105355,1,0,26,19,16,-15.8927,1,0,75,20,16,0.0290587,1,0,28,1,16,0.00756066,1,0,88,3,15,-3.97564,1,0,92,3,17,-0.000267751,1,0,76,4,15,-1.99859,1,0,34,4,17,0.000284605,1,0,77,5,17,-14.2295,1,0,59,6,15,-0.00468278,1,0,60,6,17,5.70423,1,0,61,7,15,-13.9264,1,0,36,8,16,0.812656,0,0,93,8,17,1.24461,0,0,37,9,15,0.0196215,1,0,64,11,15,7.121e-06,1,0,39,11,17,-0.248263,1,0,81,12,15,-0.000749971,1,0,40,12,17,-0.0543448,1,0,83,13,16,3.77591,1,0,41,13,17,0.222385,1,0,42,14,15,-0.00328838,1,0,107,8,21,0.31038,1,0,102,21,17,-6.55379,1,0,139,8,22,5.96672,1,0,141,22,20,-0.0014908,1,0,4,3,18,0.0945794,1,0,85,3,19,-6.9662,1,0,169,8,23,0.121186,1,0,127,23,16,-4.95542,1,0,30,2,16,9.03376,1,0,33,4,16,3.04444,0,0,74,14,20,-8.59609,1,0,200,4,24,1.31279,1,0,190,24,16,-1.50001,1,0,
0.2
4331
0,0,1,0,1,0,4,4,2,0,4,4,3,0,0,0,4,0,0,0,5,0,0,0,6,0,3,3,7,0,3,3,8,0,4,4,9,0,4,4,10,0,0,0,11,0,0,0,12,0,0,0,13,0,3,3,14,0,3,3,15,3,26.1487,1,16,3,-28.4228,0,17,3,-0.627593,0.0713023,18,1,-2.50454,3.5584e-05,19,1,-0.672736,0.0600025,20,2,-78.7636,0,21,1,-1.02519,0.0148756,22,1,21.5359,1,23,1,-0.249077,0.265276,24,1,0,0.5,
1,0,20,2.7343e-05,1,0,3,1,20,-7.21489,1,0,68,2,18,-0.242918,1,0,45,3,20,0.00417617,1,0,69,4,18,0.00201375,1,0,7,5,20,10.2982,1,0,12,8,18,0.0728291,1,0,47,8,19,-0.140703,1,0,13,8,20,-19.5961,0,0,48,10,18,-2.55363e-05,1,0,21,13,18,-0.608063,1,0,50,13,19,-0.036641,1,0,26,19,16,9.42387,1,0,75,20,16,5.67806,1,0,28,1,16,0.00348301,1,0,88,3,15,8.06153,1,0,92,3,17,0.000100012,1,0,76,4,15,-11.1688,1,0,34,4,17,-0.000624913,1,0,77,5,17,-4.15677,1,0,59,6,15,-0.0291497,1,0,60,6,17,-4.45831,1,0,61,7,15,8.73327,1,0,36,8,16,0.154276,0,0,93,8,17,-0.603938,0,0,37,9,15,0.0104903,1,0,64,11,15,-2.99883e-06,1,0,39,11,17,-0.221232,1,0,81,12,15,0.000776299,1,0,40,12,17,-0.00881758,1,0,83,13,16,-1.11669,1,0,41,13,17,4.21472,1,0,42,14,15,-0.00187443,1,0,107,8,21,-0.256299,1,0,102,21,17,6.93549,1,0,139,8,22,5.38399,1,0,141,22,20,-0.00256617,1,0,4,3,18,-0.0664841,1,0,85,3,19,1.82237,1,0,169,8,23,-0.0622693,1,0,127,23,16,-12.5672,1,0,30,2,16,-6.14579,1,0,33,4,16,0.78883,0,0,74,14,20,-16.6338,1,0,200,4,24,1.20348,1,0,190,24,16,4.5296,1,0,
100.2
4331
0,0,1,0,1,0,5,5,2,0,5,5,3,0,0,0,4,0,0,0,5,0,0,0,6,0,2,2,7,0,2,2,8,0,5,5,9,0,5,5,10,0,0,0,11,0,0,0,12,0,0,0,13,0,2,2,14,0,2,2,15,3,-1.70131,0.000949744,16,3,-46.5753,0,17,3,-15.9853,4.03487e-29,18,1,6.24631,1,19,1,22.3934,1,20,2,-7.23129,1.42993e-13,21,1,-9.29281,3.11542e-17,22,1,-2.29472,8.39347e-05,23,1,4.8717,1,24,1,0,0.5,
1,0,20,-4.36746e-05,1,0,3,1,20,0.967613,1,0,68,2,18,0.31006,1,0,45,3,20,-0.0200872,1,0,69,4,18,-0.00101205,1,0,7,5,20,9.39608,1,0,12,8,18,-0.0447528,1,0,47,8,19,-0.0201834,1,0,13,8,20,13.6198,0,0,48,10,18,-4.75003e-06,1,0,21,13,18,2.45989,1,0,50,13,19,11.2471,1,0,26,19,16,5.33995,1,0,75,20,16,0.027993,1,0,28,1,16,-0.000597864,1,0,88,3,15,10.9231,1,0,92,3,17,0.000159319,1,0,76,4,15,3.62406,1,0,34,4,17,-0.000420542,1,0,77,5,17,-0.218849,1,0,59,6,15,0.0298534,1,0,60,6,17,-7.8426,1,0,61,7,15,-0.854328,1,0,36,8,16,1.28701,0,0,93,8,17,1.00241,0,0,37,9,15,-0.00927253,1,0,64,11,15,-0.332485,1,0,39,11,17,0.208785,1,0,81,12,15,0.000103814,1,0,40,12,17,-0.0788956,1,0,83,13,16,-1.64431,1,0,41,13,17,-0.150069,1,0,42,14,15,-0.00300076,1,0,107,8,21,-1.85856,1,0,102,21,17,-3.15211,1,0,139,8,22,-0.458943,1,0,141,22,20,17.3157,1,0,4,3,18,0.0465128,1,0,85,3,19,6.53403,1,0,169,8,23,0.97434,1,0,127,23,16,-23.0126,1,0,30,2,16,-6.23902,1,0,33,4,16,-1.40847,0,0,74,14,20,-6.03541,1,0,200,4,24,-2.12079,1,0,190,24,16,11.1682,1,0,
0
4331
0,0,1,0,1,0,4,4,2,0,4,4,3,0,0,0,4,0,0,0,5,0,0,0,6,0,3,3,7,0,3,3,8,0,4,4,9,0,3,3,10,0,0,0,11,0,0,0,12,0,0,0,13,0,3,3,14,0,3,3,15,3,-41.5362,0,16,3,61.6616,1,17,3,36.686,1,18,1,-2.73,1.41514e-05,19,1,-0.857702,0.0290855,20,2,29.1004,1,21,1,-2.95148,5.7199e-06,22,1,-24.3876,4.76441e-44,23,1,-7.21557,1.5249e-13,24,2,5.71498e-13,0.5,
1,0,20,1.37547e-06,1,0,3,1,20,7.2751,1,0,68,2,18,-0.0457777,1,0,45,3,20,0.00999978,1,0,69,4,18,6.63852e-05,1,0,7,5,20,5.30469,1,0,12,8,18,0.0635687,1,0,47,8,19,-0.172781,1,0,13,8,20,13.204,0,0,48,10,18,1.56188e-05,1,0,21,13,18,-0.93372,1,0,50,13,19,-0.0555261,1,0,26,19,16,13.566,1,0,75,20,16,7.76018,1,0,28,1,16,-0.00309029,1,0,88,3,15,-8.48647,1,0,92,3,17,-0.00025882,1,0,76,4,15,10.6207,1,0,34,4,17,0.000154893,1,0,77,5,17,1.27512,1,0,59,6,15,-14.6958,1,0,60,6,17,7.97138,1,0,61,7,15,0.836229,1,0,36,8,16,-16.0217,0,0,93,8,17,-0.344404,0,0,37,9,15,0.0168848,1,0,64,11,15,2.74031e-06,1,0,39,11,17,-0.0313201,1,0,81,12,15,0.000280258,1,0,40,12,17,-0.0587006,1,0,83,13,16,1.93353,1,0,41,13,17,4.25729,1,0,42,14,15,-0.00273841,1,0,107,8,21,-0.73787,1,0,102,21,17,0.960221,1,0,139,8,22,-4.12567,1,0,141,22,20,-0.00167805,1,0,4,3,18,0.0372783,1,0,85,3,19,1.87908,1,0,169,8,23,-0.429006,1,0,127,23,16,-15.8648,0,0,30,2,16,10.7706,1,0,178,7,23,-1.83318,1,0,134,6,22,-2.62829,1,0,208,23,24,3.74777,1,0,190,24,16,9.27213,1,0,
0.4
4331
0,0,1,0,1,0,6,6,2,0,6,6,3,0,0,0,4,0,0,0,5,0,0,0,6,0,1,1,7,0,1,1,8,0,6,6,9,0,6,6,10,0,0,0,11,0,0,0,12,0,0,0,13,0,1,1,14,0,1,1,15,3,-13.3668,1.80753e-24,16,3,47.64,1,17,3,4.35596,1,18,1,2.33834,0.99993,19,1,-0.208081,0.299213,20,2,-7.72287,1.91486e-14,21,1,-11.4607,4.39386e-21,22,1,41.7649,1,23,1,-7.66625,2.41391e-14,
1,0,20,1.71709e-06,1,0,3,1,20,-1.72793,1,0,68,2,18,0.331458,1,0,45,3,20,0.0126487,1,0,69,4,18,0.000358488,1,0,7,5,20,5.90059,1,0,12,8,18,0.0754015,1,0,47,8,19,-0.0401402,1,0,13,8,20,18.2518,0,0,48,10,18,-3.39692e-05,1,0,21,13,18,-0.102816,1,0,50,13,19,0.0327607,1,0,26,19,16,-15.4427,1,0,75,20,16,15.4491,1,0,28,1,16,8.47254,1,0,88,3,15,16.1876,1,0,92,3,17,0.000479065,1,0,76,4,15,-10.0766,1,0,34,4,17,-0.00205956,1,0,77,5,17,-2.77325,1,0,59,6,15,-0.098555,1,0,60,6,17,-1.61855,1,0,61,7,15,-13.3656,1,0,36,8,16,1.30887,0,0,93,8,17,-0.160951,0,0,37,9,15,0.0167034,1,0,64,11,15,-10.2479,1,0,39,11,17,7.52488,1,0,81,12,15,0.00142058,1,0,40,12,17,-0.036877,1,0,83,13,16,-14.1267,1,0,41,13,17,5.97451,1,0,42,14,15,-0.00285533,1,0,107,8,21,-1.91011,1,0,102,21,17,0.361767,1,0,139,8,22,6.96081,1,0,141,22,20,0.00108081,1,0,4,3,18,-0.0515941,1,0,85,3,19,7.21342,1,0,169,8,23,-1.27771,1,0,127,23,16,-17.9079,1,0,30,2,16,2.59202,1,0,33,4,16,-1.64933,1,0,74,14,20,2.64361,1,0,
1928.7
4359
0,0,1,0,1,0,0,0,2,0,0,0,3,0,0,0,4,0,0,0,5,0,0,0,6,0,1,1,7,0,1,1,8,0,0,0,9,0,0,0,10,0,0,0,11,0,0,0,12,0,0,0,13,0,1,1,14,0,1,1,15,3,-18.4258,1.86624e-33,16,3,-9.84782,3.21865e-18,17,3,-1.94867,0.000345538,18,1,2.15403,0.999851,19,1,-0.125041,0.374861,20,2,16.1843,1,21,1,0,0.5,22,1,0,0.5,23,1,0,0.5,
1,0,20,-3.79713e-05,1,0,3,1,20,-10.5415,1,0,68,2,18,-0.30758,1,0,45,3,20,-0.0226177,1,0,69,4,18,-0.0022633,1,0,7,5,20,-9.34729,1,0,12,8,18,0.0651064,1,0,47,8,19,0.17056,1,0,13,8,20,-16.995,0,0,48,10,18,-3.12513e-05,1,0,21,13,18,2.15403,1,0,50,13,19,-0.125041,1,0,26,19,16,-14.1399,1,0,75,20,16,-0.0263785,1,0,28,1,16,-0.00912587,1,0,88,3,15,-13.9884,1,0,92,3,17,0.00045114,1,0,76,4,15,9.60987,1,0,34,4,17,0.00320884,1,0,77,5,17,-9.8168,1,0,59,6,15,-0.0929267,1,0,60,6,17,7.41415,1,0,61,7,15,-18.3297,1,0,36,8,16,1.31653,0,0,93,8,17,-1.05128,0,0,37,9,15,0.0367569,1,0,64,11,15,6.4471e-06,1,0,39,11,17,0.331535,1,0,81,12,15,-0.00184791,1,0,40,12,17,0.0700508,1,0,83,13,16,-14.4802,1,0,41,13,17,-5.99089,1,0,42,14,15,-0.00309338,1,0,107,8,21,-2.32444,1,0,102,21,17,-6.74386,1,0,139,8,22,10.2218,1,0,141,22,20,-0.00243145,1,0,4,3,18,0.137811,1,0,85,3,19,-6.0567,1,0,169,8,23,-1.12091,1,0,127,23,16,19.9185,1,0,30,2,16,9.69031,1,0,33,4,16,-2.81101,1,0,74,14,20,16.1856,1,0,
0
4331
0,0,1,0,1,0,0,0,2,0,0,0,3,0,0,0,4,0,4,4,5,0,4,4,6,0,7,7,7,0,3,3,8,0,0,0,9,0,0,0,10,0,0,0,11,0,4,4,12,0,4,4,13,0,7,7,14,0,3,3,15,3,-75.216,0,16,3,87.685,1,17,3,-35.2367,0,18,1,-16.5928,3.36424e-30,19,1,-0.226473,0.283681,20,2,34.0053,1,21,1,0,0.5,22,1,0,0.5,23,1,0,0.5,24,1,6.42857,1,
1,0,20,-1.17898e-05,1,0,3,1,20,-18.0918,1,0,68,2,18,0.259137,1,0,45,3,20,-0.0234431,1,0,69,4,18,-0.00241669,1,0,7,5,20,8.40191,1,0,12,8,18,-0.0210526,1,0,47,8,19,0.0193053,1,0,13,8,20,-8.02634,0,0,48,10,18,3.71628e-05,1,0,21,13,18,-2.36901,1,0,50,13,19,-0.0323533,1,0,26,19,16,-5.87618,1,0,75,20,16,0.00262655,1,0,28,1,16,0.00520932,1,0,88,3,15,3.72792,1,0,92,3,17,0.000148862,1,0,76,4,15,-3.15296,1,0,34,4,17,0.0035581,1,0,77,5,17,-5.163,1,0,59,6,15,-0.0093277,1,0,60,6,17,-5.41225,1,0,61,7,15,-20.8452,1,0,36,8,16,-0.798413,0,0,93,8,17,0.213065,0,0,37,9,15,0.0422438,1,0,64,11,15,-7.7238e-06,1,0,39,11,17,-0.344447,1,0,81,12,15,0.0019141,1,0,40,12,17,-0.0566909,1,0,83,13,16,12.8127,1,0,41,13,17,3.99586,1,0,42,14,15,-0.00362608,1,0,107,8,21,-0.308197,1,0,102,21,17,-6.15924,1,0,139,8,22,8.76697,1,0,141,22,20,0.00222332,1,0,4,3,18,-6.82153,1,0,85,3,19,11.848,1,0,169,8,23,-0.7088,1,0,127,23,16,15.7087,1,0,30,2,16,3.93166,1,0,33,4,16,1.15355,0,0,74,14,20,0.132194,1,0,200,4,24,1.60714,1,0,190,24,16,-8.19363,1,0,
2428.4
4359
0,0,1,0,1,0,0,0,2,0,0,0,3,0,0,0,4,0,0,0,5,0,0,0,6,0,2,2,7,0,2,2,8,0,0,0,9,0,0,0,10,0,0,0,11,0,0,0,12,0,0,0,13,0,2,2,14,0,2,2,15,3,-36.8515,0,16,3,-22.7671,3.62684e-41,17,3,-0.52541,0.104431,18,1,4.30807,1,19,1,-0.250082,0.264475,20,2,32.3699,1,21,1,0,0.5,22,1,0,0.5,23,1,0,0.5,
1,0,20,-3.79713e-05,1,0,3,1,20,-10.5415,1,0,68,2,18,-0.30758,1,0,45,3,20,-0.0226177,1,0,69,4,18,-0.0022633,1,0,7,5,20,-9.34729,1,0,12,8,18,0.0651064,1,0,47,8,19,0.17056,1,0,13,8,20,-16.995,0,0,48,10,18,-3.12513e-05,1,0,21,13,18,2.15403,1,0,50,13,19,-0.125041,1,0,26,19,16,-14.1399,1,0,75,20,16,-0.0263785,1,0,28,1,16,-0.00912587,1,0,88,3,15,-13.9884,1,0,92,3,17,0.00045114,1,0,76,4,15,9.60987,1,0,34,4,17,0.00320884,1,0,77,5,17,-9.8168,1,0,59,6,15,-0.0929267,1,0,60,6,17,7.41415,1,0,61,7,15,-18.3297,1,0,36,8,16,1.31653,0,0,93,8,17,-1.05128,0,0,37,9,15,0.0367569,1,0,64,11,15,6.4471e-06,1,0,39,11,17,0.331535,1,0,81,12,15,-0.00184791,1,0,40,12,17,0.0700508,1,0,83,13,16,-14.4802,1,0,41,13,17,-5.99089,1,0,42,14,15,-0.00309338,1,0,107,8,21,-2.32444,1,0,102,21,17,-6.74386,1,0,139,8,22,10.2218,1,0,141,22,20,-0.00243145,1,0,4,3,18,0.137811,1,0,85,3,19,-6.0567,1,0,169,8,23,-1.12091,1,0,127,23,16,19.9185,1,0,30,2,16,9.69031,1,0,33,4,16,-2.81101,1,0,74,14,20,16.1856,1,0,
0
4331
0,0,1,0,1,0,1,1,2,0,1,1,3,0,0,0,4,0,0,0,5,0,0,0,6,0,6,6,7,0,6,6,8,0,1,1,9,0,1,1,10,0,0,0,11,0,0,0,12,0,0,0,13,0,6,6,14,0,6,6,15,3,29.8166,1,16,3,-21.8887,1.31783e-39,17,3,0.491032,0.881668,18,1,11.4715,1,19,1,-0.0444337,0.454691,20,2,15.4662,1,21,1,0.754367,0.956285,22,1,-11.5133,3.54292e-21,23,1,0.180558,0.676663,24,1,0,0.5,
1,0,20,3.12747e-05,1,0,3,1,20,-12.4355,1,0,68,2,18,13.5346,1,0,45,3,20,0.0234838,1,0,69,4,18,0.00161124,1,0,7,5,20,-5.48727,1,0,12,8,18,-0.0663569,1,0,47,8,19,0.0856311,1,0,13,8,20,3.97153,0,0,48,10,18,-0.778149,1,0,21,13,18,-0.3328,1,0,50,13,19,-0.0216775,1,0,26,19,16,12.3723,1,0,75,20,16,0.0244576,1,0,28,1,16,-0.0108759,1,0,88,3,15,16.3007,1,0,92,3,17,-0.000470859,1,0,76,4,15,-13.2974,1,0,34,4,17,-0.00295331,1,0,77,5,17,10.0999,1,0,59,6,15,0.0895393,1,0,60,6,17,-3.79474,1,0,61,7,15,4.87768,1,0,36,8,16,1.3215,0,0,93,8,17,1.17541,0,0,37,9,15,0.0174479,1,0,64,11,15,-5.55313e-06,1,0,39,11,17,0.106118,1,0,81,12,15,0.00195045,1,0,40,12,17,0.0124149,1,0,83,13,16,-4.15331,1,0,41,13,17,4.16724,1,0,42,14,15,-0.000700013,1,0,107,8,21,0.754367,1,0,102,21,17,-1.8237,1,0,139,8,22,-11.5133,1,0,141,22,20,0.00144715,1,0,4,3,18,0.127355,1,0,85,3,19,2.71298,1,0,169,8,23,0.180558,1,0,127,23,16,-14.2421,1,0,30,2,16,7.3784,1,0,33,4,16,0.670007,0,0,74,14,20,4.65028,1,0,200,4,24,2.03967,1,0,190,24,16,-0.698557,1,0,
0
4331
0,0,1,0,1,0,3,3,2,0,7,7,3,0,4,4,4,0,4,4,5,0,0,0,6,0,0,0,7,0,0,0,8,0,3,3,9,0,7,7,10,0,4,4,11,0,4,4,12,0,0,0,13,0,0,0,14,0,0,0,15,3,-55.9695,0,16,3,-23.4124,2.591e-42,17,3,0.720524,0.950119,18,1,61.3649,1,19,1,-23.7986,5.33895e-43,20,2,6.1626,1,21,1,-1.78316,0.000679724,22,1,-34.3222,0,23,1,-2.40425,5.36282e-05,24,1,1.73245,0.999164,
1,0,20,-4.954,1,0,3,1,20,2.02653,1,0,68,2,18,8.73032,1,0,45,3,20,0.0207552,1,0,69,4,18,0.00212931,1,0,7,5,20,4.16123,1,0,12,8,18,0.0388197,1,0,47,8,19,-0.130166,1,0,13,8,20,-7.20511,0,0,48,10,18,-3.09909e-05,1,0,21,13,18,1.10305,1,0,50,13,19,0.0651908,1,0,26,19,16,-2.08656,1,0,75,20,16,-0.0121519,1,0,28,1,16,0.0052962,1,0,88,3,15,9.72106,1,0,92,3,17,2.74765e-05,1,0,76,4,15,5.10377,1,0,34,4,17,-0.000105258,1,0,77,5,17,-4.07809,1,0,59,6,15,0.0504014,1,0,60,6,17,-2.78542,1,0,61,7,15,-15.7841,1,0,36,8,16,-1.20579,0,0,93,8,17,-0.853195,0,0,37,9,15,-16.467,1,0,64,11,15,-1.61856e-06,1,0,39,11,17,0.179659,1,0,81,12,15,-0.0015408,1,0,40,12,17,-0.0651977,1,0,83,13,16,-11.7302,1,0,41,13,17,-3.44997,1,0,42,14,15,-0.003363,1,0,107,8,21,-0.594388,1,0,102,21,17,3.23431,1,0,139,8,22,-11.4407,1,0,141,22,20,0.00135828,1,0,4,3,18,0.0319587,1,0,85,3,19,-5.85204,1,0,169,8,23,-0.801417,1,0,127,23,16,11.7878,1,0,30,2,16,-4.83114,1,0,33,4,16,1.63719,0,0,74,14,20,-16.0457,1,0,200,4,24,0.433113,1,0,190,24,16,10.4099,1,0,
1724.4
4359
0,0,1,0,1,0,0,0,2,0,0,0,3,0,0,0,4,0,0,0,5,0,0,0,6,0,1,1,7,0,1,1,8,0,0,0,9,0,0,0,10,0,0,0,11,0,0,0,12,0,0,0,13,0,1,1,14,0,1,1,15,3,-18.4258,1.86624e-33,16,3,-17.3353,1.61413e-31,17,3,-1.94867,0.000345538,18,1,2.15403,0.999851,19,1,-0.125041,0.374861,20,2,16.1843,1,21,1,0,0.5,22,1,0,0.5,23,1,0,0.5,24,1,0,0.5,
1,0,20,-3.79713e-05,1,0,3,1,20,-10.5415,1,0,68,2,18,-0.30758,1,0,45,3,20,-0.0226177,1,0,69,4,18,-0.0022633,1,0,7,5,20,-9.34729,1,0,12,8,18,0.0651064,1,0,47,8,19,0.17056,1,0,13,8,20,-16.995,0,0,48,10,18,-3.12513e-05,1,0,21,13,18,2.15403,1,0,50,13,19,-0.125041,1,0,26,19,16,-14.1399,1,0,75,20,16,-0.0263785,1,0,28,1,16,-0.00912587,1,0,88,3,15,-13.9884,1,0,92,3,17,0.00045114,1,0,76,4,15,9.60987,1,0,34,4,17,0.00320884,1,0,77,5,17,-9.8168,1,0,59,6,15,-0.0929267,1,0,60,6,17,7.41415,1,0,61,7,15,-18.3297,1,0,36,8,16,1.31653,0,0,93,8,17,-1.05128,0,0,37,9,15,0.0367569,1,0,64,11,15,6.4471e-06,1,0,39,11,17,0.331535,1,0,81,12,15,-0.00184791,1,0,40,12,17,0.0700508,1,0,83,13,16,-14.4802,1,0,41,13,17,-5.99089,1,0,42,14,15,-0.00309338,1,0,107,8,21,-2.32444,1,0,102,21,17,-6.74386,1,0,139,8,22,10.2218,1,0,141,22,20,-0.00243145,1,0,4,3,18,0.137811,1,0,85,3,19,-6.0567,1,0,169,8,23,-1.12091,1,0,127,23,16,19.9185,1,0,30,2,16,9.69031,1,0,33,4,16,-2.81101,0,0,74,14,20,16.1856,1,0,200,4,24,-2.81101,1,0,190,24,16,-14.9749,1,0,
0
4331
0,0,1,0,1,0,7,7,2,0,7,7,3,0,0,0,4,0,0,0,5,0,0,0,6,0,0,0,7,0,0,0,8,0,7,7,9,0,7,7,10,0,0,0,11,0,0,0,12,0,0,0,13,0,0,0,14,0,0,0,15,3,-0.0351258,0.464145,16,3,1.11902,0.989817,17,3,0,0.5,18,1,1.63424,0.998751,19,1,0.65804,0.936516,20,2,0.536081,0.899581,21,1,-52.8311,0,22,1,-84.8416,0,23,1,-3.83897,1.51698e-07,24,1,0,0.5,
1,0,20,-3.88219e-05,1,0,3,1,20,0.076583,1,0,68,2,18,0.158446,1,0,45,3,20,0.00110655,1,0,69,4,18,0.00183433,1,0,7,5,20,-2.18762,1,0,12,8,18,0.0750167,1,0,47,8,19,0.0940057,1,0,13,8,20,0.567853,0,0,48,10,18,1.01764e-06,1,0,21,13,18,-1.50692,1,0,50,13,19,-0.0888277,1,0,26,19,16,-16.9529,1,0,75,20,16,0.00513642,1,0,28,1,16,-0.00383304,1,0,88,3,15,-8.42907,1,0,92,3,17,-8.23336e-06,1,0,76,4,15,-4.74814,1,0,34,4,17,-0.00238194,1,0,77,5,17,6.43146,1,0,59,6,15,0.0380501,1,0,60,6,17,-0.979767,1,0,61,7,15,-1.0261,1,0,36,8,16,-0.0141047,0,0,93,8,17,-9.46306,0,0,37,9,15,-0.00501797,1,0,64,11,15,-2.20577e-07,1,0,39,11,17,0.310947,1,0,81,12,15,0.000305854,1,0,40,12,17,-0.0533626,1,0,83,13,16,12.7394,1,0,41,13,17,-5.68525,1,0,42,14,15,0.000280384,1,0,107,8,21,-7.5473,1,0,102,21,17,6.49535,1,0,139,8,22,-12.1202,1,0,141,22,20,0.00157321,1,0,4,3,18,-0.0243231,1,0,85,3,19,0.307699,1,0,169,8,23,-0.548424,1,0,127,23,16,23.2636,1,0,30,2,16,2.37648,1,0,33,4,16,2.94066,0,0,74,14,20,-4.11765,1,0,200,4,24,0.911236,1,0,190,24,16,0.765115,1,0,
2135.69
4359
0,0,1,0,1,0,0,0,2,0,0,0,3,0,0,0,4,0,0,0,5,0,0,0,6,0,1,1,7,0,1,1,8,0,0,0,9,0,0,0,10,0,0,0,11,0,0,0,12,0,0,0,13,0,1,1,14,0,1,1,15,3,-18.4258,1.86624e-33,16,3,-17.3353,1.61413e-31,17,3,-1.94867,0.000345538,18,1,2.15403,0.999851,19,1,-0.125041,0.374861,20,2,16.1843,1,21,1,0,0.5,22,1,0,0.5,23,1,0,0.5,24,1,0,0.5,
1,0,20,-3.79713e-05,1,0,3,1,20,-10.5415,1,0,68,2,18,-0.30758,1,0,45,3,20,-0.0226177,1,0,69,4,18,-0.0022633,1,0,7,5,20,-9.34729,1,0,12,8,18,0.0651064,1,0,47,8,19,0.17056,1,0,13,8,20,-16.995,0,0,48,10,18,-3.12513e-05,1,0,21,13,18,2.15403,1,0,50,13,19,-0.125041,1,0,26,19,16,-14.1399,1,0,75,20,16,-0.0263785,1,0,28,1,16,-0.00912587,1,0,88,3,15,-13.9884,1,0,92,3,17,0.00045114,1,0,76,4,15,9.60987,1,0,34,4,17,0.00320884,1,0,77,5,17,-9.8168,1,0,59,6,15,-0.0929267,1,0,60,6,17,7.41415,1,0,61,7,15,-18.3297,1,0,36,8,16,1.31653,0,0,93,8,17,-1.05128,0,0,37,9,15,0.0367569,1,0,64,11,15,6.4471e-06,1,0,39,11,17,0.331535,1,0,81,12,15,-0.00184791,1,0,40,12,17,0.0700508,1,0,83,13,16,-14.4802,1,0,41,13,17,-5.99089,1,0,42,14,15,-0.00309338,1,0,107,8,21,-2.32444,1,0,102,21,17,-6.74386,1,0,139,8,22,10.2218,1,0,141,22,20,-0.00243145,1,0,4,3,18,0.137811,1,0,85,3,19,-6.0567,1,0,169,8,23,-1.12091,1,0,127,23,16,19.9185,1,0,30,2,16,9.69031,1,0,33,4,16,-2.81101,0,0,74,14,20,16.1856,1,0,200,4,24,-2.81101,1,0,190,24,16,-14.9749,1,0,
1215.2
4359
0,0,1,0,1,0,0,0,2,0,0,0,3,0,0,0,4,0,0,0,5,0,0,0,6,0,1,1,7,0,1,1,8,0,0,0,9,0,0,0,10,0,0,0,11,0,0,0,12,0,0,0,13,0,1,1,14,0,1,1,15,3,-18.4258,1.86624e-33,16,3,-17.3353,1.61413e-31,17,3,-1.94867,0.000345538,18,1,2.15403,0.999851,19,1,-0.125041,0.374861,20,2,16.1843,1,21,1,0,0.5,22,1,0,0.5,23,1,0,0.5,24,1,0,0.5,
1,0,20,-3.79713e-05,1,0,3,1,20,-10.5415,1,0,68,2,18,-0.30758,1,0,45,3,20,-0.0226177,1,0,69,4,18,-0.0022633,1,0,7,5,20,-9.34729,1,0,12,8,18,0.0651064,1,0,47,8,19,0.17056,1,0,13,8,20,-16.995,0,0,48,10,18,-3.12513e-05,1,0,21,13,18,2.15403,1,0,50,13,19,-0.125041,1,0,26,19,16,-14.1399,1,0,75,20,16,-0.0263785,1,0,28,1,16,-0.00912587,1,0,88,3,15,-13.9884,1,0,92,3,17,0.00045114,1,0,76,4,15,9.60987,1,0,34,4,17,0.00320884,1,0,77,5,17,-9.8168,1,0,59,6,15,-0.0929267,1,0,60,6,17,7.41415,1,0,61,7,15,-18.3297,1,0,36,8,16,1.31653,0,0,93,8,17,-1.05128,0,0,37,9,15,0.0367569,1,0,64,11,15,6.4471e-06,1,0,39,11,17,0.331535,1,0,81,12,15,-0.00184791,1,0,40,12,17,0.0700508,1,0,83,13,16,-14.4802,1,0,41,13,17,-5.99089,1,0,42,14,15,-0.00309338,1,0,107,8,21,-2.32444,1,0,102,21,17,-6.74386,1,0,139,8,22,10.2218,1,0,141,22,20,-0.00243145,1,0,4,3,18,0.137811,1,0,85,3,19,-6.0567,1,0,169,8,23,-1.12091,1,0,127,23,16,19.9185,1,0,30,2,16,9.69031,1,0,33,4,16,-2.81101,0,0,74,14,20,16.1856,1,0,200,4,24,-2.81101,1,0,190,24,16,-14.9749,1,0,
2238.7
4359
0,0,1,0,1,0,0,0,2,0,0,0,3,0,0,0,4,0,0,0,5,0,0,0,6,0,2,2,7,0,2,2,8,0,0,0,9,0,0,0,10,0,0,0,11,0,0,0,12,0,0,0,13,0,2,2,14,0,2,2,15,3,-36.8515,0,16,3,-30.2546,0,17,3,-0.52541,0.104431,18,1,4.30807,1,19,1,-0.250082,0.264475,20,2,32.3699,1,21,1,0,0.5,22,1,0,0.5,23,1,0,0.5,24,1,0,0.5,
1,0,20,-3.79713e-05,1,0,3,1,20,-10.5415,1,0,68,2,18,-0.30758,1,0,45,3,20,-0.0226177,1,0,69,4,18,-0.0022633,1,0,7,5,20,-9.34729,1,0,12,8,18,0.0651064,1,0,47,8,19,0.17056,1,0,13,8,20,-16.995,0,0,48,10,18,-3.12513e-05,1,0,21,13,18,2.15403,1,0,50,13,19,-0.125041,1,0,26,19,16,-14.1399,1,0,75,20,16,-0.0263785,1,0,28,1,16,-0.00912587,1,0,88,3,15,-13.9884,1,0,92,3,17,0.00045114,1,0,76,4,15,9.60987,1,0,34,4,17,0.00320884,1,0,77,5,17,-9.8168,1,0,59,6,15,-0.0929267,1,0,60,6,17,7.41415,1,0,61,7,15,-18.3297,1,0,36,8,16,1.31653,0,0,93,8,17,-1.05128,0,0,37,9,15,0.0367569,1,0,64,11,15,6.4471e-06,1,0,39,11,17,0.331535,1,0,81,12,15,-0.00184791,1,0,40,12,17,0.0700508,1,0,83,13,16,-14.4802,1,0,41,13,17,-5.99089,1,0,42,14,15,-0.00309338,1,0,107,8,21,-2.32444,1,0,102,21,17,-6.74386,1,0,139,8,22,10.2218,1,0,141,22,20,-0.00243145,1,0,4,3,18,0.137811,1,0,85,3,19,-6.0567,1,0,169,8,23,-1.12091,1,0,127,23,16,19.9185,1,0,30,2,16,9.69031,1,0,33,4,16,-2.81101,0,0,74,14,20,16.1856,1,0,200,4,24,-2.81101,1,0,190,24,16,-14.9749,1,0,
0.7
4331
0,0,1,0,1,0,5,5,2,0,5,5,3,0,0,0,4,0,0,0,5,0,0,0,6,0,2,2,7,0,2,2,8,0,5,5,9,0,5,5,10,0,0,0,11,0,0,0,12,0,0,0,13,0,2,2,14,0,2,2,15,3,34.1304,1,16,3,66.5234,1,17,3,3.40666,0.999999,18,1,-3.66027,3.1506e-07,19,1,-27.6724,0,20,2,-63.2369,0,21,1,12.2231,1,22,1,44.9569,1,23,1,2.52485,0.999967,24,1,0,0.5,
1,0,20,-2.41269e-05,1,0,3,1,20,-8.59006,1,0,68,2,18,0.24163,1,0,45,3,20,-0.0263725,1,0,69,4,18,-0.00163632,1,0,7,5,20,-4.33388,1,0,12,8,18,-0.0304692,1,0,47,8,19,0.093568,1,0,13,8,20,18.8806,0,0,48,10,18,3.18383e-05,1,0,21,13,18,-2.35804,1,0,50,13,19,-14.0701,1,0,26,19,16,8.0071,1,0,75,20,16,-0.0275719,1,0,28,1,16,0.0102184,1,0,88,3,15,-14.7222,1,0,92,3,17,-0.000200799,1,0,76,4,15,-10.5682,1,0,34,4,17,-0.000536692,1,0,77,5,17,5.86136,1,0,59,6,15,0.060742,1,0,60,6,17,-7.17258,1,0,61,7,15,16.9996,1,0,36,8,16,-0.939746,0,0,93,8,17,1.17883,0,0,37,9,15,0.00107926,1,0,64,11,15,-8.31157,1,0,39,11,17,-0.384311,1,0,81,12,15,0.00111604,1,0,40,12,17,-0.0769414,1,0,83,13,16,8.33964,1,0,41,13,17,6.03871,1,0,42,14,15,0.00219273,1,0,107,8,21,2.44462,1,0,102,21,17,5.6744,1,0,139,8,22,8.99138,1,0,141,22,20,0.00263737,1,0,4,3,18,0.135508,1,0,85,3,19,-4.1996,1,0,169,8,23,0.504971,1,0,127,23,16,-5.24063,1,0,30,2,16,9.26421,1,0,33,4,16,0.101153,0,0,74,14,20,-10.1446,1,0,200,4,24,-2.48181,1,0,190,24,16,17.4248,1,0,
0
4331
0,0,1,0,1,0,3,3,2,0,3,3,3,0,2,2,4,0,2,2,5,0,2,2,6,0,4,4,7,0,4,4,8,0,3,3,9,0,2,2,10,0,2,2,11,0,2,2,12,0,2,2,13,0,4,4,14,0,4,4,15,3,-53.149,0,16,3,-43.9103,0,17,3,17.2506,1,18,1,-3.80188,1.76548e-07,19,1,-4.13466,4.52634e-08,20,2,40.8966,1,21,1,-7.45029,5.83866e-14,22,1,14.5964,1,23,1,0.0862284,0.587266,24,1,-6.07223,1.63724e-11,
1,0,20,3.03342e-06,1,0,3,1,20,-6.68567,1,0,68,2,18,0.0986417,1,0,45,3,20,-0.0254141,1,0,69,4,18,-0.000112057,1,0,7,5,20,-3.43522,1,0,12,8,18,0.0344558,1,0,47,8,19,0.202435,1,0,13,8,20,14.0398,0,0,48,10,18,4.45929e-06,1,0,21,13,18,-1.0129,1,0,50,13,19,0.126877,1,0,26,19,16,-11.0494,1,0,75,20,16,0.0283244,1,0,28,1,16,-0.00263867,1,0,88,3,15,14.9687,1,0,92,3,17,-5.41054,1,0,76,4,15,-7.17601,1,0,34,4,17,-0.00160974,1,0,77,5,17,0.599891,1,0,59,6,15,0.0917425,1,0,60,6,17,-0.109415,1,0,61,7,15,-17.2921,1,0,36,8,16,-0.469677,0,0,93,8,17,-7.70198,0,0,37,9,15,0.0341606,1,0,64,11,15,-5.44971e-06,1,0,39,11,17,0.118517,1,0,81,12,15,0.00078561,1,0,40,12,17,0.0375285,1,0,83,13,16,-12.1397,1,0,41,13,17,6.75016,1,0,42,14,15,-0.000710835,1,0,107,8,21,-2.48343,1,0,102,21,17,2.00001,1,0,139,8,22,4.86547,1,0,141,22,20,-0.000276434,1,0,4,3,18,-0.0746742,1,0,85,3,19,-2.62474,1,0,169,8,23,0.0287428,1,0,127,23,16,-3.94493,1,0,30,2,16,2.31491,1,0,33,4,16,1.07267,0,0,74,14,20,16.9688,1,0,200,4,24,-3.03612,1,0,190,24,16,-3.85267,1,0,
0
4331
0,0,1,0,1,0,3,3,2,0,3,3,3,0,3,3,4,0,3,3,5,0,3,3,6,0,4,4,7,0,4,4,8,0,3,3,9,0,3,3,10,0,3,3,11,0,3,3,12,0,3,3,13,0,4,4,14,0,4,4,15,3,-12.8828,1.30819e-23,16,3,-71.0064,0,17,3,37.8995,1,18,1,2.22651,0.999889,19,1,-18.561,1.07318e-33,20,2,-39.5846,0,21,1,-5.90125,3.29473e-11,22,1,10.5209,1,23,1,3.48705,0.999999,24,1,-0.0807667,0.418159,
1,0,20,-18.6739,1,0,3,1,20,-11.6018,1,0,68,2,18,0.196698,1,0,45,3,20,-0.00641639,1,0,69,4,18,-0.00231209,1,0,7,5,20,-10.6075,1,0,12,8,18,-0.00141415,1,0,47,8,19,0.145487,1,0,13,8,20,19.7456,0,0,48,10,18,3.16135e-05,1,0,21,13,18,0.37722,1,0,50,13,19,-0.00540082,1,0,26,19,16,7.56685,1,0,75,20,16,-0.0217798,1,0,28,1,16,4.61816,1,0,88,3,15,13.7718,1,0,92,3,17,-0.000174471,1,0,76,4,15,2.73929,1,0,34,4,17,-0.000564977,1,0,77,5,17,5.39493,1,0,59,6,15,-0.110858,1,0,60,6,17,3.88599,1,0,61,7,15,-15.0572,1,0,36,8,16,1.47553,0,0,93,8,17,-0.771482,0,0,37,9,15,-2.42641,0,0,64,11,15,-1.97311e-06,1,0,39,11,17,0.0919554,1,0,81,12,15,0.00161706,1,0,40,12,17,0.0379757,1,0,83,13,16,-15.3378,1,0,41,13,17,1.44579,1,0,42,14,15,-0.00270257,1,0,107,8,21,-1.96708,1,0,102,21,17,5.59017,1,0,139,8,22,3.50697,1,0,141,22,20,0.000773313,1,0,4,3,18,0.0462056,1,0,85,3,19,-6.3253,1,0,169,8,23,1.16235,1,0,127,23,16,7.27468,1,0,30,2,16,-8.8456,1,0,33,4,16,-1.41581,1,0,74,14,20,6.76539,1,0,192,9,24,-0.0269222,1,0,180,24,15,-4.15623,1,0,
0
4331
0,0,1,0,1,0,4,4,2,0,4,4,3,0,2,2,4,0,2,2,5,0,2,2,6,0,3,3,7,0,3,3,8,0,4,4,9,0,4,4,10,0,2,2,11,0,2,2,12,0,2,2,13,0,3,3,14,0,3,3,15,3,-21.1418,2.79677e-38,16,3,12.555,1,17,3,-12.6813,2.98305e-23,18,1,11.7711,1,19,1,-13.6699,5.23237e-25,20,2,-1.42368,0.00295046,21,1,23.7464,1,22,1,30.7802,1,23,1,0.959976,0.980665,
1,0,20,3.82989e-05,1,0,3,1,20,5.8448,1,0,68,2,18,-0.275208,1,0,45,3,20,0.0264163,1,0,69,4,18,10.4033,1,0,7,5,20,-3.6835,1,0,12,8,18,-0.0297134,1,0,47,8,19,-0.189212,1,0,13,8,20,16.9224,0,0,48,10,18,2.47202e-05,1,0,21,13,18,-2.535,1,0,50,13,19,-0.0365754,1,0,26,19,16,13.559,1,0,75,20,16,18.4183,1,0,28,1,16,0.00574636,1,0,88,3,15,-5.13587,1,0,92,3,17,-7.69496e-05,1,0,76,4,15,4.3308,1,0,34,4,17,-0.00142812,1,0,77,5,17,4.09384,1,0,59,6,15,-16.9669,1,0,60,6,17,-8.1055,1,0,61,7,15,10.4999,1,0,36,8,16,-2.543,0,0,93,8,17,-0.321145,0,0,37,9,15,-0.0324555,1,0,64,11,15,1.92932e-07,1,0,39,11,17,-0.201663,1,0,81,12,15,-0.00122358,1,0,40,12,17,0.0587637,1,0,83,13,16,16.7096,1,0,41,13,17,2.43132,1,0,42,14,15,0.000560755,1,0,107,8,21,5.9366,1,0,102,21,17,-3.55765,1,0,139,8,22,7.69506,1,0,141,22,20,-0.00271404,1,0,4,3,18,-0.105408,1,0,85,3,19,-6.40165,1,0,169,8,23,0.239994,1,0,127,23,16,-13.167,1,0,30,2,16,-6.86995,1,0,33,4,16,1.3705,1,0,74,14,20,-5.82867,1,0,
0.3
4331
0,0,1,0,1,0,4,4,2,0,4,4,3,0,0,0,4,0,0,0,5,0,0,0,6,0,3,3,7,0,3,3,8,0,4,4,9,0,4,4,10,0,0,0,11,0,0,0,12,0,0,0,13,0,3,3,14,0,3,3,15,3,43.0616,1,16,3,0.272596,0.753045,17,3,-35.5806,0,18,1,58.0971,1,19,1,-0.376482,0.176562,20,2,-4.52624,9.12417e-09,21,1,9.97733,1,22,1,75.9901,1,23,1,0.3884,0.830413,24,1,0,0.5,
1,0,20,3.03632,1,0,3,1,20,2.09534,1,0,68,2,18,0.275743,1,0,45,3,20,-0.00385372,1,0,69,4,18,0.0018704,1,0,7,5,20,-4.01914,1,0,12,8,18,0.00167832,1,0,47,8,19,-0.150392,1,0,13,8,20,0.909389,0,0,48,10,18,2.64056e-05,1,0,21,13,18,18.9958,1,0,50,13,19,0.0750279,1,0,26,19,16,-16.5497,1,0,75,20,16,0.0277367,1,0,28,1,16,-5.62745,1,0,88,3,15,11.8609,1,0,92,3,17,0.000501694,1,0,76,4,15,8.2522,1,0,34,4,17,19.9896,1,0,77,5,17,-10.7272,1,0,59,6,15,-0.105812,1,0,60,6,17,-6.99831,1,0,61,7,15,14.4391,1,0,36,8,16,-0.87733,0,0,93,8,17,-1.23539,0,0,37,9,15,0.0171902,1,0,64,11,15,-6.79112e-06,1,0,39,11,17,0.140407,1,0,81,12,15,5.83993,1,0,40,12,17,-0.0657011,1,0,83,13,16,19.9882,1,0,41,13,17,-6.33405,1,0,42,14,15,-0.00237419,1,0,107,8,21,2.49433,1,0,102,21,17,4.41651,1,0,139,8,22,18.9975,1,0,141,22,20,-0.000832455,1,0,4,3,18,7.47022,1,0,85,3,19,2.60274,1,0,169,8,23,0.0971001,1,0,127,23,16,-10.5472,1,0,30,2,16,-5.2301,1,0,33,4,16,2.67414,0,0,74,14,20,-4.30226,1,0,200,4,24,-1.28125,1,0,190,24,16,-9.16219,1,0,
0.5
4331
0,0,1,0,1,0,4,4,2,0,4,4,3,0,0,0,4,0,0,0,5,0,0,0,6,0,3,3,7,0,3,3,8,0,4,4,9,0,4,4,10,0,0,0,11,0,0,0,12,0,0,0,13,0,3,3,14,0,3,3,15,3,18.1092,1,16,3,-34.4397,0,17,3,-32.3119,0,18,1,5.6762,1,19,1,0.19592,0.690255,20,2,-64.859,0,21,1,-3.59202,4.165e-07,22,1,-45.6074,0,23,1,2.57633,0.999973,24,1,0,0.5,25,2,21.6418,1,
1,0,20,-6.75802e-06,1,0,3,1,20,-5.2006,1,0,68,2,18,-0.163086,1,0,45,3,20,0.00713112,1,0,69,4,18,0.000780012,1,0,7,5,20,-2.45093,1,0,12,8,18,0.042379,1,0,47,8,19,0.055153,1,0,13,8,20,11.9085,0,0,48,10,18,1.07319e-05,1,0,21,13,18,2.05301,1,0,50,13,19,-0.00823072,1,0,26,19,16,-16.9137,1,0,75,20,16,-3.93298,1,0,28,1,16,-0.00613787,1,0,88,3,15,-6.37181,1,0,92,3,17,9.84622e-05,1,0,76,4,15,9.92361,1,0,34,4,17,0.00200242,1,0,77,5,17,6.25851,1,0,59,6,15,-0.0149404,1,0,60,6,17,-3.78576,1,0,61,7,15,6.07259,1,0,36,8,16,-0.252757,0,0,93,8,17,-0.543682,0,0,37,9,15,-0.0178328,1,0,64,11,15,-6.415e-06,1,0,39,11,17,-0.191479,1,0,81,12,15,14.0463,1,0,40,12,17,0.0457016,1,0,83,13,16,-8.97199,1,0,41,13,17,-6.98486,1,0,42,14,15,0.00253306,1,0,107,8,21,-0.898006,1,0,102,21,17,-5.67467,1,0,139,8,22,-11.4019,1,0,141,22,20,-0.00139438,1,0,4,3,18,0.0846065,1,0,85,3,19,3.71459,1,0,169,8,23,0.644083,1,0,127,23,16,21.6424,0,0,30,2,16,1.68728,1,0,33,4,16,-4.65155,0,0,74,14,20,-14.6855,1,0,200,4,24,0.0476811,1,0,190,24,16,-13.1636,1,0,255,23,25,21.6424,1,0,239,25,16,4.00833,1,0,
0
4331
0,0,1,0,1,0,2,2,2,0,2,2,3,0,2,2,4,0,2,2,5,0,2,2,6,0,5,5,7,0,5,5,8,0,2,2,9,0,2,2,10,0,2,2,11,0,2,2,12,0,2,2,13,0,5,5,14,0,5,5,15,3,-98.8297,0,16,3,39.8304,1,17,3,-18.539,1.17441e-33,18,1,80.3903,1,19,1,13.7626,1,20,2,16.9045,1,21,1,-1.20551,0.00717088,22,1,-2.78828,1.11501e-05,23,1,-0.600393,0.0790294,24,1,-4.98734,1.38411e-09,
1,0,20,2.17639e-05,1,0,3,1,20,-2.53757,1,0,68,2,18,0.281117,1,0,45,3,20,-0.0214667,1,0,69,4,18,-0.000597304,1,0,7,5,20,-4.17526,1,0,12,8,18,-0.0379776,1,0,47,8,19,0.0976284,1,0,13,8,20,11.4774,0,0,48,10,18,2.25688e-05,1,0,21,13,18,15.9434,1,0,50,13,19,-0.0130376,1,0,26,19,16,6.77927,1,0,75,20,16,-0.0189099,1,0,28,1,16,0.00230511,1,0,88,3,15,-7.99859,1,0,92,3,17,-0.000489641,1,0,76,4,15,7.20619,1,0,34,4,17,-0.00362751,1,0,77,5,17,-2.55904,1,0,59,6,15,-0.0455597,1,0,60,6,17,-1.33983,1,0,61,7,15,-19.3911,1,0,36,8,16,0.874023,0,0,93,8,17,-1.10975,0,0,37,9,15,-0.0255905,1,0,64,11,15,-1.39757e-06,1,0,39,11,17,0.104071,1,0,81,12,15,-0.000212448,1,0,40,12,17,0.060895,1,0,83,13,16,3.70756,1,0,41,13,17,-1.41754,1,0,42,14,15,-0.00204363,1,0,107,8,21,-0.602754,1,0,102,21,17,6.16743,1,0,139,8,22,-1.39414,1,0,141,22,20,-6.65064e-05,1,0,4,3,18,0.0940852,1,0,85,3,19,6.81628,1,0,169,8,23,-0.300197,1,0,127,23,16,1.75886,1,0,30,2,16,7.19433,1,0,33,4,16,-0.505034,0,0,74,14,20,6.07463,1,0,200,4,24,-2.49367,1,0,190,24,16,15.6188,1,0,
0
4361
0,0,1,0,1,0,0,0,2,0,0,0,3,0,0,0,4,0,1,1,5,0,1,1,6,0,7,7,7,0,6,6,8,0,0,0,9,0,0,0,10,0,0,0,11,0,1,1,12,0,1,1,13,0,7,7,14,0,6,6,15,3,-202.424,0,16,3,-39.8338,0,17,3,20.7127,1,18,1,-18.3843,2.21117e-33,19,1,-0.00505935,0.494827,20,2,17.9122,1,21,1,0,0.5,22,1,0,0.5,23,1,0,0.5,24,1,0.337178,0.798839,
1,0,20,-3.59344e-05,1,0,3,1,20,-7.51683,1,0,68,2,18,0.225891,1,0,45,3,20,0.0194479,1,0,69,4,18,-18.3944,1,0,7,5,20,12.0674,1,0,12,8,18,-0.0717712,1,0,47,8,19,-0.162133,1,0,13,8,20,15.9823,0,0,48,10,18,-2.40717e-05,1,0,21,13,18,0.00144696,1,0,50,13,19,-0.000722765,1,0,26,19,16,12.5322,1,0,75,20,16,7.53845,1,0,28,1,16,0.00788384,1,0,88,3,15,13.5065,1,0,92,3,17,-2.89933,1,0,76,4,15,5.37183,1,0,34,4,17,0.00337704,1,0,77,5,17,-3.26862,1,0,59,6,15,-0.0856954,1,0,60,6,17,-0.516466,1,0,61,7,15,-13.3376,1,0,36,8,16,1.37927,0,0,93,8,17,-0.000791035,0,0,37,9,15,0.00430256,1,0,64,11,15,-19.2582,1,0,39,11,17,4.94543,1,0,81,12,15,0.00189739,1,0,40,12,17,0.00721376,1,0,83,13,16,-5.71911,1,0,41,13,17,3.64377,1,0,42,14,15,-17.9856,1,0,107,8,21,-1.19157,1,0,102,21,17,-5.73167,1,0,139,8,22,11.4692,1,0,141,22,20,-0.00170833,1,0,4,3,18,0.0540091,1,0,85,3,19,7.07352,1,0,169,8,23,0.541591,1,0,127,23,16,-6.82263,1,0,30,2,16,0.332308,1,0,33,4,16,-2.68934,0,0,74,14,20,0.974274,1,0,200,4,24,0.337178,1,0,190,24,16,-12.6789,1,0,
0
4359
0,0,1,0,1,0,2,2,2,0,7,7,3,0,5,5,4,0,5,5,5,0,0,0,6,0,0,0,7,0,0,0,8,0,2,2,9,0,7,7,10,0,5,5,11,0,5,5,12,0,0,0,13,0,0,0,14,0,0,0,15,3,127.658,1,16,3,66.6492,1,17,3,-25.4651,0,18,1,-85.2654,0,19,1,-1.73862,0.000815449,20,2,-21.3241,1.32655e-38,21,1,-5.39868,2.57347e-10,22,1,1.04979,0.986529,23,1,-2.60108,2.3976e-05,24,1,15.9959,1,
1,0,20,-2.35976e-05,1,0,3,1,20,-10.6326,1,0,68,2,18,0.174789,1,0,45,3,20,-0.0116882,1,0,69,4,18,-17.3862,1,0,7,5,20,-3.69894,1,0,12,8,18,-0.0520031,1,0,47,8,19,0.188281,1,0,13,8,20,-4.97535,0,0,48,10,18,2.28628e-05,1,0,21,13,18,1.06518,1,0,50,13,19,-0.0068685,1,0,26,19,16,-9.60794,1,0,75,20,16,-0.0227834,1,0,28,1,16,0.00439227,1,0,88,3,15,13.2817,1,0,92,3,17,7.94293,1,0,76,4,15,12.2483,1,0,34,4,17,-0.00156145,1,0,77,5,17,-10.9175,1,0,59,6,15,-0.039105,1,0,60,6,17,-8.47218,1,0,61,7,15,-17.2873,1,0,36,8,16,0.0739946,0,0,93,8,17,-0.73483,0,0,37,9,15,0.00112535,1,0,64,11,15,-6.93665e-06,1,0,39,11,17,-13.0344,1,0,81,12,15,-0.000561115,1,0,40,12,17,9.30101,1,0,83,13,16,6.13372,1,0,41,13,17,-6.96447,1,0,42,14,15,14.4623,1,0,107,8,21,-2.69934,1,0,102,21,17,3.04093,1,0,139,8,22,0.524897,1,0,141,22,20,-0.000440701,1,0,4,3,18,0.109143,1,0,85,3,19,-0.423037,1,0,169,8,23,-1.30054,1,0,127,23,16,-20.4602,1,0,30,2,16,7.38714,1,0,33,4,16,-0.214812,0,0,74,14,20,17.811,1,0,200,4,24,3.19919,1,0,190,24,16,14.9388,1,0,
0.7
4331
0,0,1,0,1,0,3,3,2,0,3,3,3,0,0,0,4,0,0,0,5,0,0,0,6,0,4,4,7,0,4,4,8,0,3,3,9,0,3,3,10,0,0,0,11,0,0,0,12,0,0,0,13,0,4,4,14,0,4,4,15,3,54.5595,1,16,3,66.243,1,17,3,27.8526,1,18,1,-2.37594,6.0212e-05,19,1,-0.204612,0.302196,20,2,-16.6437,2.73189e-30,21,1,1.1398,0.990639,22,1,-30.8563,0,23,1,-3.49793,6.12002e-07,
1,0,20,1.00699e-05,1,0,3,1,20,3.66235,1,0,68,2,18,0.242551,1,0,45,3,20,0.0233578,1,0,69,4,18,-0.00205334,1,0,7,5,20,-10.9671,1,0,12,8,18,-0.0556157,1,0,47,8,19,-0.0696109,1,0,13,8,20,3.49641,0,0,48,10,18,1.63467e-05,1,0,21,13,18,-0.734186,1,0,50,13,19,0.00105518,1,0,26,19,16,6.79997,1,0,75,20,16,-0.00637416,1,0,28,1,16,-0.00471908,1,0,88,3,15,16.1048,1,0,92,3,17,3.10876e-05,1,0,76,4,15,3.53491,1,0,34,4,17,0.00137102,1,0,77,5,17,-8.45862,1,0,59,6,15,0.036144,1,0,60,6,17,7.16288,1,0,61,7,15,13.63,1,0,36,8,16,1.41057,0,0,93,8,17,1.1136,0,0,37,9,15,-0.0315446,1,0,64,11,15,3.57147e-08,1,0,39,11,17,0.344497,1,0,81,12,15,-0.00144768,1,0,40,12,17,-0.00826324,1,0,83,13,16,10.3199,1,0,41,13,17,-2.11141,1,0,42,14,15,-0.00257375,1,0,107,8,21,0.379932,1,0,102,21,17,7.71902,1,0,139,8,22,-10.2854,1,0,141,22,20,0.00210775,1,0,4,3,18,0.113456,1,0,85,3,19,4.13148,1,0,169,8,23,-1.16598,1,0,127,23,16,-23.0447,1,0,30,2,16,7.64093,1,0,33,4,16,-1.44874,1,0,74,14,20,-6.90768,1,0,
0.1
4362
0,0,1,0,1,0,3,3,2,0,3,3,3,0,0,0,4,0,0,0,5,0,0,0,6,0,4,4,7,0,4,4,8,0,3,3,9,0,3,3,10,0,0,0,11,0,0,0,12,0,0,0,13,0,4,4,14,0,4,4,15,3,86.7975,1,16,3,-5.13969,7.42264e-10,17,3,46.1758,1,18,1,-57.8911,0,19,1,-0.731307,0.0478321,20,2,-12.6077,4.03019e-23,21,1,2.71917,0.999985,22,1,4.69321,1,23,1,2.39711,0.999945,24,1,0,0.5,
1,0,20,-5.57322,1,0,3,1,20,-5.81638,1,0,68,2,18,-16.3664,1,0,45,3,20,0.972923,1,0,69,4,18,0.00242753,1,0,7,5,20,-4.4033,1,0,12,8,18,0.0709468,1,0,47,8,19,-0.0994099,1,0,13,8,20,-16.1254,0,0,48,10,18,-11.3426,1,0,21,13,18,-2.25119,1,0,50,13,19,-0.108269,1,0,26,19,16,16.7298,1,0,75,20,16,-0.025764,1,0,28,1,16,-0.00311849,1,0,88,3,15,-4.40574,1,0,92,3,17,16.966,1,0,76,4,15,-9.32972,1,0,34,4,17,-4.35409,1,0,77,5,17,-3.07535,1,0,59,6,15,0.0144873,1,0,60,6,17,6.37676,1,0,61,7,15,21.7149,1,0,36,8,16,0.543787,0,0,93,8,17,0.852502,0,0,37,9,15,-0.0378022,1,0,64,11,15,-4.93881e-06,1,0,39,11,17,0.247809,1,0,81,12,15,0.000367999,1,0,40,12,17,0.0396784,1,0,83,13,16,-4.06459,1,0,41,13,17,6.29101,1,0,42,14,15,-0.00169547,1,0,107,8,21,0.906391,1,0,102,21,17,-4.49536,1,0,139,8,22,1.5644,1,0,141,22,20,0.00119704,1,0,4,3,18,0.0336935,1,0,85,3,19,-0.54727,1,0,169,8,23,0.799038,1,0,127,23,16,-16.1335,1,0,30,2,16,9.91724,1,0,33,4,16,1.97854,0,0,74,14,20,1.21006,1,0,200,4,24,0.295038,1,0,190,24,16,-6.58267,1,0,
0.4
4331
0,0,1,0,1,0,6,6,2,0,6,6,3,0,0,0,4,0,0,0,5,0,0,0,6,0,1,1,7,0,1,1,8,0,6,6,9,0,6,6,10,0,0,0,11,0,0,0,12,0,0,0,13,0,1,1,14,0,1,1,15,3,2.65547,0.999981,16,3,12.4329,1,17,3,4.78861,1,18,1,-118.039,0,19,1,-0.627845,0.0712341,20,2,-9.87599,2.86832e-18,21,1,-6.87045,6.25558e-13,22,1,-72.4761,0,23,1,-5.54582,1.4098e-10,24,1,0,0.5,
1,0,20,1.25054e-05,1,0,3,1,20,-0.372242,1,0,68,2,18,-0.133836,1,0,45,3,20,0.0246407,1,0,69,4,18,-0.00150811,1,0,7,5,20,0.0906637,1,0,12,8,18,-19.766,1,0,47,8,19,-0.08929,1,0,13,8,20,-17.6384,0,0,48,10,18,-9.90352e-06,1,0,21,13,18,1.35995,1,0,50,13,19,-0.0921046,1,0,26,19,16,-11.069,1,0,75,20,16,-17.2012,1,0,28,1,16,-0.00456607,1,0,88,3,15,-12.0193,1,0,92,3,17,8.76586,1,0,76,4,15,1.23507,1,0,34,4,17,0.00273777,1,0,77,5,17,4.8408,1,0,59,6,15,0.0963871,1,0,60,6,17,3.7728,1,0,61,7,15,2.41704,1,0,36,8,16,0.882452,0,0,93,8,17,-0.126737,0,0,37,9,15,0.0236978,1,0,64,11,15,4.35155e-06,1,0,39,11,17,0.159221,1,0,81,12,15,-0.000663564,1,0,40,12,17,-0.035602,1,0,83,13,16,-2.97706,1,0,41,13,17,1.01581,1,0,42,14,15,-0.000140921,1,0,107,8,21,-1.14507,1,0,102,21,17,-1.33555,1,0,139,8,22,-12.0794,1,0,141,22,20,-0.00169399,1,0,4,3,18,0.0740882,1,0,85,3,19,-3.10405,1,0,169,8,23,-0.924303,1,0,127,23,16,19.8204,1,0,30,2,16,1.79227,1,0,33,4,16,2.10649,0,0,74,14,20,-7.64254,1,0,200,4,24,3.05446,1,0,190,24,16,10.9444,1,0,
0.1
4331
0,0,1,0,1,0,1,1,2,0,1,1,3,0,0,0,4,0,0,0,5,0,0,0,6,0,6,6,7,0,6,6,8,0,1,1,9,0,1,1,10,0,0,0,11,0,0,0,12,0,0,0,13,0,6,6,14,0,6,6,15,3,38.3797,1,16,3,29.7925,1,17,3,-15.9103,5.48458e-29,18,1,-2.0918,0.00019245,19,1,4.22763,1,20,2,48.0497,1,21,1,-2.73669,1.37693e-05,22,1,4.74269,1,23,1,-0.529713,0.102797,
1,0,20,2.21696e-05,1,0,3,1,20,-3.61742,1,0,68,2,18,0.228658,1,0,45,3,20,-0.00753578,1,0,69,4,18,0.000363563,1,0,7,5,20,-1.44882,1,0,12,8,18,-0.0668757,1,0,47,8,19,5.09478,1,0,13,8,20,-19.6796,0,0,48,10,18,-3.09648e-05,1,0,21,13,18,-0.375598,1,0,50,13,19,-0.144524,1,0,26,19,16,8.91616,1,0,75,20,16,0.00251922,1,0,28,1,16,0.00414321,1,0,88,3,15,12.3159,1,0,92,3,17,0.000208715,1,0,76,4,15,-6.94755,1,0,34,4,17,-0.00312931,1,0,77,5,17,-5.2679,1,0,59,6,15,0.0677857,1,0,60,6,17,-3.3717,1,0,61,7,15,6.33277,1,0,36,8,16,0.328143,0,0,93,8,17,0.813771,0,0,37,9,15,-0.0426208,1,0,64,11,15,3.19854e-06,1,0,39,11,17,0.294039,1,0,81,12,15,-0.000317259,1,0,40,12,17,0.0528164,1,0,83,13,16,2.9614,1,0,41,13,17,0.719989,1,0,42,14,15,0.00317058,1,0,107,8,21,-2.73669,1,0,102,21,17,0.222005,1,0,139,8,22,4.74269,1,0,141,22,20,0.00290414,1,0,4,3,18,18.0166,1,0,85,3,19,-6.42089,1,0,169,8,23,-0.529713,1,0,127,23,16,-20.5095,1,0,30,2,16,5.2096,1,0,33,4,16,-1.43172,1,0,74,14,20,8.61071,1,0,
0.1
4331
0,0,1,0,1,0,1,1,2,0,1,1,3,0,0,0,4,0,0,0,5,0,0,0,6,0,6,6,7,0,6,6,8,0,1,1,9,0,1,1,10,0,0,0,11,0,0,0,12,0,0,0,13,0,6,6,14,0,6,6,15,3,222.374,1,16,3,-77.2644,0,17,3,-53.7562,0,18,1,-15.0848,1.60473e-27,19,1,-5.332,3.38026e-10,20,2,112.51,1,21,1,0.256156,0.740329,22,1,1.85576,0.999495,23,1,0.611125,0.924107,24,1,0,0.5,
1,0,20,1.47558e-05,1,0,3,1,20,-2.93593,1,0,68,2,18,0.198713,1,0,45,3,20,0.0034634,1,0,69,4,18,-0.00136353,1,0,7,5,20,9.1814,1,0,12,8,18,-0.0542701,1,0,47,8,19,-4.64872,1,0,13,8,20,18.914,0,0,48,10,18,2.19035e-05,1,0,21,13,18,-2.53821,1,0,50,13,19,-0.113881,1,0,26,19,16,-4.54581,1,0,75,20,16,-0.000530082,1,0,28,1,16,0.0022708,1,0,88,3,15,-16.6468,1,0,92,3,17,-0.000322579,1,0,76,4,15,-7.37958,1,0,34,4,17,0.00357809,1,0,77,5,17,-7.78166,1,0,59,6,15,-0.0594547,1,0,60,6,17,-6.24565,1,0,61,7,15,21.3103,1,0,36,8,16,-0.220143,0,0,93,8,17,-1.16661,0,0,37,9,15,-0.0258173,1,0,64,11,15,9.28796e-07,1,0,39,11,17,-9.33753,1,0,81,12,15,-0.000265415,1,0,40,12,17,-0.0652836,1,0,83,13,16,-11.0905,1,0,41,13,17,-2.74001,1,0,42,14,15,15.8158,1,0,107,8,21,0.256156,1,0,102,21,17,0.213088,1,0,139,8,22,1.85576,1,0,141,22,20,0.00171922,1,0,4,3,18,-0.108258,1,0,85,3,19,3.52601,1,0,169,8,23,0.611125,1,0,127,23,16,-12.3666,1,0,30,2,16,-6.78817,1,0,33,4,16,-0.45197,0,0,74,14,20,19.2406,1,0,200,4,24,1.68919,1,0,190,24,16,14.9867,1,0,
0.3
4331
0,0,1,0,1,0,0,0,2,0,0,0,3,0,0,0,4,0,0,0,5,0,0,0,6,0,7,7,7,0,7,7,8,0,0,0,9,0,0,0,10,0,0,0,11,0,0,0,12,0,0,0,13,0,5,5,14,0,7,7,15,3,8.90647,1,16,3,58.8375,1,17,3,-42.2421,0,18,1,1.93215,0.99963,19,1,-60.3829,0,20,2,0,0.5,21,1,0,0.5,22,1,-123.224,0,23,1,9.7719,1,
1,0,20,-12.0833,1,0,3,1,20,-0.732872,1,0,68,2,18,-14.7595,1,0,45,3,20,0.00462094,1,0,69,4,18,0.00253244,1,0,7,5,20,0.0402499,1,0,12,8,18,0.018071,1,0,47,8,19,0.0112904,1,0,13,8,20,-4.65446,0,0,48,10,18,2.08142,1,0,21,13,18,0.38643,1,0,50,13,19,-12.0766,1,0,26,19,16,7.59025,1,0,75,20,16,-0.0180173,1,0,28,1,16,4.04519,1,0,88,3,15,2.18118,1,0,92,3,17,-0.000322281,1,0,76,4,15,8.38266,1,0,34,4,17,0.00240983,1,0,77,5,17,-5.13114,1,0,59,6,15,-0.0604261,1,0,60,6,17,-3.90549,1,0,61,7,15,1.33249,1,0,36,8,16,0.994716,0,0,93,8,17,-0.331367,0,0,37,9,15,-0.00496498,1,0,64,11,15,-1.64682e-06,1,0,39,11,17,0.324378,1,0,81,12,15,-0.000188121,1,0,40,12,17,-0.0945816,1,0,83,13,16,8.67292,1,0,41,13,17,-2.78126,1,0,42,14,15,0.000291794,1,0,107,8,21,-1.59628,1,0,102,21,17,-1.99479,1,0,139,8,22,-10.358,1,0,141,22,20,-0.00162712,1,0,4,3,18,0.0470306,1,0,85,3,19,-3.326,1,0,169,8,23,1.20968,1,0,127,23,16,15.482,1,0,30,2,16,5.39123,1,0,178,7,23,1.39599,1,0,134,6,22,-17.6034,1,0,
1721.6
4359
0,0,1,0,1,0,0,0,2,0,0,0,3,0,0,0,4,0,0,0,5,0,0,0,6,0,2,2,7,0,4,4,8,0,0,0,9,0,0,0,10,0,0,0,11,0,0,0,12,0,0,0,13,0,2,2,14,0,4,4,15,3,-73.5172,0,16,3,-30.2546,0,17,3,-0.52541,0.104431,18,1,4.30807,1,19,1,-0.250082,0.264475,20,2,64.741,1,21,1,0,0.5,22,1,0,0.5,23,1,0,0.5,24,1,0,0.5,
1,0,20,-3.79713e-05,1,0,3,1,20,-10.5415,1,0,68,2,18,-0.30758,1,0,45,3,20,-0.0226177,1,0,69,4,18,-0.0022633,1,0,7,5,20,-9.34729,1,0,12,8,18,0.0651064,1,0,47,8,19,0.17056,1,0,13,8,20,-16.995,0,0,48,10,18,-3.12513e-05,1,0,21,13,18,2.15403,1,0,50,13,19,-0.125041,1,0,26,19,16,-14.1399,1,0,75,20,16,-0.0263785,1,0,28,1,16,-0.00912587,1,0,88,3,15,-13.9884,1,0,92,3,17,0.00045114,1,0,76,4,15,9.60987,1,0,34,4,17,0.00320884,1,0,77,5,17,-9.8168,1,0,59,6,15,-0.0929267,1,0,60,6,17,7.41415,1,0,61,7,15,-18.3297,1,0,36,8,16,1.31653,0,0,93,8,17,-1.05128,0,0,37,9,15,0.0367569,1,0,64,11,15,6.4471e-06,1,0,39,11,17,0.331535,1,0,81,12,15,-0.00184791,1,0,40,12,17,0.0700508,1,0,83,13,16,-14.4802,1,0,41,13,17,-5.99089,1,0,42,14,15,-0.00309338,1,0,107,8,21,-2.32444,1,0,102,21,17,-6.74386,1,0,139,8,22,10.2218,1,0,141,22,20,-0.00243145,1,0,4,3,18,0.137811,1,0,85,3,19,-6.0567,1,0,169,8,23,-1.12091,1,0,127,23,16,19.9185,1,0,30,2,16,9.69031,1,0,33,4,16,-2.81101,0,0,74,14,20,16.1856,1,0,200,4,24,-2.81101,1,0,190,24,16,-14.9749,1,0,32,3,16,-19.7264,1,0,
2029.6
4359
0,0,1,0,1,0,0,0,2,0,0,0,3,0,0,0,4,0,0,0,5,0,0,0,6,0,2,2,7,0,2,2,8,0,0,0,9,0,0,0,10,0,0,0,11,0,0,0,12,0,0,0,13,0,2,2,14,0,2,2,15,3,-31.047,0,16,3,-22.7671,3.62684e-41,17,3,-0.52541,0.104431,18,1,4.30807,1,19,1,-0.250082,0.264475,20,2,32.3699,1,21,1,0,0.5,22,1,0,0.5,23,1,0,0.5,24,1,0,0.5,
1,0,20,-3.79713e-05,1,0,3,1,20,-10.5415,1,0,68,2,18,-0.30758,1,0,45,3,20,-0.0226177,1,0,69,4,18,-0.0022633,1,0,7,5,20,-9.34729,1,0,12,8,18,0.0651064,1,0,47,8,19,0.17056,1,0,13,8,20,-16.995,0,0,48,10,18,-3.12513e-05,1,0,21,13,18,2.15403,1,0,50,13,19,-0.125041,1,0,26,19,16,-14.1399,1,0,75,20,16,-0.0263785,1,0,28,1,16,-0.00912587,1,0,88,3,15,-13.9884,1,0,92,3,17,0.00045114,1,0,76,4,15,9.60987,1,0,34,4,17,0.00320884,1,0,77,5,17,-9.8168,1,0,59,6,15,-0.0929267,1,0,60,6,17,7.41415,1,0,61,7,15,-18.3297,1,0,36,8,16,1.31653,0,0,93,8,17,-1.05128,0,0,37,9,15,0.0367569,0,0,64,11,15,6.4471e-06,1,0,39,11,17,0.331535,1,0,81,12,15,-0.00184791,1,0,40,12,17,0.0700508,1,0,83,13,16,-14.4802,1,0,41,13,17,-5.99089,1,0,42,14,15,-0.00309338,1,0,107,8,21,-2.32444,1,0,102,21,17,-6.74386,1,0,139,8,22,10.2218,1,0,141,22,20,-0.00243145,1,0,4,3,18,0.137811,1,0,85,3,19,-6.0567,1,0,169,8,23,-1.12091,1,0,127,23,16,19.9185,1,0,30,2,16,9.69031,1,0,33,4,16,-2.81101,1,0,74,14,20,16.1856,1,0,192,9,24,0.0367569,1,0,180,24,15,11.6091,1,0,
0.6
4331
0,0,1,0,1,0,5,5,2,0,5,5,3,0,0,0,4,0,0,0,5,0,0,0,6,0,2,2,7,0,2,2,8,0,5,5,9,0,5,5,10,0,0,0,11,0,0,0,12,0,0,0,13,0,2,2,14,0,2,2,15,3,-21.8454,1.57325e-39,16,3,11.0753,1,17,3,9.79028,1,18,1,-0.260074,0.256602,19,1,0.129355,0.629265,20,2,22.3607,1,21,1,-4.48761,1.06861e-08,22,1,-61.2031,0,23,1,-2.27855,8.96719e-05,24,1,0,0.5,
1,0,20,4.03603e-07,1,0,3,1,20,3.52618,1,0,68,2,18,0.0577551,1,0,45,3,20,-0.00938031,1,0,69,4,18,-0.000308852,1,0,7,5,20,6.47407,1,0,12,8,18,-0.0167685,1,0,47,8,19,0.0209284,1,0,13,8,20,6.31603,0,0,48,10,18,3.33983e-05,1,0,21,13,18,-0.232504,1,0,50,13,19,0.0123568,1,0,26,19,16,7.14152,1,0,75,20,16,-0.0101137,1,0,28,1,16,-0.00646573,1,0,88,3,15,11.2523,1,0,92,3,17,-0.000276578,1,0,76,4,15,-1.81894,1,0,34,4,17,0.00253726,1,0,77,5,17,19.0165,1,0,59,6,15,0.111185,1,0,60,6,17,8.23032,1,0,61,7,15,-11.0227,1,0,36,8,16,0.710226,0,0,93,8,17,14.3486,0,0,37,9,15,-0.00363376,1,0,64,11,15,-6.77405e-06,1,0,39,11,17,-0.358032,1,0,81,12,15,-0.000647371,1,0,40,12,17,0.0608641,1,0,83,13,16,-8.68846,1,0,41,13,17,-3.33518,1,0,42,14,15,-0.0021178,1,0,107,8,21,-0.897522,1,0,102,21,17,4.0943,1,0,139,8,22,-12.2406,1,0,141,22,20,-0.00188555,1,0,4,3,18,0.047182,1,0,85,3,19,0.330854,1,0,169,8,23,-0.45571,1,0,127,23,16,-16.8789,1,0,30,2,16,3.48142,1,0,33,4,16,3.06396,0,0,74,14,20,2.3649,1,0,200,4,24,0.61046,1,0,190,24,16,13.1903,1,0,
2329.3
4359
0,0,1,0,1,0,0,0,2,0,0,0,3,0,0,0,4,0,0,0,5,0,0,0,6,0,2,2,7,0,5,5,8,0,0,0,9,0,0,0,10,0,0,0,11,0,0,0,12,0,0,0,13,0,2,2,14,0,5,5,15,3,-91.85,0,16,3,-30.2546,0,17,3,-0.52541,0.104431,18,1,4.30807,1,19,1,-0.250082,0.264475,20,2,80.9266,1,21,1,0,0.5,22,1,0,0.5,23,1,0,0.5,24,1,0,0.5,
1,0,20,-3.79713e-05,1,0,3,1,20,-10.5415,1,0,68,2,18,-0.30758,1,0,45,3,20,-0.0226177,1,0,69,4,18,-0.0022633,1,0,7,5,20,-9.34729,1,0,12,8,18,0.0651064,1,0,47,8,19,0.17056,1,0,13,8,20,-16.995,0,0,48,10,18,-3.12513e-05,1,0,21,13,18,2.15403,1,0,50,13,19,-0.125041,1,0,26,19,16,-14.1399,1,0,75,20,16,-0.0263785,1,0,28,1,16,-0.00912587,1,0,88,3,15,-13.9884,1,0,92,3,17,0.00045114,1,0,76,4,15,9.60987,1,0,34,4,17,0.00320884,1,0,77,5,17,-9.8168,1,0,59,6,15,-0.0929267,1,0,60,6,17,7.41415,1,0,61,7,15,-18.3297,1,0,36,8,16,1.31653,0,0,93,8,17,-1.05128,0,0,37,9,15,0.0367569,1,0,64,11,15,6.4471e-06,1,0,39,11,17,0.331535,1,0,81,12,15,-0.00184791,1,0,40,12,17,0.0700508,1,0,83,13,16,-14.4802,1,0,41,13,17,-5.99089,1,0,42,14,15,-0.00309338,1,0,107,8,21,-2.32444,1,0,102,21,17,-6.74386,1,0,139,8,22,10.2218,1,0,141,22,20,-0.00243145,1,0,4,3,18,0.137811,1,0,85,3,19,-6.0567,1,0,169,8,23,-1.12091,1,0,127,23,16,19.9185,1,0,30,2,16,9.69031,1,0,33,4,16,-2.81101,0,0,74,14,20,16.1856,1,0,200,4,24,-2.81101,1,0,190,24,16,-14.9749,1,0,
0.2
4331
0,0,1,0,1,0,4,4,2,0,4,4,3,0,0,0,4,0,0,0,5,0,0,0,6,0,3,3,7,0,3,3,8,0,4,4,9,0,4,4,10,0,0,0,11,0,0,0,12,0,0,0,13,0,3,3,14,0,3,3,15,3,-3.34521,1.14293e-06,16,3,-25.4253,0,17,3,-22.6569,5.6939e-41,18,1,-2.00962,0.000269322,19,1,43.8568,1,20,2,16.1539,1,21,1,9.31548,1,22,1,4.29324,1,23,1,-46.199,0,24,1,0,0.5,
1,0,20,3.07871e-06,1,0,3,1,20,1.23281,1,0,68,2,18,-0.0100271,1,0,45,3,20,0.00375432,1,0,69,4,18,-0.00189071,1,0,7,5,20,-0.530925,1,0,12,8,18,-0.0399966,1,0,47,8,19,0.059632,1,0,13,8,20,-15.4873,0,0,48,10,18,-7.00932e-06,1,0,21,13,18,-0.603174,1,0,50,13,19,14.5394,1,0,26,19,16,11.4536,1,0,75,20,16,0.00751698,1,0,28,1,16,-0.00615919,1,0,88,3,15,12.3694,1,0,92,3,17,0.000177994,1,0,76,4,15,4.95157,1,0,34,4,17,0.00275102,1,0,77,5,17,3.90601,1,0,59,6,15,0.0995569,1,0,60,6,17,-4.93313,1,0,61,7,15,-1.25207,1,0,36,8,16,-0.975199,0,0,93,8,17,-0.151277,0,0,37,9,15,0.0307652,1,0,64,11,15,4.45286e-06,1,0,39,11,17,-0.032149,1,0,81,12,15,-0.000629556,1,0,40,12,17,-0.0391969,1,0,83,13,16,9.0297,1,0,41,13,17,-2.45289,1,0,42,14,15,-0.00357277,1,0,107,8,21,2.32887,1,0,102,21,17,-0.498809,1,0,139,8,22,1.07331,1,0,141,22,20,0.00131514,1,0,4,3,18,0.126365,1,0,85,3,19,-1.96173,1,0,169,8,23,-11.5497,1,0,127,23,16,17.1252,1,0,30,2,16,-14.4722,1,0,33,4,16,-1.83661,0,0,74,14,20,3.74046,1,0,200,4,24,0.413884,1,0,190,24,16,-12.1245,1,0,
0.6
4331
0,0,1,0,1,0,2,2,2,0,2,2,3,0,0,0,4,0,0,0,5,0,0,0,6,0,5,5,7,0,5,5,8,0,2,2,9,0,2,2,10,0,0,0,11,0,0,0,12,0,0,0,13,0,5,5,14,0,1,1,15,3,78.3267,1,16,3,-101.19,0,17,3,67.0803,1,18,1,-13.8769,2.2441e-25,19,1,0.548373,0.904032,20,2,-16.7425,1.8236e-30,21,1,4.39614,1,22,1,10.7373,1,23,1,-0.992615,0.0169599,24,1,0,0.5,
1,0,20,2.34394e-05,1,0,3,1,20,-4.19784,1,0,68,2,18,-3.03749,1,0,45,3,20,5.00012,1,0,69,4,18,-5.70772,1,0,7,5,20,-8.7613,1,0,12,8,18,-0.0739911,1,0,47,8,19,-0.0525368,1,0,13,8,20,-13.142,0,0,48,10,18,1.05317e-05,1,0,21,13,18,-1.53078,1,0,50,13,19,0.130689,1,0,26,19,16,3.52845,1,0,75,20,16,0.00282128,1,0,28,1,16,-12.4315,1,0,88,3,15,-5.31222,1,0,92,3,17,0.00038614,1,0,76,4,15,0.30579,1,0,34,4,17,-0.000717487,1,0,77,5,17,4.96693,1,0,59,6,15,-0.00664146,1,0,60,6,17,7.55427,1,0,61,7,15,15.6744,1,0,36,8,16,0.877253,0,0,93,8,17,-0.574897,0,0,37,9,15,-0.00581191,1,0,64,11,15,-6.27281e-06,1,0,39,11,17,0.0396493,1,0,81,12,15,0.00032692,1,0,40,12,17,2.61883,1,0,83,13,16,-16.2869,1,0,41,13,17,6.50605,1,0,42,14,15,-0.000355331,1,0,107,8,21,2.19807,1,0,102,21,17,-3.22126,1,0,139,8,22,5.36863,1,0,141,22,20,-0.000437059,1,0,4,3,18,0.0942815,1,0,85,3,19,-6.38972,1,0,169,8,23,-0.496308,1,0,127,23,16,9.55698,1,0,30,2,16,2.30664,1,0,33,4,16,-0.79092,0,0,74,14,20,-8.34636,1,0,200,4,24,-13.8289,1,0,190,24,16,-5.71514,1,0,
0
4331
0,0,1,0,1,0,5,5,2,0,5,5,3,0,0,0,4,0,0,0,5,0,0,0,6,0,2,2,7,0,2,2,8,0,5,5,9,0,5,5,10,0,0,0,11,0,0,0,12,0,0,0,13,0,2,2,14,0,2,2,15,3,12.5162,1,16,3,-17.219,2.59741e-31,17,3,1.95537,0.999664,18,1,-28.3695,0,19,1,-0.0421108,0.457048,20,2,75.2682,1,21,1,7.89099,1,22,1,28.2366,1,23,1,0.134396,0.634061,24,1,0,0.5,
1,0,20,-1.11339e-05,1,0,3,1,20,11.2783,1,0,68,2,18,-0.344227,1,0,45,3,20,0.0110894,1,0,69,4,18,0.00258409,1,0,7,5,20,-10.7719,1,0,12,8,18,0.0591685,1,0,47,8,19,-0.0297365,1,0,13,8,20,10.4913,0,0,48,10,18,2.66052e-05,1,0,21,13,18,-13.4721,1,0,50,13,19,0.0532859,1,0,26,19,16,1.74531,1,0,75,20,16,-0.0231543,1,0,28,1,16,0.00553331,1,0,88,3,15,-0.662357,1,0,92,3,17,0.000367641,1,0,76,4,15,-1.23603,1,0,34,4,17,-0.00367102,1,0,77,5,17,11.7573,1,0,59,6,15,7.24826,1,0,60,6,17,5.16846,1,0,61,7,15,-1.05605,1,0,36,8,16,-1.24501,0,0,93,8,17,-0.665533,0,0,37,9,15,0.0268258,1,0,64,11,15,7.04653e-07,1,0,39,11,17,-0.291463,1,0,81,12,15,0.000888876,1,0,40,12,17,0.0110315,1,0,83,13,16,-2.49158,1,0,41,13,17,-3.34105,1,0,42,14,15,-0.00118255,1,0,107,8,21,1.5782,1,0,102,21,17,-1.69944,1,0,139,8,22,5.64733,1,0,141,22,20,0.00175524,1,0,4,3,18,0.114464,1,0,85,3,19,-3.46652,1,0,169,8,23,0.0268792,1,0,127,23,16,-14.1837,1,0,30,2,16,-1.64584,1,0,33,4,16,0.535493,0,0,74,14,20,9.43739,1,0,200,4,24,-0.420708,1,0,190,24,16,8.369,1,0,
0.5
4331
0,0,1,0,1,0,2,2,2,0,2,2,3,0,0,0,4,0,0,0,5,0,0,0,6,0,5,5,7,0,5,5,8,0,2,2,9,0,2,2,10,0,0,0,11,0,0,0,12,0,0,0,13,0,5,5,14,0,5,5,15,3,14.0645,1,16,3,59.6593,1,17,3,-22.6617,5.58305e-41,18,1,-9.55713,1.05682e-17,19,1,-0.734241,0.0472884,20,2,52.4177,1,21,1,-5.3257,3.46857e-10,22,1,8.55944,1,23,1,0.556757,0.906966,24,1,0,0.5,
1,0,20,4.07179e-05,1,0,3,1,20,-6.6386,1,0,68,2,18,0.257265,1,0,45,3,20,0.00184581,1,0,69,4,18,0.00173993,1,0,7,5,20,4.85065,1,0,12,8,18,0.0351783,1,0,47,8,19,-0.0438361,1,0,13,8,20,2.48318,0,0,48,10,18,-1.17471e-05,1,0,21,13,18,-2.0284,1,0,50,13,19,-0.129314,1,0,26,19,16,-9.56676,1,0,75,20,16,0.0256415,1,0,28,1,16,-0.00292124,1,0,88,3,15,1.30054,1,0,92,3,17,-0.000189391,1,0,76,4,15,-1.79045,1,0,34,4,17,-0.00227855,1,0,77,5,17,-9.76042,1,0,59,6,15,-0.0836389,1,0,60,6,17,-3.79513,1,0,61,7,15,2.90897,1,0,36,8,16,1.03493,0,0,93,8,17,0.336482,0,0,37,9,15,-0.0387314,1,0,64,11,15,3.15205e-06,1,0,39,11,17,-0.157459,1,0,81,12,15,0.00119157,1,0,40,12,17,-0.0165459,1,0,83,13,16,11.2712,1,0,41,13,17,-0.737204,1,0,42,14,15,0.00306983,1,0,107,8,21,-2.66285,1,0,102,21,17,-5.85919,1,0,139,8,22,4.27972,1,0,141,22,20,0.00239458,1,0,4,3,18,-0.0538509,1,0,85,3,19,-2.04666,1,0,169,8,23,0.278378,1,0,127,23,16,5.95571,1,0,30,2,16,-0.42539,1,0,33,4,16,0.341861,0,0,74,14,20,13.1385,1,0,200,4,24,2.15277,1,0,190,24,16,-1.62995,1,0,
0
4331
0,0,1,0,1,0,6,6,2,0,6,6,3,0,0,0,4,0,0,0,5,0,0,0,6,0,1,1,7,0,1,1,8,0,6,6,9,0,6,6,10,0,0,0,11,0,0,0,12,0,0,0,13,0,1,1,14,0,1,1,15,3,86.5031,1,16,3,-68.5271,0,17,3,-13.0934,5.52884e-24,18,1,-0.93641,0.0212501,19,1,-18.9829,1.91139e-34,20,2,90.2888,1,21,1,-12.5009,6.23874e-23,22,1,-24.8092,8.40779e-45,23,1,-1.68473,0.00101633,24,1,0,0.5,
1,0,20,2.83272e-05,1,0,3,1,20,13.3861,1,0,68,2,18,-0.319101,1,0,45,3,20,0.0187683,1,0,69,4,18,-0.00171598,1,0,7,5,20,11.0712,1,0,12,8,18,0.040035,1,0,47,8,19,0.0965863,1,0,13,8,20,-13.0566,0,0,48,10,18,1.90988e-05,1,0,21,13,18,0.737989,1,0,50,13,19,-19.5624,1,0,26,19,16,9.83866,1,0,75,20,16,-0.0233454,1,0,28,1,16,0.00321077,1,0,88,3,15,2.55221,1,0,92,3,17,-0.000502771,1,0,76,4,15,-11.0162,1,0,34,4,17,0.00373422,1,0,77,5,17,-3.23306,1,0,59,6,15,0.0463838,1,0,60,6,17,-6.40176,1,0,61,7,15,12.5971,1,0,36,8,16,0.985472,0,0,93,8,17,1.08591,0,0,37,9,15,12.31,1,0,64,11,15,-6.39921e-06,1,0,39,11,17,-0.369383,1,0,81,12,15,0.00190953,1,0,40,12,17,0.0610553,1,0,83,13,16,-12.8551,1,0,41,13,17,-6.69166,1,0,42,14,15,-0.00033981,1,0,107,8,21,-2.08348,1,0,102,21,17,5.43224,1,0,139,8,22,-4.13487,1,0,141,22,20,0.00201668,1,0,4,3,18,0.00153224,1,0,85,3,19,2.21145,1,0,169,8,23,-0.280788,1,0,127,23,16,-6.0342,1,0,30,2,16,-8.6088,1,0,33,4,16,1.81604,0,0,74,14,20,9.97198,1,0,200,4,24,2.90011,1,0,190,24,16,-8.018,1,0,
0.1
4331
0,0,1,0,1,0,7,7,2,0,7,7,3,0,0,0,4,0,0,0,5,0,0,0,6,0,0,0,7,0,0,0,8,0,7,7,9,0,7,7,10,0,0,0,11,0,0,0,12,0,0,0,13,0,0,0,14,0,0,0,15,3,-0.00582843,0.494041,16,3,-38.5047,0,17,3,7.46187e-33,0.5,18,1,-2.16003,0.000145598,19,1,1.31201,0.99535,20,2,-38.7915,0,21,1,-18.5366,1.18603e-33,22,1,13.2388,1,23,1,-2.15399,0.00014924,
1,0,20,4.3031e-06,1,0,3,1,20,-5.54204,1,0,68,2,18,-0.251455,1,0,45,3,20,0.0100481,1,0,69,4,18,0.0006292,1,0,7,5,20,-6.76735,1,0,12,8,18,-0.0571208,1,0,47,8,19,0.18743,1,0,13,8,20,0.328021,0,0,48,10,18,-1.36318e-05,1,0,21,13,18,0.521203,1,0,50,13,19,-0.0626813,1,0,26,19,16,-14.1675,1,0,75,20,16,-0.0078608,1,0,28,1,16,0.00578763,1,0,88,3,15,-6.81822,1,0,92,3,17,0.000529384,1,0,76,4,15,3.96628,1,0,34,4,17,0.00116984,1,0,77,5,17,8.7975,1,0,59,6,15,10.9375,1,0,60,6,17,-1.96492,1,0,61,7,15,19.9525,1,0,36,8,16,-0.127051,0,0,93,8,17,-0.548664,0,0,37,9,15,-0.000832633,1,0,64,11,15,7.56466e-06,1,0,39,11,17,-0.223309,1,0,81,12,15,-0.000124935,1,0,40,12,17,0.0443642,1,0,83,13,16,11.9485,1,0,41,13,17,0.683662,1,0,42,14,15,-0.00288888,1,0,107,8,21,-2.64809,1,0,102,21,17,6.29145,1,0,139,8,22,1.89126,1,0,141,22,20,0.00274538,1,0,4,3,18,0.0967765,1,0,85,3,19,-7.43521,1,0,169,8,23,-0.307712,1,0,127,23,16,-4.24283,1,0,30,2,16,-3.49185,1,0,33,4,16,1.31976,1,0,74,14,20,-8.18883,1,0,
0.1
4331
0,0,1,0,1,0,1,1,2,0,1,1,3,0,0,0,4,0,0,0,5,0,0,0,6,0,6,6,7,0,6,6,8,0,1,1,9,0,1,1,10,0,0,0,11,0,0,0,12,0,0,0,13,0,6,6,14,0,6,6,15,3,69.6762,1,16,3,-31.0478,0,17,3,-70.7489,0,18,1,3.47517,0.999999,19,1,0.748166,0.955212,20,2,-36.2516,0,21,1,-0.165698,0.336773,22,1,2.81229,0.99999,23,1,-0.695723,0.0549141,24,1,0,0.5,
1,0,20,-6.27947e-06,1,0,3,1,20,11.4122,1,0,68,2,18,0.0670501,1,0,45,3,20,-0.0102432,1,0,69,4,18,0.0011699,1,0,7,5,20,-0.612121,1,0,12,8,18,0.0499263,1,0,47,8,19,0.189095,1,0,13,8,20,-12.5656,0,0,48,10,18,-7.41178e-07,1,0,21,13,18,0.559698,1,0,50,13,19,0.0931785,1,0,26,19,16,-14.226,1,0,75,20,16,0.01391,1,0,28,1,16,0.00719624,1,0,88,3,15,5.09575,1,0,92,3,17,0.000382646,1,0,76,4,15,-1.05258,1,0,34,4,17,0.00054272,1,0,77,5,17,6.76723,1,0,59,6,15,-0.0965792,1,0,60,6,17,-8.46202,1,0,61,7,15,11.7014,1,0,36,8,16,0.46782,0,0,93,8,17,-11.9709,0,0,37,9,15,0.033675,1,0,64,11,15,4.22055e-06,1,0,39,11,17,12.0032,1,0,81,12,15,-0.00146332,1,0,40,12,17,-2.25122,1,0,83,13,16,-3.45121,1,0,41,13,17,-3.47558,1,0,42,14,15,0.0023084,1,0,107,8,21,-0.165698,1,0,102,21,17,2.60335,1,0,139,8,22,2.81229,1,0,141,22,20,0.000101959,1,0,4,3,18,-0.157185,1,0,85,3,19,-1.82385,1,0,169,8,23,-0.695723,1,0,127,23,16,15.8117,1,0,30,2,16,3.14408,1,0,33,4,16,-1.42742,0,0,74,14,20,-7.944,1,0,200,4,24,-0.105461,1,0,190,24,16,-1.54245,1,0,
0.7
4331
0,0,1,0,1,0,4,4,2,0,4,4,3,0,0,0,4,0,0,0,5,0,0,0,6,0,3,3,7,0,3,3,8,0,4,4,9,0,4,4,10,0,0,0,11,0,0,0,12,0,0,0,13,0,3,3,14,0,3,3,15,3,45.0983,1,16,3,55.0899,1,17,3,17.8359,1,18,1,3.28281,0.999999,19,1,-0.138124,0.362408,20,2,-8.04885,5.048e-15,21,1,2.49995,0.999964,22,1,6.35313,1,23,1,4.32096,1,24,1,0,0.5,
1,0,20,-2.00687e-05,1,0,3,1,20,-5.72228,1,0,68,2,18,-0.236138,1,0,45,3,20,0.0220174,1,0,69,4,18,18.0472,1,0,7,5,20,8.59559,1,0,12,8,18,-0.022041,1,0,47,8,19,-0.0301559,1,0,13,8,20,-4.91152,0,0,48,10,18,12.8132,1,0,21,13,18,1.43851,1,0,50,13,19,-0.00583354,1,0,26,19,16,-9.20446,1,0,75,20,16,-0.0229625,1,0,28,1,16,-0.00634735,1,0,88,3,15,-13.3302,1,0,92,3,17,0.000138684,1,0,76,4,15,11.2961,1,0,34,4,17,-0.00314292,1,0,77,5,17,1.60229,1,0,59,6,15,12.7058,1,0,60,6,17,3.75077,1,0,61,7,15,2.35107,1,0,36,8,16,-0.436899,0,0,93,8,17,-11.8481,0,0,37,9,15,-0.0184449,1,0,64,11,15,-9.64645e-07,1,0,39,11,17,-0.157668,1,0,81,12,15,0.00191144,1,0,40,12,17,0.0688412,1,0,83,13,16,6.53666,1,0,41,13,17,1.88589,1,0,42,14,15,0.000521358,1,0,107,8,21,0.624988,1,0,102,21,17,0.925975,1,0,139,8,22,1.58828,1,0,141,22,20,-0.00049557,1,0,4,3,18,-0.0208302,1,0,85,3,19,-3.49396,1,0,169,8,23,1.08024,1,0,127,23,16,22.9845,1,0,30,2,16,2.29085,1,0,33,4,16,2.02583,0,0,74,14,20,4.94692,1,0,200,4,24,2.93535,1,0,190,24,16,13.3862,1,0,
0.3
4331
0,0,1,0,1,0,2,2,2,0,2,2,3,0,0,0,4,0,0,0,5,0,0,0,6,0,5,5,7,0,5,5,8,0,2,2,9,0,2,2,10,0,0,0,11,0,0,0,12,0,0,0,13,0,5,5,14,0,5,5,15,3,37.1649,1,16,3,-23.404,2.68068e-42,17,3,-53.2892,0,18,1,11.6024,1,19,1,-0.605777,0.0774415,20,2,-36.7015,0,21,1,2.43473,0.999953,22,1,-23.681,8.632e-43,23,1,-1.56929,0.00162861,24,1,0,0.5,
1,0,20,-2.48906e-05,1,0,3,1,20,-5.18069,1,0,68,2,18,0.149277,1,0,45,3,20,-0.0195168,1,0,69,4,18,0.00153331,1,0,7,5,20,-11.1098,1,0,12,8,18,0.00745691,1,0,47,8,19,-0.0623622,1,0,13,8,20,-11.208,0,0,48,10,18,-1.97013e-05,1,0,21,13,18,2.25778,1,0,50,13,19,-0.0962105,1,0,26,19,16,-7.73477,1,0,75,20,16,0.0105726,1,0,28,1,16,-0.00439732,1,0,88,3,15,2.63408,1,0,92,3,17,0.000199618,1,0,76,4,15,6.19722,1,0,34,4,17,0.00199547,1,0,77,5,17,-0.950855,1,0,59,6,15,-0.0587249,1,0,60,6,17,-4.87492,1,0,61,7,15,7.49723,1,0,36,8,16,-0.0783458,0,0,93,8,17,0.477603,0,0,37,9,15,-0.0178543,1,0,64,11,15,6.20311e-06,1,0,39,11,17,-0.0374754,1,0,81,12,15,0.000108112,1,0,40,12,17,0.0392659,1,0,83,13,16,-4.00602,1,0,41,13,17,-2.16098,1,0,42,14,15,0.00162285,1,0,107,8,21,1.21736,1,0,102,21,17,-18.1105,1,0,139,8,22,-11.8405,1,0,141,22,20,0.000830195,1,0,4,3,18,-0.12516,1,0,85,3,19,-4.60904,1,0,169,8,23,-0.784645,1,0,127,23,16,15.9984,1,0,30,2,16,-4.99109,1,0,33,4,16,1.97343,0,0,74,14,20,-5.26803,1,0,200,4,24,-0.769257,1,0,190,24,16,14.3801,1,0,
0.7
4331
0,0,1,0,1,0,5,5,2,0,5,5,3,0,0,0,4,0,0,0,5,0,0,0,6,0,2,2,7,0,2,2,8,0,5,5,9,0,5,5,10,0,0,0,11,0,0,0,12,0,0,0,13,0,2,2,14,0,2,2,15,3,-37.2401,0,16,3,-6.7661,9.58556e-13,17,3,-4.36304,1.77863e-08,18,1,19.6689,1,19,1,-0.0260106,0.473429,20,2,-61.8312,0,21,1,5.26607,1,22,1,-7.44259,6.02542e-14,23,1,0.997779,0.983389,24,1,0,0.5,
1,0,20,-3.13903e-06,1,0,3,1,20,-7.86104,1,0,68,2,18,-0.351403,1,0,45,3,20,-0.00501128,1,0,69,4,18,-0.00266485,1,0,7,5,20,-9.15657,1,0,12,8,18,0.0238731,1,0,47,8,19,-0.0124566,1,0,13,8,20,6.54164,0,0,48,10,18,2.58171e-05,1,0,21,13,18,10.6533,1,0,50,13,19,0.0181361,1,0,26,19,16,-3.32351,1,0,75,20,16,0.0120956,1,0,28,1,16,-0.0063635,1,0,88,3,15,4.82873,1,0,92,3,17,0.000268015,1,0,76,4,15,9.22442,1,0,34,4,17,0.00230839,1,0,77,5,17,-0.239099,1,0,59,6,15,0.0383649,1,0,60,6,17,-0.565235,1,0,61,7,15,-18.6201,1,0,36,8,16,0.825704,0,0,93,8,17,0.00844736,0,0,37,9,15,-0.0142852,1,0,64,11,15,6.20504e-06,1,0,39,11,17,0.169022,1,0,81,12,15,0.000819851,1,0,40,12,17,-6.95235,1,0,83,13,16,-11.8195,1,0,41,13,17,0.99681,1,0,42,14,15,-0.00259284,1,0,107,8,21,1.05321,1,0,102,21,17,-5.22619,1,0,139,8,22,-1.48852,1,0,141,22,20,0.00151916,1,0,4,3,18,-0.121835,1,0,85,3,19,-5.02022,1,0,169,8,23,0.199556,1,0,127,23,16,14.8229,1,0,30,2,16,2.44194,1,0,33,4,16,-0.280115,0,0,74,14,20,-11.263,1,0,200,4,24,1.08761,1,0,190,24,16,-16.6166,1,0,
0.4
4331
0,0,1,0,1,0,7,7,2,0,7,7,3,0,0,0,4,0,0,0,5,0,0,0,6,0,0,0,7,0,0,0,8,0,7,7,9,0,7,7,10,0,0,0,11,0,0,0,12,0,0,0,13,0,0,0,14,0,0,0,15,3,0.0240185,0.524539,16,3,-34.0603,0,17,3,7.97424e-07,0.500001,18,1,0.206971,0.699835,19,1,0.65193,0.935014,20,2,74.7795,1,21,1,-3.78969,1.85572e-07,22,1,18.3942,1,23,1,-7.73024,1.85805e-14,24,1,0,0.5,
1,0,20,3.93821e-05,1,0,3,1,20,10.6831,1,0,68,2,18,-0.0343548,1,0,45,3,20,0.0186642,1,0,69,4,18,0.00196221,1,0,7,5,20,13.1622,1,0,12,8,18,0.0639221,1,0,47,8,19,0.0931328,1,0,13,8,20,-1.30899,0,0,48,10,18,-2.67087e-05,1,0,21,13,18,-2.41462,1,0,50,13,19,0.014031,1,0,26,19,16,-0.417788,1,0,75,20,16,-0.0222801,1,0,28,1,16,0.00639326,1,0,88,3,15,1.41893,1,0,92,3,17,0.000507355,1,0,76,4,15,11.3656,1,0,34,4,17,-0.000503918,1,0,77,5,17,6.77263,1,0,59,6,15,0.064079,1,0,60,6,17,15.001,1,0,61,7,15,-11.5967,1,0,36,8,16,-0.401687,0,0,93,8,17,1.0245,0,0,37,9,15,0.00343121,1,0,64,11,15,-1.50869e-06,1,0,39,11,17,-0.384744,1,0,81,12,15,-0.00213603,1,0,40,12,17,0.0178226,1,0,83,13,16,13.4375,1,0,41,13,17,-1.37281,1,0,42,14,15,3.96873,1,0,107,8,21,-0.541384,1,0,102,21,17,4.2971,1,0,139,8,22,2.62774,1,0,141,22,20,-0.00204931,1,0,4,3,18,0.14615,1,0,85,3,19,6.03711,1,0,169,8,23,-1.10432,1,0,127,23,16,2.09005,1,0,30,2,16,-4.52334,1,0,33,4,16,0.394426,0,0,74,14,20,14.0241,1,0,200,4,24,2.089,1,0,190,24,16,-4.05753,1,0,
0.1
4359
0,0,1,0,1,0,7,7,2,0,7,7,3,0,0,0,4,0,0,0,5,0,0,0,6,0,0,0,7,0,0,0,8,0,7,7,9,0,7,7,10,0,0,0,11,0,0,0,12,0,0,0,13,0,0,0,14,0,0,0,15,3,-0.0468345,0.452258,16,3,-2.6568,1.90904e-05,17,3,-1.87151e-25,0.5,18,1,1.65961,0.998874,19,1,-0.949256,0.0201844,20,2,-85.4767,0,21,1,-14.3108,3.80451e-26,22,1,77.1386,1,23,1,8.0068,1,
1,0,20,3.37187e-05,1,0,3,1,20,-12.211,1,0,68,2,18,0.262445,1,0,45,3,20,-0.0147049,1,0,69,4,18,-0.000779066,1,0,7,5,20,-9.11838,1,0,12,8,18,-0.0253579,1,0,47,8,19,-0.135608,1,0,13,8,20,-10.8061,0,0,48,10,18,-2.41397e-05,1,0,21,13,18,-2.27648,1,0,50,13,19,-0.021659,1,0,26,19,16,5.62762,1,0,75,20,16,-16.1714,1,0,28,1,16,-0.00153283,1,0,88,3,15,15.9982,1,0,92,3,17,0.000228826,1,0,76,4,15,14.5506,1,0,34,4,17,0.00229779,1,0,77,5,17,-7.54874,1,0,59,6,15,-0.0864651,1,0,60,6,17,3.55895,1,0,61,7,15,-19.7114,1,0,36,8,16,0.763863,0,0,93,8,17,0.0332027,0,0,37,9,15,-0.00669064,1,0,64,11,15,3.20935e-06,1,0,39,11,17,-0.374524,1,0,81,12,15,-18.5785,1,0,40,12,17,0.0301682,1,0,83,13,16,6.97442,1,0,41,13,17,2.79647,1,0,42,14,15,8.36143,1,0,107,8,21,-2.04439,1,0,102,21,17,-4.9192,1,0,139,8,22,11.0198,1,0,141,22,20,0.000503421,1,0,4,3,18,0.137933,1,0,85,3,19,-0.260622,1,0,169,8,23,1.14383,1,0,127,23,16,-11.1045,1,0,30,2,16,1.19211,1,0,33,4,16,0.0317077,1,0,74,14,20,18.3113,1,0,
0.4
4331
0,0,1,0,1,0,7,7,2,0,7,7,3,0,0,0,4,0,0,0,5,0,0,0,6,0,0,0,7,0,0,0,8,0,3,3,9,0,7,7,10,0,0,0,11,0,0,0,12,0,0,0,13,0,0,0,14,0,0,0,15,3,0.00577432,0.505904,16,3,-30.4156,0,17,3,-1.90182,0.000418495,18,1,-122.196,0,19,1,-0.584881,0.0837721,20,2,10.2958,1,21,1,7.55782,1,22,1,-14.1276,8.04866e-26,23,1,0.769318,0.958771,
1,0,20,4.51194e-05,1,0,3,1,20,1.47083,1,0,68,2,18,-17.4889,1,0,45,3,20,-0.0207367,1,0,69,4,18,0.000461359,1,0,7,5,20,-0.434612,1,0,12,8,18,0.0754108,1,0,47,8,19,-0.19496,1,0,13,8,20,-7.60716,0,0,48,10,18,6.05784e-06,1,0,21,13,18,2.0932,1,0,50,13,19,0.0772654,1,0,26,19,16,2.93535,1,0,75,20,16,-0.0193782,1,0,28,1,16,-0.000628191,1,0,88,3,15,14.0769,1,0,92,3,17,0.000336368,1,0,76,4,15,1.13298,1,0,34,4,17,-0.00282099,1,0,77,5,17,1.32827,1,0,59,6,15,0.111508,1,0,60,6,17,2.76608,1,0,61,7,15,16.2077,1,0,36,8,16,-0.546466,0,0,93,8,17,0.34898,0,0,37,9,15,0.000824903,1,0,64,11,15,2.54509e-06,1,0,39,11,17,-0.317249,1,0,81,12,15,2.99928,1,0,40,12,17,-0.0803072,1,0,83,13,16,4.71585,1,0,41,13,17,-1.97327,1,0,42,14,15,-0.000932366,1,0,107,8,21,2.51927,1,0,102,21,17,-1.90182,1,0,139,8,22,-4.70919,1,0,141,22,20,0.000262434,1,0,4,3,18,0.0331256,1,0,85,3,19,-2.07382,1,0,169,8,23,0.256439,1,0,127,23,16,6.93946,1,0,30,2,16,-5.3273,1,0,33,4,16,-1.1193,1,0,74,14,20,-3.26456,1,0,
0.7
4331
0,0,1,0,1,0,3,3,2,0,3,3,3,0,0,0,4,0,0,0,5,0,0,0,6,0,4,4,7,0,4,4,8,0,3,3,9,0,3,3,10,0,0,0,11,0,0,0,12,0,0,0,13,0,4,4,14,0,4,4,15,3,-63.7399,0,16,3,-38.2861,0,17,3,-3.76825,2.02578e-07,18,1,3.03628,0.999996,19,1,-0.148564,0.352601,20,2,-65.1311,0,21,1,-4.78611,3.15214e-09,22,1,-24.9674,4.2039e-45,23,1,-6.35605,5.12822e-12,24,1,0,0.5,
1,0,20,-1.3114e-05,1,0,3,1,20,-12.1893,1,0,68,2,18,0.245893,1,0,45,3,20,-0.0199368,1,0,69,4,18,-0.00155171,1,0,7,5,20,5.96231,1,0,12,8,18,0.0491169,1,0,47,8,19,-0.203304,1,0,13,8,20,-13.8836,0,0,48,10,18,-2.29219e-05,1,0,21,13,18,0.537813,1,0,50,13,19,0.115337,1,0,26,19,16,3.88393,1,0,75,20,16,0.00899209,1,0,28,1,16,-0.00585865,1,0,88,3,15,-15.8125,1,0,92,3,17,-0.000175876,1,0,76,4,15,-6.2211,1,0,34,4,17,-0.00291907,1,0,77,5,17,-2.77429,1,0,59,6,15,0.00962308,1,0,60,6,17,-3.38417,1,0,61,7,15,-15.9505,1,0,36,8,16,0.543865,0,0,93,8,17,0.646662,0,0,37,9,15,0.00420797,1,0,64,11,15,-4.68247e-06,1,0,39,11,17,0.230539,1,0,81,12,15,0.00154664,1,0,40,12,17,-0.0488607,1,0,83,13,16,-15.4284,1,0,41,13,17,2.44211,1,0,42,14,15,0.00272338,1,0,107,8,21,-1.59537,1,0,102,21,17,-2.55659,1,0,139,8,22,-8.32246,1,0,141,22,20,-0.00222615,1,0,4,3,18,-0.0377055,1,0,85,3,19,-4.12426,1,0,169,8,23,-2.11868,1,0,127,23,16,1.43461,1,0,30,2,16,8.72497,1,0,33,4,16,-1.06664,0,0,74,14,20,-7.14079,1,0,200,4,24,-2.1089,1,0,190,24,16,-8.1987,1,0,
0
4331
0,0,1,0,1,0,0,0,2,0,0,0,3,0,0,0,4,0,3,3,5,0,3,3,6,0,7,7,7,0,4,4,8,0,0,0,9,0,0,0,10,0,0,0,11,0,3,3,12,0,3,3,13,0,7,7,14,0,4,4,15,3,-32.3775,0,16,3,49.4528,1,17,3,-16.2439,1.4013e-29,18,1,9.62205,1,19,1,-22.1576,4.3871e-40,20,2,-95.1639,0,21,1,0,0.5,22,1,0,0.5,23,1,0,0.5,24,1,1.99688,0.999716,
1,0,20,13.5636,1,0,3,1,20,-8.19807,1,0,68,2,18,-8.9341,1,0,45,3,20,-9.84089,1,0,69,4,18,-0.00229305,1,0,7,5,20,-6.22432,1,0,12,8,18,0.00129275,1,0,47,8,19,-0.158315,1,0,13,8,20,5.2434,0,0,48,10,18,6.68594e-06,1,0,21,13,18,1.37556,1,0,50,13,19,-3.16538,1,0,26,19,16,-13.1789,1,0,75,20,16,0.0124356,1,0,28,1,16,-0.00333639,1,0,88,3,15,-6.14226,1,0,92,3,17,0.000520294,1,0,76,4,15,1.9522,1,0,34,4,17,0.000367001,1,0,77,5,17,-3.50202,1,0,59,6,15,-0.0140883,1,0,60,6,17,-6.47678,1,0,61,7,15,-9.53282,1,0,36,8,16,0.338534,0,0,93,8,17,0.360204,0,0,37,9,15,9.51274,1,0,64,11,15,-6.28588e-06,1,0,39,11,17,0.158156,1,0,81,12,15,0.00175139,1,0,40,12,17,5.07987,1,0,83,13,16,4.71989,1,0,41,13,17,3.61105,1,0,42,14,15,-0.00235307,1,0,107,8,21,-0.568489,1,0,102,21,17,-2.78575,1,0,139,8,22,8.20376,1,0,141,22,20,-0.00103079,1,0,4,3,18,-0.0639241,1,0,85,3,19,4.07484,1,0,169,8,23,-0.192208,1,0,127,23,16,20.6453,1,0,30,2,16,4.65668,1,0,33,4,16,-1.28197,0,0,74,14,20,-19.1226,1,0,200,4,24,0.665627,1,0,190,24,16,6.09266,1,0,
0
4331
0,0,1,0,1,0,3,3,2,0,3,3,3,0,3,3,4,0,4,4,5,0,4,4,6,0,4,4,7,0,3,3,8,0,3,3,9,0,3,3,10,0,3,3,11,0,4,4,12,0,4,4,13,0,4,4,14,0,3,3,15,3,27.3981,1,16,3,-11.0803,2.0821e-20,17,3,33.7154,1,18,1,9.79957,1,19,1,0.535403,0.89933,20,2,15.7885,1,21,1,-8.31601,1.69265e-15,22,1,-11.9968,4.90354e-22,23,1,1.28539,0.994817,24,1,0.0469057,0.547815,
1,0,20,-2.38422e-05,1,0,3,1,20,-5.36724,1,0,68,2,18,0.306395,1,0,45,3,20,-0.0250044,1,0,69,4,18,-0.000756847,1,0,7,5,20,-2.84801,1,0,12,8,18,-0.054576,1,0,47,8,19,-0.143637,1,0,13,8,20,1.11376,0,0,48,10,18,5.41033e-06,1,0,21,13,18,2.20394,1,0,50,13,19,-0.00181317,1,0,26,19,16,9.2238,1,0,75,20,16,-0.0208819,1,0,28,1,16,0.00907975,1,0,88,3,15,13.2958,1,0,92,3,17,0.000348635,1,0,76,4,15,10.9159,1,0,34,4,17,0.0021471,1,0,77,5,17,6.42823,1,0,59,6,15,-0.0813994,1,0,60,6,17,8.82204,1,0,61,7,15,-4.20257,1,0,36,8,16,0.768883,0,0,93,8,17,-0.260536,0,0,37,9,15,-0.0118257,1,0,64,11,15,7.70665e-06,1,0,39,11,17,-0.374807,1,0,81,12,15,0.00216093,1,0,40,12,17,-0.0470762,1,0,83,13,16,-9.28137,1,0,41,13,17,-6.40194,1,0,42,14,15,-14.3976,1,0,107,8,21,-2.772,1,0,102,21,17,-5.70494,1,0,139,8,22,-3.99893,1,0,141,22,20,0.00246161,1,0,4,3,18,0.0771181,1,0,85,3,19,0.324523,1,0,169,8,23,0.428464,1,0,127,23,16,5.90852,1,0,30,2,16,2.57029,1,0,33,4,16,-0.530716,0,0,74,14,20,14.4524,1,0,200,4,24,0.0117264,1,0,190,24,16,7.58439,1,0,
0.1
4331
0,0,1,0,1,0,1,1,2,0,1,1,3,0,0,0,4,0,0,0,5,0,0,0,6,0,6,6,7,0,6,6,8,0,1,1,9,0,1,1,10,0,0,0,11,0,0,0,12,0,0,0,13,0,6,6,14,0,6,6,15,3,14.4737,1,16,3,39.9936,1,17,3,11.235,1,18,1,-7.52714,4.26388e-14,19,1,0.194623,0.68912,20,2,-8.93285,1.35796e-16,21,1,2.27327,0.999908,22,1,-79.5047,0,23,1,-19.7955,6.88516e-36,24,2,5.16884e-35,0.5,
1,0,20,-5.10763e-06,1,0,3,1,20,-8.93285,1,0,68,2,18,0.0694705,1,0,45,3,20,12.476,1,0,69,4,18,0.00187238,1,0,7,5,20,-7.99781,1,0,12,8,18,0.0191192,1,0,47,8,19,0.192035,1,0,13,8,20,-19.608,0,0,48,10,18,1.39647e-05,1,0,21,13,18,-1.26929,1,0,50,13,19,0.000431292,1,0,26,19,16,1.64446,1,0,75,20,16,-0.00224763,1,0,28,1,16,0.0108067,1,0,88,3,15,14.3031,1,0,92,3,17,0.000242296,1,0,76,4,15,-10.666,1,0,34,4,17,-0.00381846,1,0,77,5,17,5.81891,1,0,59,6,15,-0.110202,1,0,60,6,17,5.12243,1,0,61,7,15,2.5273,1,0,36,8,16,-0.569438,0,0,93,8,17,0.169515,0,0,37,9,15,-0.0397158,1,0,64,11,15,1.34419e-06,1,0,39,11,17,0.0264021,1,0,81,12,15,-14.4417,1,0,40,12,17,-9.75261,1,0,83,13,16,9.06857,1,0,41,13,17,-2.99324,1,0,42,14,15,0.00180271,1,0,107,8,21,2.27327,1,0,102,21,17,-1.54029,1,0,139,8,22,-1.9422,1,0,141,22,20,0.000262251,1,0,4,3,18,-0.097313,1,0,85,3,19,-6.76963,1,0,169,8,23,0.48184,1,0,127,23,16,-16.2941,0,0,30,2,16,-9.63261,1,0,178,7,23,-3.37956,1,0,134,6,22,-12.9271,1,0,208,23,24,7.50722,1,0,190,24,16,-11.8584,1,0,
2531.7
4359
0,0,1,0,1,0,0,0,2,0,0,0,3,0,0,0,4,0,0,0,5,0,0,0,6,0,2,2,7,0,2,2,8,0,0,0,9,0,0,0,10,0,0,0,11,0,0,0,12,0,0,0,13,0,2,2,14,0,2,2,15,3,-36.8515,0,16,3,-30.2546,0,17,3,-0.52541,0.104431,18,1,4.30807,1,19,1,-0.250082,0.264475,20,2,32.3699,1,21,1,0,0.5,22,1,0,0.5,23,1,0,0.5,24,1,0,0.5,
1,0,20,-3.79713e-05,1,0,3,1,20,-10.5415,1,0,68,2,18,-0.30758,1,0,45,3,20,-0.0226177,1,0,69,4,18,-0.0022633,1,0,7,5,20,-9.34729,1,0,12,8,18,0.0651064,1,0,47,8,19,0.17056,1,0,13,8,20,-16.995,0,0,48,10,18,-3.12513e-05,1,0,21,13,18,2.15403,1,0,50,13,19,-0.125041,1,0,26,19,16,-14.1399,1,0,75,20,16,-0.0263785,1,0,28,1,16,-0.00912587,1,0,88,3,15,-13.9884,1,0,92,3,17,0.00045114,1,0,76,4,15,9.60987,1,0,34,4,17,0.00320884,1,0,77,5,17,-9.8168,1,0,59,6,15,-0.0929267,1,0,60,6,17,7.41415,1,0,61,7,15,-18.3297,1,0,36,8,16,1.31653,0,0,93,8,17,-1.05128,0,0,37,9,15,0.0367569,1,0,64,11,15,6.4471e-06,1,0,39,11,17,0.331535,1,0,81,12,15,-0.00184791,1,0,40,12,17,0.0700508,1,0,83,13,16,-14.4802,1,0,41,13,17,-5.99089,1,0,42,14,15,-0.00309338,1,0,107,8,21,-2.32444,1,0,102,21,17,-6.74386,1,0,139,8,22,10.2218,1,0,141,22,20,-0.00243145,1,0,4,3,18,0.137811,1,0,85,3,19,-6.0567,1,0,169,8,23,-1.12091,1,0,127,23,16,19.9185,1,0,30,2,16,9.69031,1,0,33,4,16,-2.81101,0,0,74,14,20,16.1856,1,0,200,4,24,-2.81101,1,0,190,24,16,-14.9749,1,0,
0
4331
0,0,1,0,1,0,0,0,2,0,0,0,3,0,0,0,4,0,0,0,5,0,0,0,6,0,7,7,7,0,7,7,8,0,0,0,9,0,0,0,10,0,0,0,11,0,0,0,12,0,0,0,13,0,7,7,14,0,7,7,15,3,-21.4006,9.70268e-39,16,3,133.113,1,17,3,18.7385,1,18,1,-5.46904,1.92996e-10,19,1,0.412839,0.844028,20,2,-97.2435,0,21,1,0,0.5,22,1,0,0.5,23,1,0,0.5,24,1,0,0.5,
1,0,20,-3.54777e-05,1,0,3,1,20,4.36171,1,0,68,2,18,-0.252389,1,0,45,3,20,-0.00102279,1,0,69,4,18,7.21066,1,0,7,5,20,-1.64299,1,0,12,8,18,15.3232,1,0,47,8,19,-0.0524621,1,0,13,8,20,0.880505,0,0,48,10,18,-6.59205e-06,1,0,21,13,18,-0.781291,1,0,50,13,19,0.058977,1,0,26,19,16,10.1026,1,0,75,20,16,0.00227091,1,0,28,1,16,-7.91249,1,0,88,3,15,14.3037,1,0,92,3,17,-0.00013623,1,0,76,4,15,0.0375489,1,0,34,4,17,-0.00243207,1,0,77,5,17,-9.44957,1,0,59,6,15,-0.00112048,1,0,60,6,17,6.50581,1,0,61,7,15,-3.05247,1,0,36,8,16,-0.45184,0,0,93,8,17,1.13334,0,0,37,9,15,-0.0167037,1,0,64,11,15,-4.32535e-06,1,0,39,11,17,-0.056005,1,0,81,12,15,0.00093859,1,0,40,12,17,0.00245998,1,0,83,13,16,16.844,1,0,41,13,17,-4.0553,1,0,42,14,15,-0.00363865,1,0,107,8,21,-0.588973,1,0,102,21,17,3.16997,1,0,139,8,22,-11.315,1,0,141,22,20,-0.00120407,1,0,4,3,18,-0.100126,1,0,85,3,19,5.20612,1,0,169,8,23,0.474752,1,0,127,23,16,-0.0402021,1,0,30,2,16,1.10204,1,0,33,4,16,1.69806,0,0,74,14,20,-13.8918,1,0,200,4,24,-2.50119,1,0,190,24,16,13.3976,1,0,
0.3
4363
0,0,1,0,1,0,5,5,2,0,5,5,3,0,0,0,4,0,0,0,5,0,0,0,6,0,2,2,7,0,2,2,8,0,1,1,9,0,5,5,10,0,0,0,11,0,0,0,12,0,0,0,13,0,2,2,14,0,2,2,15,2,-67.7554,0,16,2,-69.911,0,17,2,-216.129,0,18,1,73.1116,1,19,1,-89.0551,0,20,1,109.91,1,
67,0,19,-6.85348,1,0,1,0,20,-19.9959,1,0,2,1,18,-0.735434,1,0,68,2,18,19.3351,1,0,97,2,20,2.88923,1,0,6,4,20,5.73431,1,0,70,5,18,14.3426,1,0,7,5,20,-0.487526,1,0,46,6,19,-11.7417,1,0,10,7,19,11.9507,1,0,13,8,20,16.6944,1,0,15,9,19,-17.8946,1,0,16,9,20,15.7539,1,0,48,10,18,18.3085,1,0,17,10,19,13.8052,1,0,90,11,18,-4.51072,1,0,18,11,19,14.0391,1,0,49,12,18,-9.43025,1,0,21,13,18,-9.9434,1,0,24,18,16,-0.251204,1,0,91,19,15,15.8329,1,0,52,19,17,-8.74784,1,0,75,20,16,-10.4394,1,0,87,0,15,-18.0803,1,0,54,0,16,5.21294,1,0,55,0,17,18.4287,1,0,56,1,15,-10.2625,1,0,28,1,16,-17.7966,1,0,30,2,16,-0.818821,1,0,31,2,17,-19.2674,1,0,88,3,15,-19.4663,1,0,33,4,16,10.1949,1,0,78,6,16,16.9282,1,0,60,6,17,5.21993,1,0,62,7,17,-12.4949,1,0,94,9,17,-18.0464,1,0,63,10,17,13.6978,1,0,38,11,16,-5.53452,1,0,40,12,17,-8.37492,1,0,82,13,15,-8.22143,1,0,66,14,17,-7.50521,1,0,
0.2
4364
0,0,1,0,1,0,7,7,2,0,7,7,3,0,0,0,4,0,0,0,5,0,0,0,6,0,0,0,7,0,0,0,8,0,7,7,9,0,7,7,10,0,0,0,11,0,0,0,12,0,0,0,13,0,0,0,14,0,0,0,15,2,37.8133,1,16,2,52.7583,1,17,2,-16.1082,2.44138e-29,18,1,-27.5728,0,19,1,-100.172,0,20,1,17.763,1,
2,1,18,-3.93897,1,0,44,1,19,-0.290594,1,0,4,3,18,2.86271,1,0,45,3,20,2.49075,1,0,69,4,18,1.82087,1,0,6,4,20,17.2774,1,0,70,5,18,-13.3919,1,0,46,6,19,-6.30403,1,0,9,7,18,0.704263,1,0,10,7,19,7.24013,1,0,11,7,20,0.341697,1,0,47,8,19,-14.0197,1,0,16,9,20,2.53757,1,0,17,10,19,-0.306497,1,0,71,10,20,-0.301943,1,0,18,11,19,2.098,1,0,49,12,18,6.59708,1,0,20,12,19,-1.73965,1,0,22,13,20,12.5493,1,0,73,14,18,-1.50471,1,0,74,14,20,-8.79483,1,0,91,19,15,3.95671,1,0,26,19,16,-3.92532,1,0,52,19,17,12.9777,1,0,27,20,15,4.77066,1,0,75,20,16,-3.20057,1,0,53,20,17,1.2671,1,0,87,0,15,8.83358,1,0,56,1,15,-3.44013,1,0,57,2,15,1.17581,1,0,88,3,15,0.402218,1,0,92,3,17,3.27987,1,0,76,4,15,0.578651,1,0,58,5,15,-3.91179,1,0,77,5,17,-2.6789,1,0,80,8,15,1.62876,1,0,93,8,17,-6.89791,1,0,37,9,15,5.35593,1,0,89,9,16,7.99412,1,0,94,9,17,4.41573,1,0,95,10,15,-16.3026,1,0,63,10,17,-3.85114,1,0,38,11,16,1.53497,1,0,39,11,17,5.82215,1,0,40,12,17,-5.72501,1,0,
